
C:/Users/Andrew/Desktop/modular-control-surface/modules/main_module/build/main_module.elf:     file format elf32-littlearm

Sections:
Idx Name          Size      VMA       LMA       File off  Algn
  0 .boot2        00000100  10000000  10000000  00001000  2**0
                  CONTENTS, ALLOC, LOAD, READONLY, CODE
  1 .text         00006b1c  10000100  10000100  00001100  2**3
                  CONTENTS, ALLOC, LOAD, READONLY, CODE
  2 .rodata       0000069c  10006c20  10006c20  00007c20  2**3
                  CONTENTS, ALLOC, LOAD, READONLY, DATA
  3 .binary_info  00000024  100072bc  100072bc  000082bc  2**2
                  CONTENTS, ALLOC, LOAD, READONLY, DATA
  4 .ram_vector_table 000000c0  20000000  20000000  0000b000  2**2
                  ALLOC
  5 .uninitialized_data 00000000  200000c0  200000c0  0000a0b0  2**0
                  CONTENTS
  6 .data         00000ff0  200000c0  100072e0  000090c0  2**4
                  CONTENTS, ALLOC, LOAD, READONLY, CODE
  7 .tdata        00000000  200010b0  200010b0  0000a0b0  2**0
                  CONTENTS, ALLOC, LOAD, DATA, THREAD_LOCAL
  8 .tbss         00000000  200010b0  200010b0  00000000  2**0
                  ALLOC, THREAD_LOCAL
  9 .bss          00000efc  200010b0  100082d0  0000a0b0  2**3
                  ALLOC
 10 .heap         00000800  20001fac  100082d0  0000afac  2**2
                  ALLOC, READONLY
 11 .scratch_x    00000000  20040000  20040000  0000a0b0  2**0
                  CONTENTS
 12 .scratch_y    00000000  20041000  20041000  0000a0b0  2**0
                  CONTENTS
 13 .stack_dummy  00000800  20041000  20041000  0000b000  2**5
                  ALLOC, READONLY
 14 .ARM.attributes 00000028  00000000  00000000  0000a0b0  2**0
                  CONTENTS, READONLY
 15 .comment      00000045  00000000  00000000  0000a0d8  2**0
                  CONTENTS, READONLY
 16 .debug_info   00030b8c  00000000  00000000  0000a11d  2**0
                  CONTENTS, READONLY, DEBUGGING, OCTETS
 17 .debug_abbrev 000088dd  00000000  00000000  0003aca9  2**0
                  CONTENTS, READONLY, DEBUGGING, OCTETS
 18 .debug_loclists 0001aaa6  00000000  00000000  00043586  2**0
                  CONTENTS, READONLY, DEBUGGING, OCTETS
 19 .debug_aranges 00001680  00000000  00000000  0005e030  2**3
                  CONTENTS, READONLY, DEBUGGING, OCTETS
 20 .debug_rnglists 000045b0  00000000  00000000  0005f6b0  2**0
                  CONTENTS, READONLY, DEBUGGING, OCTETS
 21 .debug_line   00023f96  00000000  00000000  00063c60  2**0
                  CONTENTS, READONLY, DEBUGGING, OCTETS
 22 .debug_str    000087bb  00000000  00000000  00087bf6  2**0
                  CONTENTS, READONLY, DEBUGGING, OCTETS
 23 .debug_frame  00002ef4  00000000  00000000  000903b4  2**2
                  CONTENTS, READONLY, DEBUGGING, OCTETS
 24 .debug_line_str 00000386  00000000  00000000  000932a8  2**0
                  CONTENTS, READONLY, DEBUGGING, OCTETS

C:/Users/Andrew/Desktop/modular-control-surface/modules/main_module/build/main_module.elf:     file format elf32-littlearm


Disassembly of section .boot2:

10000000 <__boot2_start__>:
10000000:	4b32b500 	.word	0x4b32b500
10000004:	60582021 	.word	0x60582021
10000008:	21026898 	.word	0x21026898
1000000c:	60984388 	.word	0x60984388
10000010:	611860d8 	.word	0x611860d8
10000014:	4b2e6158 	.word	0x4b2e6158
10000018:	60992100 	.word	0x60992100
1000001c:	61592102 	.word	0x61592102
10000020:	22f02101 	.word	0x22f02101
10000024:	492b5099 	.word	0x492b5099
10000028:	21016019 	.word	0x21016019
1000002c:	20356099 	.word	0x20356099
10000030:	f844f000 	.word	0xf844f000
10000034:	42902202 	.word	0x42902202
10000038:	2106d014 	.word	0x2106d014
1000003c:	f0006619 	.word	0xf0006619
10000040:	6e19f834 	.word	0x6e19f834
10000044:	66192101 	.word	0x66192101
10000048:	66182000 	.word	0x66182000
1000004c:	f000661a 	.word	0xf000661a
10000050:	6e19f82c 	.word	0x6e19f82c
10000054:	6e196e19 	.word	0x6e196e19
10000058:	f0002005 	.word	0xf0002005
1000005c:	2101f82f 	.word	0x2101f82f
10000060:	d1f94208 	.word	0xd1f94208
10000064:	60992100 	.word	0x60992100
10000068:	6019491b 	.word	0x6019491b
1000006c:	60592100 	.word	0x60592100
10000070:	481b491a 	.word	0x481b491a
10000074:	21016001 	.word	0x21016001
10000078:	21eb6099 	.word	0x21eb6099
1000007c:	21a06619 	.word	0x21a06619
10000080:	f0006619 	.word	0xf0006619
10000084:	2100f812 	.word	0x2100f812
10000088:	49166099 	.word	0x49166099
1000008c:	60014814 	.word	0x60014814
10000090:	60992101 	.word	0x60992101
10000094:	2800bc01 	.word	0x2800bc01
10000098:	4700d000 	.word	0x4700d000
1000009c:	49134812 	.word	0x49134812
100000a0:	c8036008 	.word	0xc8036008
100000a4:	8808f380 	.word	0x8808f380
100000a8:	b5034708 	.word	0xb5034708
100000ac:	20046a99 	.word	0x20046a99
100000b0:	d0fb4201 	.word	0xd0fb4201
100000b4:	42012001 	.word	0x42012001
100000b8:	bd03d1f8 	.word	0xbd03d1f8
100000bc:	6618b502 	.word	0x6618b502
100000c0:	f7ff6618 	.word	0xf7ff6618
100000c4:	6e18fff2 	.word	0x6e18fff2
100000c8:	bd026e18 	.word	0xbd026e18
100000cc:	40020000 	.word	0x40020000
100000d0:	18000000 	.word	0x18000000
100000d4:	00070000 	.word	0x00070000
100000d8:	005f0300 	.word	0x005f0300
100000dc:	00002221 	.word	0x00002221
100000e0:	180000f4 	.word	0x180000f4
100000e4:	a0002022 	.word	0xa0002022
100000e8:	10000100 	.word	0x10000100
100000ec:	e000ed08 	.word	0xe000ed08
	...
100000fc:	7a4eb274 	.word	0x7a4eb274

Disassembly of section .text:

10000100 <__VECTOR_TABLE>:
10000100:	20042000 	.word	0x20042000
10000104:	100001f7 	.word	0x100001f7
10000108:	100001cb 	.word	0x100001cb
1000010c:	100001cd 	.word	0x100001cd
10000110:	100001c9 	.word	0x100001c9
10000114:	100001c9 	.word	0x100001c9
10000118:	100001c9 	.word	0x100001c9
1000011c:	100001c9 	.word	0x100001c9
10000120:	100001c9 	.word	0x100001c9
10000124:	100001c9 	.word	0x100001c9
10000128:	100001c9 	.word	0x100001c9
1000012c:	100001cf 	.word	0x100001cf
10000130:	100001c9 	.word	0x100001c9
10000134:	100001c9 	.word	0x100001c9
10000138:	100001d1 	.word	0x100001d1
1000013c:	100001d3 	.word	0x100001d3
10000140:	100001c1 	.word	0x100001c1
10000144:	100001c1 	.word	0x100001c1
10000148:	100001c1 	.word	0x100001c1
1000014c:	100001c1 	.word	0x100001c1
10000150:	100001c1 	.word	0x100001c1
10000154:	100001c1 	.word	0x100001c1
10000158:	100001c1 	.word	0x100001c1
1000015c:	100001c1 	.word	0x100001c1
10000160:	100001c1 	.word	0x100001c1
10000164:	100001c1 	.word	0x100001c1
10000168:	100001c1 	.word	0x100001c1
1000016c:	100001c1 	.word	0x100001c1
10000170:	100001c1 	.word	0x100001c1
10000174:	100001c1 	.word	0x100001c1
10000178:	100001c1 	.word	0x100001c1
1000017c:	100001c1 	.word	0x100001c1
10000180:	100001c1 	.word	0x100001c1
10000184:	100001c1 	.word	0x100001c1
10000188:	100001c1 	.word	0x100001c1
1000018c:	100001c1 	.word	0x100001c1
10000190:	100001c1 	.word	0x100001c1
10000194:	100001c1 	.word	0x100001c1
10000198:	100001c1 	.word	0x100001c1
1000019c:	100001c1 	.word	0x100001c1
100001a0:	100001c1 	.word	0x100001c1
100001a4:	100001c1 	.word	0x100001c1
100001a8:	100001c1 	.word	0x100001c1
100001ac:	100001c1 	.word	0x100001c1
100001b0:	100001c1 	.word	0x100001c1
100001b4:	100001c1 	.word	0x100001c1
100001b8:	100001c1 	.word	0x100001c1
100001bc:	100001c1 	.word	0x100001c1

100001c0 <__unhandled_user_irq>:
100001c0:	f3ef 8005 	mrs	r0, IPSR
100001c4:	3810      	subs	r0, #16

100001c6 <unhandled_user_irq_num_in_r0>:
100001c6:	be00      	bkpt	0x0000

100001c8 <isr_invalid>:
100001c8:	be00      	bkpt	0x0000

100001ca <isr_nmi>:
100001ca:	be00      	bkpt	0x0000

100001cc <isr_hardfault>:
100001cc:	be00      	bkpt	0x0000

100001ce <isr_svcall>:
100001ce:	be00      	bkpt	0x0000

100001d0 <isr_pendsv>:
100001d0:	be00      	bkpt	0x0000

100001d2 <isr_systick>:
100001d2:	be00      	bkpt	0x0000

100001d4 <__default_isrs_end>:
100001d4:	7188ebf2 	.word	0x7188ebf2
100001d8:	100072bc 	.word	0x100072bc
100001dc:	100072e0 	.word	0x100072e0
100001e0:	10000238 	.word	0x10000238
100001e4:	e71aa390 	.word	0xe71aa390

100001e8 <_entry_point>:
100001e8:	481e      	ldr	r0, [pc, #120]	@ (10000264 <data_cpy_table+0x2c>)

100001ea <_enter_vtable_in_r0>:
100001ea:	491f      	ldr	r1, [pc, #124]	@ (10000268 <data_cpy_table+0x30>)
100001ec:	6008      	str	r0, [r1, #0]
100001ee:	c806      	ldmia	r0!, {r1, r2}
100001f0:	f381 8808 	msr	MSP, r1
100001f4:	4710      	bx	r2

100001f6 <_reset_handler>:
100001f6:	481d      	ldr	r0, [pc, #116]	@ (1000026c <data_cpy_table+0x34>)
100001f8:	6800      	ldr	r0, [r0, #0]
100001fa:	2800      	cmp	r0, #0
100001fc:	d001      	beq.n	10000202 <hold_non_core0_in_bootrom+0x4>

100001fe <hold_non_core0_in_bootrom>:
100001fe:	4819      	ldr	r0, [pc, #100]	@ (10000264 <data_cpy_table+0x2c>)
10000200:	e7f3      	b.n	100001ea <_enter_vtable_in_r0>
10000202:	a40d      	add	r4, pc, #52	@ (adr r4, 10000238 <data_cpy_table>)
10000204:	cc0e      	ldmia	r4!, {r1, r2, r3}
10000206:	2900      	cmp	r1, #0
10000208:	d002      	beq.n	10000210 <hold_non_core0_in_bootrom+0x12>
1000020a:	f000 f812 	bl	10000232 <data_cpy>
1000020e:	e7f9      	b.n	10000204 <hold_non_core0_in_bootrom+0x6>
10000210:	4917      	ldr	r1, [pc, #92]	@ (10000270 <data_cpy_table+0x38>)
10000212:	4a18      	ldr	r2, [pc, #96]	@ (10000274 <data_cpy_table+0x3c>)
10000214:	2000      	movs	r0, #0
10000216:	e000      	b.n	1000021a <bss_fill_test>

10000218 <bss_fill_loop>:
10000218:	c101      	stmia	r1!, {r0}

1000021a <bss_fill_test>:
1000021a:	4291      	cmp	r1, r2
1000021c:	d1fc      	bne.n	10000218 <bss_fill_loop>

1000021e <platform_entry>:
1000021e:	4916      	ldr	r1, [pc, #88]	@ (10000278 <data_cpy_table+0x40>)
10000220:	4788      	blx	r1
10000222:	4916      	ldr	r1, [pc, #88]	@ (1000027c <data_cpy_table+0x44>)
10000224:	4788      	blx	r1
10000226:	4916      	ldr	r1, [pc, #88]	@ (10000280 <data_cpy_table+0x48>)
10000228:	4788      	blx	r1
1000022a:	be00      	bkpt	0x0000
1000022c:	e7fd      	b.n	1000022a <platform_entry+0xc>

1000022e <data_cpy_loop>:
1000022e:	c901      	ldmia	r1!, {r0}
10000230:	c201      	stmia	r2!, {r0}

10000232 <data_cpy>:
10000232:	429a      	cmp	r2, r3
10000234:	d3fb      	bcc.n	1000022e <data_cpy_loop>
10000236:	4770      	bx	lr

10000238 <data_cpy_table>:
10000238:	100072e0 	.word	0x100072e0
1000023c:	200000c0 	.word	0x200000c0
10000240:	200010b0 	.word	0x200010b0
10000244:	100082d0 	.word	0x100082d0
10000248:	20040000 	.word	0x20040000
1000024c:	20040000 	.word	0x20040000
10000250:	100082d0 	.word	0x100082d0
10000254:	20041000 	.word	0x20041000
10000258:	20041000 	.word	0x20041000
1000025c:	00000000 	.word	0x00000000
10000260:	4770      	bx	lr
10000262:	0000      	.short	0x0000
10000264:	00000000 	.word	0x00000000
10000268:	e000ed08 	.word	0xe000ed08
1000026c:	d0000000 	.word	0xd0000000
10000270:	200010b0 	.word	0x200010b0
10000274:	20001fac 	.word	0x20001fac
10000278:	10003ed5 	.word	0x10003ed5
1000027c:	10000319 	.word	0x10000319
10000280:	10003ecd 	.word	0x10003ecd

10000284 <_init>:
10000284:	b5f8      	push	{r3, r4, r5, r6, r7, lr}
10000286:	46c0      	nop			@ (mov r8, r8)

10000288 <register_tm_clones>:
10000288:	4806      	ldr	r0, [pc, #24]	@ (100002a4 <register_tm_clones+0x1c>)
1000028a:	4907      	ldr	r1, [pc, #28]	@ (100002a8 <register_tm_clones+0x20>)
1000028c:	1a09      	subs	r1, r1, r0
1000028e:	108b      	asrs	r3, r1, #2
10000290:	0fc9      	lsrs	r1, r1, #31
10000292:	18c9      	adds	r1, r1, r3
10000294:	b510      	push	{r4, lr}
10000296:	1049      	asrs	r1, r1, #1
10000298:	d003      	beq.n	100002a2 <register_tm_clones+0x1a>
1000029a:	4b04      	ldr	r3, [pc, #16]	@ (100002ac <register_tm_clones+0x24>)
1000029c:	2b00      	cmp	r3, #0
1000029e:	d000      	beq.n	100002a2 <register_tm_clones+0x1a>
100002a0:	4798      	blx	r3
100002a2:	bd10      	pop	{r4, pc}
100002a4:	200010b0 	.word	0x200010b0
100002a8:	200010b0 	.word	0x200010b0
100002ac:	00000000 	.word	0x00000000

100002b0 <frame_dummy>:
100002b0:	4b05      	ldr	r3, [pc, #20]	@ (100002c8 <frame_dummy+0x18>)
100002b2:	b510      	push	{r4, lr}
100002b4:	2b00      	cmp	r3, #0
100002b6:	d003      	beq.n	100002c0 <frame_dummy+0x10>
100002b8:	4904      	ldr	r1, [pc, #16]	@ (100002cc <frame_dummy+0x1c>)
100002ba:	4805      	ldr	r0, [pc, #20]	@ (100002d0 <frame_dummy+0x20>)
100002bc:	e000      	b.n	100002c0 <frame_dummy+0x10>
100002be:	bf00      	nop
100002c0:	f7ff ffe2 	bl	10000288 <register_tm_clones>
100002c4:	bd10      	pop	{r4, pc}
100002c6:	46c0      	nop			@ (mov r8, r8)
100002c8:	00000000 	.word	0x00000000
100002cc:	20001f48 	.word	0x20001f48
100002d0:	10006c1c 	.word	0x10006c1c

100002d4 <_Z17init_encoder_pinsv>:
100002d4:	b510      	push	{r4, lr}
100002d6:	2000      	movs	r0, #0
100002d8:	f000 f860 	bl	1000039c <gpio_init>
100002dc:	2001      	movs	r0, #1
100002de:	f000 f85d 	bl	1000039c <gpio_init>
100002e2:	2002      	movs	r0, #2
100002e4:	f000 f85a 	bl	1000039c <gpio_init>
100002e8:	23d0      	movs	r3, #208	@ 0xd0
100002ea:	2201      	movs	r2, #1
100002ec:	061b      	lsls	r3, r3, #24
100002ee:	629a      	str	r2, [r3, #40]	@ 0x28
100002f0:	3201      	adds	r2, #1
100002f2:	629a      	str	r2, [r3, #40]	@ 0x28
100002f4:	3202      	adds	r2, #2
100002f6:	629a      	str	r2, [r3, #40]	@ 0x28
100002f8:	2101      	movs	r1, #1
100002fa:	2200      	movs	r2, #0
100002fc:	2000      	movs	r0, #0
100002fe:	f000 f839 	bl	10000374 <gpio_set_pulls>
10000302:	2200      	movs	r2, #0
10000304:	2101      	movs	r1, #1
10000306:	2001      	movs	r0, #1
10000308:	f000 f834 	bl	10000374 <gpio_set_pulls>
1000030c:	2200      	movs	r2, #0
1000030e:	2101      	movs	r1, #1
10000310:	2002      	movs	r0, #2
10000312:	f000 f82f 	bl	10000374 <gpio_set_pulls>
10000316:	bd10      	pop	{r4, pc}

10000318 <main>:
10000318:	b570      	push	{r4, r5, r6, lr}
1000031a:	f003 ff19 	bl	10004150 <stdio_init_all>
1000031e:	20fa      	movs	r0, #250	@ 0xfa
10000320:	24d0      	movs	r4, #208	@ 0xd0
10000322:	2501      	movs	r5, #1
10000324:	00c0      	lsls	r0, r0, #3
10000326:	f000 fe43 	bl	10000fb0 <sleep_ms>
1000032a:	480e      	ldr	r0, [pc, #56]	@ (10000364 <main+0x4c>)
1000032c:	f003 ff5e 	bl	100041ec <__wrap_puts>
10000330:	f7ff ffd0 	bl	100002d4 <_Z17init_encoder_pinsv>
10000334:	480c      	ldr	r0, [pc, #48]	@ (10000368 <main+0x50>)
10000336:	f003 ff59 	bl	100041ec <__wrap_puts>
1000033a:	480c      	ldr	r0, [pc, #48]	@ (1000036c <main+0x54>)
1000033c:	f003 ff56 	bl	100041ec <__wrap_puts>
10000340:	4e0b      	ldr	r6, [pc, #44]	@ (10000370 <main+0x58>)
10000342:	0624      	lsls	r4, r4, #24
10000344:	6861      	ldr	r1, [r4, #4]
10000346:	6862      	ldr	r2, [r4, #4]
10000348:	6863      	ldr	r3, [r4, #4]
1000034a:	0792      	lsls	r2, r2, #30
1000034c:	075b      	lsls	r3, r3, #29
1000034e:	0030      	movs	r0, r6
10000350:	0fdb      	lsrs	r3, r3, #31
10000352:	0fd2      	lsrs	r2, r2, #31
10000354:	4029      	ands	r1, r5
10000356:	f003 ffcd 	bl	100042f4 <__wrap_printf>
1000035a:	2064      	movs	r0, #100	@ 0x64
1000035c:	f000 fe28 	bl	10000fb0 <sleep_ms>
10000360:	e7f0      	b.n	10000344 <main+0x2c>
10000362:	46c0      	nop			@ (mov r8, r8)
10000364:	10006c20 	.word	0x10006c20
10000368:	10006c40 	.word	0x10006c40
1000036c:	10006c5c 	.word	0x10006c5c
10000370:	10006c7c 	.word	0x10006c7c

10000374 <gpio_set_pulls>:
10000374:	4b07      	ldr	r3, [pc, #28]	@ (10000394 <gpio_set_pulls+0x20>)
10000376:	0080      	lsls	r0, r0, #2
10000378:	18c3      	adds	r3, r0, r3
1000037a:	681b      	ldr	r3, [r3, #0]
1000037c:	00c9      	lsls	r1, r1, #3
1000037e:	0092      	lsls	r2, r2, #2
10000380:	430a      	orrs	r2, r1
10000382:	405a      	eors	r2, r3
10000384:	230c      	movs	r3, #12
10000386:	4013      	ands	r3, r2
10000388:	4a03      	ldr	r2, [pc, #12]	@ (10000398 <gpio_set_pulls+0x24>)
1000038a:	4694      	mov	ip, r2
1000038c:	4460      	add	r0, ip
1000038e:	6003      	str	r3, [r0, #0]
10000390:	4770      	bx	lr
10000392:	46c0      	nop			@ (mov r8, r8)
10000394:	4001c004 	.word	0x4001c004
10000398:	4001d004 	.word	0x4001d004

1000039c <gpio_init>:
1000039c:	2301      	movs	r3, #1
1000039e:	22d0      	movs	r2, #208	@ 0xd0
100003a0:	4083      	lsls	r3, r0
100003a2:	0612      	lsls	r2, r2, #24
100003a4:	6293      	str	r3, [r2, #40]	@ 0x28
100003a6:	6193      	str	r3, [r2, #24]
100003a8:	4a09      	ldr	r2, [pc, #36]	@ (100003d0 <gpio_init+0x34>)
100003aa:	0083      	lsls	r3, r0, #2
100003ac:	189a      	adds	r2, r3, r2
100003ae:	6811      	ldr	r1, [r2, #0]
100003b0:	2240      	movs	r2, #64	@ 0x40
100003b2:	4051      	eors	r1, r2
100003b4:	3280      	adds	r2, #128	@ 0x80
100003b6:	400a      	ands	r2, r1
100003b8:	4906      	ldr	r1, [pc, #24]	@ (100003d4 <gpio_init+0x38>)
100003ba:	00c0      	lsls	r0, r0, #3
100003bc:	468c      	mov	ip, r1
100003be:	4463      	add	r3, ip
100003c0:	601a      	str	r2, [r3, #0]
100003c2:	4b05      	ldr	r3, [pc, #20]	@ (100003d8 <gpio_init+0x3c>)
100003c4:	469c      	mov	ip, r3
100003c6:	2305      	movs	r3, #5
100003c8:	4460      	add	r0, ip
100003ca:	6043      	str	r3, [r0, #4]
100003cc:	4770      	bx	lr
100003ce:	46c0      	nop			@ (mov r8, r8)
100003d0:	4001c004 	.word	0x4001c004
100003d4:	4001d004 	.word	0x4001d004
100003d8:	40014000 	.word	0x40014000

100003dc <rp2040_chip_version>:
100003dc:	2380      	movs	r3, #128	@ 0x80
100003de:	05db      	lsls	r3, r3, #23
100003e0:	6818      	ldr	r0, [r3, #0]
100003e2:	0f00      	lsrs	r0, r0, #28
100003e4:	4770      	bx	lr
100003e6:	46c0      	nop			@ (mov r8, r8)

100003e8 <panic>:
100003e8:	b40f      	push	{r0, r1, r2, r3}
100003ea:	b500      	push	{lr}
100003ec:	4808      	ldr	r0, [pc, #32]	@ (10000410 <panic+0x28>)
100003ee:	b083      	sub	sp, #12
100003f0:	f003 fefc 	bl	100041ec <__wrap_puts>
100003f4:	9b04      	ldr	r3, [sp, #16]
100003f6:	2b00      	cmp	r3, #0
100003f8:	d007      	beq.n	1000040a <panic+0x22>
100003fa:	a905      	add	r1, sp, #20
100003fc:	0018      	movs	r0, r3
100003fe:	9101      	str	r1, [sp, #4]
10000400:	f003 fd4a 	bl	10003e98 <weak_raw_vprintf>
10000404:	4803      	ldr	r0, [pc, #12]	@ (10000414 <panic+0x2c>)
10000406:	f003 fef1 	bl	100041ec <__wrap_puts>
1000040a:	2001      	movs	r0, #1
1000040c:	f003 fd5c 	bl	10003ec8 <_exit>
10000410:	10006c98 	.word	0x10006c98
10000414:	10006ca8 	.word	0x10006ca8

10000418 <hw_claim_or_assert>:
10000418:	b570      	push	{r4, r5, r6, lr}
1000041a:	f3ef 8c10 	mrs	ip, PRIMASK
1000041e:	b672      	cpsid	i
10000420:	4d0d      	ldr	r5, [pc, #52]	@ (10000458 <hw_claim_or_assert+0x40>)
10000422:	682b      	ldr	r3, [r5, #0]
10000424:	2b00      	cmp	r3, #0
10000426:	d0fc      	beq.n	10000422 <hw_claim_or_assert+0xa>
10000428:	f3bf 8f5f 	dmb	sy
1000042c:	2407      	movs	r4, #7
1000042e:	08cb      	lsrs	r3, r1, #3
10000430:	18c6      	adds	r6, r0, r3
10000432:	5cc0      	ldrb	r0, [r0, r3]
10000434:	2301      	movs	r3, #1
10000436:	400c      	ands	r4, r1
10000438:	40a3      	lsls	r3, r4
1000043a:	001c      	movs	r4, r3
1000043c:	4004      	ands	r4, r0
1000043e:	4203      	tst	r3, r0
10000440:	d107      	bne.n	10000452 <hw_claim_or_assert+0x3a>
10000442:	4318      	orrs	r0, r3
10000444:	7030      	strb	r0, [r6, #0]
10000446:	f3bf 8f5f 	dmb	sy
1000044a:	602c      	str	r4, [r5, #0]
1000044c:	f38c 8810 	msr	PRIMASK, ip
10000450:	bd70      	pop	{r4, r5, r6, pc}
10000452:	0010      	movs	r0, r2
10000454:	f7ff ffc8 	bl	100003e8 <panic>
10000458:	d000012c 	.word	0xd000012c

1000045c <hw_claim_unused_from_range>:
1000045c:	b5f8      	push	{r3, r4, r5, r6, r7, lr}
1000045e:	4647      	mov	r7, r8
10000460:	46ce      	mov	lr, r9
10000462:	4688      	mov	r8, r1
10000464:	b580      	push	{r7, lr}
10000466:	f3ef 8c10 	mrs	ip, PRIMASK
1000046a:	b672      	cpsid	i
1000046c:	4d1c      	ldr	r5, [pc, #112]	@ (100004e0 <hw_claim_unused_from_range+0x84>)
1000046e:	682c      	ldr	r4, [r5, #0]
10000470:	2c00      	cmp	r4, #0
10000472:	d0fc      	beq.n	1000046e <hw_claim_unused_from_range+0x12>
10000474:	f3bf 8f5f 	dmb	sy
10000478:	429a      	cmp	r2, r3
1000047a:	d822      	bhi.n	100004c2 <hw_claim_unused_from_range+0x66>
1000047c:	2107      	movs	r1, #7
1000047e:	2601      	movs	r6, #1
10000480:	4689      	mov	r9, r1
10000482:	e002      	b.n	1000048a <hw_claim_unused_from_range+0x2e>
10000484:	3201      	adds	r2, #1
10000486:	4293      	cmp	r3, r2
10000488:	d318      	bcc.n	100004bc <hw_claim_unused_from_range+0x60>
1000048a:	464d      	mov	r5, r9
1000048c:	0037      	movs	r7, r6
1000048e:	4015      	ands	r5, r2
10000490:	40af      	lsls	r7, r5
10000492:	08d4      	lsrs	r4, r2, #3
10000494:	1901      	adds	r1, r0, r4
10000496:	5d04      	ldrb	r4, [r0, r4]
10000498:	4227      	tst	r7, r4
1000049a:	d1f3      	bne.n	10000484 <hw_claim_unused_from_range+0x28>
1000049c:	0010      	movs	r0, r2
1000049e:	433c      	orrs	r4, r7
100004a0:	700c      	strb	r4, [r1, #0]
100004a2:	f3bf 8f5f 	dmb	sy
100004a6:	2200      	movs	r2, #0
100004a8:	4b0d      	ldr	r3, [pc, #52]	@ (100004e0 <hw_claim_unused_from_range+0x84>)
100004aa:	601a      	str	r2, [r3, #0]
100004ac:	f38c 8810 	msr	PRIMASK, ip
100004b0:	2800      	cmp	r0, #0
100004b2:	db0e      	blt.n	100004d2 <hw_claim_unused_from_range+0x76>
100004b4:	bcc0      	pop	{r6, r7}
100004b6:	46b9      	mov	r9, r7
100004b8:	46b0      	mov	r8, r6
100004ba:	bdf8      	pop	{r3, r4, r5, r6, r7, pc}
100004bc:	2001      	movs	r0, #1
100004be:	4240      	negs	r0, r0
100004c0:	e7ef      	b.n	100004a2 <hw_claim_unused_from_range+0x46>
100004c2:	f3bf 8f5f 	dmb	sy
100004c6:	2300      	movs	r3, #0
100004c8:	602b      	str	r3, [r5, #0]
100004ca:	f38c 8810 	msr	PRIMASK, ip
100004ce:	2001      	movs	r0, #1
100004d0:	4240      	negs	r0, r0
100004d2:	4643      	mov	r3, r8
100004d4:	2b00      	cmp	r3, #0
100004d6:	d0ed      	beq.n	100004b4 <hw_claim_unused_from_range+0x58>
100004d8:	9808      	ldr	r0, [sp, #32]
100004da:	f7ff ff85 	bl	100003e8 <panic>
100004de:	46c0      	nop			@ (mov r8, r8)
100004e0:	d000012c 	.word	0xd000012c

100004e4 <next_striped_spin_lock_num>:
100004e4:	4a04      	ldr	r2, [pc, #16]	@ (100004f8 <next_striped_spin_lock_num+0x14>)
100004e6:	7810      	ldrb	r0, [r2, #0]
100004e8:	1c43      	adds	r3, r0, #1
100004ea:	b2db      	uxtb	r3, r3
100004ec:	2b17      	cmp	r3, #23
100004ee:	d900      	bls.n	100004f2 <next_striped_spin_lock_num+0xe>
100004f0:	2310      	movs	r3, #16
100004f2:	7013      	strb	r3, [r2, #0]
100004f4:	4770      	bx	lr
100004f6:	46c0      	nop			@ (mov r8, r8)
100004f8:	20000fe0 	.word	0x20000fe0

100004fc <spin_lock_claim_unused>:
100004fc:	b510      	push	{r4, lr}
100004fe:	4b06      	ldr	r3, [pc, #24]	@ (10000518 <spin_lock_claim_unused+0x1c>)
10000500:	4c06      	ldr	r4, [pc, #24]	@ (1000051c <spin_lock_claim_unused+0x20>)
10000502:	b082      	sub	sp, #8
10000504:	0001      	movs	r1, r0
10000506:	9300      	str	r3, [sp, #0]
10000508:	2218      	movs	r2, #24
1000050a:	231f      	movs	r3, #31
1000050c:	0020      	movs	r0, r4
1000050e:	f7ff ffa5 	bl	1000045c <hw_claim_unused_from_range>
10000512:	b002      	add	sp, #8
10000514:	bd10      	pop	{r4, pc}
10000516:	46c0      	nop			@ (mov r8, r8)
10000518:	10006cac 	.word	0x10006cac
1000051c:	20001ad8 	.word	0x20001ad8

10000520 <spin_locks_reset>:
10000520:	2100      	movs	r1, #0
10000522:	4b04      	ldr	r3, [pc, #16]	@ (10000534 <spin_locks_reset+0x14>)
10000524:	4a04      	ldr	r2, [pc, #16]	@ (10000538 <spin_locks_reset+0x18>)
10000526:	f3bf 8f5f 	dmb	sy
1000052a:	c302      	stmia	r3!, {r1}
1000052c:	4293      	cmp	r3, r2
1000052e:	d1fa      	bne.n	10000526 <spin_locks_reset+0x6>
10000530:	4770      	bx	lr
10000532:	46c0      	nop			@ (mov r8, r8)
10000534:	d0000100 	.word	0xd0000100
10000538:	d0000180 	.word	0xd0000180

1000053c <runtime_init_per_core_irq_priorities>:
1000053c:	4b05      	ldr	r3, [pc, #20]	@ (10000554 <runtime_init_per_core_irq_priorities+0x18>)
1000053e:	4a06      	ldr	r2, [pc, #24]	@ (10000558 <runtime_init_per_core_irq_priorities+0x1c>)
10000540:	6013      	str	r3, [r2, #0]
10000542:	4a06      	ldr	r2, [pc, #24]	@ (1000055c <runtime_init_per_core_irq_priorities+0x20>)
10000544:	6013      	str	r3, [r2, #0]
10000546:	6053      	str	r3, [r2, #4]
10000548:	6093      	str	r3, [r2, #8]
1000054a:	60d3      	str	r3, [r2, #12]
1000054c:	6113      	str	r3, [r2, #16]
1000054e:	6153      	str	r3, [r2, #20]
10000550:	6193      	str	r3, [r2, #24]
10000552:	4770      	bx	lr
10000554:	80808080 	.word	0x80808080
10000558:	e000e400 	.word	0xe000e400
1000055c:	e000e404 	.word	0xe000e404

10000560 <irq_set_enabled>:
10000560:	231f      	movs	r3, #31
10000562:	4018      	ands	r0, r3
10000564:	3b1e      	subs	r3, #30
10000566:	4083      	lsls	r3, r0
10000568:	2900      	cmp	r1, #0
1000056a:	d005      	beq.n	10000578 <irq_set_enabled+0x18>
1000056c:	21c0      	movs	r1, #192	@ 0xc0
1000056e:	4a04      	ldr	r2, [pc, #16]	@ (10000580 <irq_set_enabled+0x20>)
10000570:	0049      	lsls	r1, r1, #1
10000572:	5053      	str	r3, [r2, r1]
10000574:	6013      	str	r3, [r2, #0]
10000576:	4770      	bx	lr
10000578:	2280      	movs	r2, #128	@ 0x80
1000057a:	4901      	ldr	r1, [pc, #4]	@ (10000580 <irq_set_enabled+0x20>)
1000057c:	508b      	str	r3, [r1, r2]
1000057e:	e7fa      	b.n	10000576 <irq_set_enabled+0x16>
10000580:	e000e100 	.word	0xe000e100

10000584 <irq_is_enabled>:
10000584:	2201      	movs	r2, #1
10000586:	4082      	lsls	r2, r0
10000588:	4b03      	ldr	r3, [pc, #12]	@ (10000598 <irq_is_enabled+0x14>)
1000058a:	681b      	ldr	r3, [r3, #0]
1000058c:	4013      	ands	r3, r2
1000058e:	1e5a      	subs	r2, r3, #1
10000590:	4193      	sbcs	r3, r2
10000592:	b2d8      	uxtb	r0, r3
10000594:	4770      	bx	lr
10000596:	46c0      	nop			@ (mov r8, r8)
10000598:	e000e100 	.word	0xe000e100

1000059c <irq_set_pending>:
1000059c:	2301      	movs	r3, #1
1000059e:	4083      	lsls	r3, r0
100005a0:	4a01      	ldr	r2, [pc, #4]	@ (100005a8 <irq_set_pending+0xc>)
100005a2:	6013      	str	r3, [r2, #0]
100005a4:	4770      	bx	lr
100005a6:	46c0      	nop			@ (mov r8, r8)
100005a8:	e000e200 	.word	0xe000e200

100005ac <irq_has_shared_handler>:
100005ac:	4b06      	ldr	r3, [pc, #24]	@ (100005c8 <irq_has_shared_handler+0x1c>)
100005ae:	3010      	adds	r0, #16
100005b0:	689b      	ldr	r3, [r3, #8]
100005b2:	0080      	lsls	r0, r0, #2
100005b4:	58c3      	ldr	r3, [r0, r3]
100005b6:	4a05      	ldr	r2, [pc, #20]	@ (100005cc <irq_has_shared_handler+0x20>)
100005b8:	2000      	movs	r0, #0
100005ba:	1a9b      	subs	r3, r3, r2
100005bc:	222f      	movs	r2, #47	@ 0x2f
100005be:	429a      	cmp	r2, r3
100005c0:	4140      	adcs	r0, r0
100005c2:	b2c0      	uxtb	r0, r0
100005c4:	4770      	bx	lr
100005c6:	46c0      	nop			@ (mov r8, r8)
100005c8:	e000ed00 	.word	0xe000ed00
100005cc:	20000fe4 	.word	0x20000fe4

100005d0 <irq_set_exclusive_handler>:
100005d0:	b570      	push	{r4, r5, r6, lr}
100005d2:	000d      	movs	r5, r1
100005d4:	f3ef 8610 	mrs	r6, PRIMASK
100005d8:	b672      	cpsid	i
100005da:	4a0f      	ldr	r2, [pc, #60]	@ (10000618 <irq_set_exclusive_handler+0x48>)
100005dc:	6813      	ldr	r3, [r2, #0]
100005de:	2b00      	cmp	r3, #0
100005e0:	d0fc      	beq.n	100005dc <irq_set_exclusive_handler+0xc>
100005e2:	f3bf 8f5f 	dmb	sy
100005e6:	4b0d      	ldr	r3, [pc, #52]	@ (1000061c <irq_set_exclusive_handler+0x4c>)
100005e8:	3010      	adds	r0, #16
100005ea:	689b      	ldr	r3, [r3, #8]
100005ec:	0084      	lsls	r4, r0, #2
100005ee:	591b      	ldr	r3, [r3, r4]
100005f0:	4a0b      	ldr	r2, [pc, #44]	@ (10000620 <irq_set_exclusive_handler+0x50>)
100005f2:	4293      	cmp	r3, r2
100005f4:	d003      	beq.n	100005fe <irq_set_exclusive_handler+0x2e>
100005f6:	429d      	cmp	r5, r3
100005f8:	d001      	beq.n	100005fe <irq_set_exclusive_handler+0x2e>
100005fa:	f000 ffff 	bl	100015fc <hard_assertion_failure>
100005fe:	4b07      	ldr	r3, [pc, #28]	@ (1000061c <irq_set_exclusive_handler+0x4c>)
10000600:	689b      	ldr	r3, [r3, #8]
10000602:	511d      	str	r5, [r3, r4]
10000604:	f3bf 8f5f 	dmb	sy
10000608:	f3bf 8f5f 	dmb	sy
1000060c:	2200      	movs	r2, #0
1000060e:	4b02      	ldr	r3, [pc, #8]	@ (10000618 <irq_set_exclusive_handler+0x48>)
10000610:	601a      	str	r2, [r3, #0]
10000612:	f386 8810 	msr	PRIMASK, r6
10000616:	bd70      	pop	{r4, r5, r6, pc}
10000618:	d0000124 	.word	0xd0000124
1000061c:	e000ed00 	.word	0xe000ed00
10000620:	100001c1 	.word	0x100001c1

10000624 <irq_add_shared_handler>:
10000624:	b5f0      	push	{r4, r5, r6, r7, lr}
10000626:	4657      	mov	r7, sl
10000628:	464e      	mov	r6, r9
1000062a:	46de      	mov	lr, fp
1000062c:	4645      	mov	r5, r8
1000062e:	b5e0      	push	{r5, r6, r7, lr}
10000630:	b085      	sub	sp, #20
10000632:	0006      	movs	r6, r0
10000634:	9100      	str	r1, [sp, #0]
10000636:	0017      	movs	r7, r2
10000638:	f3ef 8b10 	mrs	fp, PRIMASK
1000063c:	b672      	cpsid	i
1000063e:	4a6a      	ldr	r2, [pc, #424]	@ (100007e8 <irq_add_shared_handler+0x1c4>)
10000640:	6813      	ldr	r3, [r2, #0]
10000642:	2b00      	cmp	r3, #0
10000644:	d0fc      	beq.n	10000640 <irq_add_shared_handler+0x1c>
10000646:	f3bf 8f5f 	dmb	sy
1000064a:	2500      	movs	r5, #0
1000064c:	4b67      	ldr	r3, [pc, #412]	@ (100007ec <irq_add_shared_handler+0x1c8>)
1000064e:	575d      	ldrsb	r5, [r3, r5]
10000650:	469a      	mov	sl, r3
10000652:	2d00      	cmp	r5, #0
10000654:	da00      	bge.n	10000658 <irq_add_shared_handler+0x34>
10000656:	e0a9      	b.n	100007ac <irq_add_shared_handler+0x188>
10000658:	006b      	lsls	r3, r5, #1
1000065a:	4c65      	ldr	r4, [pc, #404]	@ (100007f0 <irq_add_shared_handler+0x1cc>)
1000065c:	9301      	str	r3, [sp, #4]
1000065e:	195b      	adds	r3, r3, r5
10000660:	009b      	lsls	r3, r3, #2
10000662:	4698      	mov	r8, r3
10000664:	46a1      	mov	r9, r4
10000666:	44c1      	add	r9, r8
10000668:	464b      	mov	r3, r9
1000066a:	4652      	mov	r2, sl
1000066c:	799b      	ldrb	r3, [r3, #6]
1000066e:	3610      	adds	r6, #16
10000670:	7013      	strb	r3, [r2, #0]
10000672:	4b60      	ldr	r3, [pc, #384]	@ (100007f4 <irq_add_shared_handler+0x1d0>)
10000674:	00b6      	lsls	r6, r6, #2
10000676:	689b      	ldr	r3, [r3, #8]
10000678:	5999      	ldr	r1, [r3, r6]
1000067a:	1b0b      	subs	r3, r1, r4
1000067c:	2b2f      	cmp	r3, #47	@ 0x2f
1000067e:	d933      	bls.n	100006e8 <irq_add_shared_handler+0xc4>
10000680:	4b5d      	ldr	r3, [pc, #372]	@ (100007f8 <irq_add_shared_handler+0x1d4>)
10000682:	4299      	cmp	r1, r3
10000684:	d000      	beq.n	10000688 <irq_add_shared_handler+0x64>
10000686:	e0ac      	b.n	100007e2 <irq_add_shared_handler+0x1be>
10000688:	9b01      	ldr	r3, [sp, #4]
1000068a:	4642      	mov	r2, r8
1000068c:	469c      	mov	ip, r3
1000068e:	4b5b      	ldr	r3, [pc, #364]	@ (100007fc <irq_add_shared_handler+0x1d8>)
10000690:	4465      	add	r5, ip
10000692:	00ad      	lsls	r5, r5, #2
10000694:	5363      	strh	r3, [r4, r5]
10000696:	4b5a      	ldr	r3, [pc, #360]	@ (10000800 <irq_add_shared_handler+0x1dc>)
10000698:	3202      	adds	r2, #2
1000069a:	18a2      	adds	r2, r4, r2
1000069c:	3b04      	subs	r3, #4
1000069e:	1a9b      	subs	r3, r3, r2
100006a0:	051b      	lsls	r3, r3, #20
100006a2:	4a58      	ldr	r2, [pc, #352]	@ (10000804 <irq_add_shared_handler+0x1e0>)
100006a4:	0d5b      	lsrs	r3, r3, #21
100006a6:	1965      	adds	r5, r4, r5
100006a8:	4313      	orrs	r3, r2
100006aa:	806b      	strh	r3, [r5, #2]
100006ac:	4b56      	ldr	r3, [pc, #344]	@ (10000808 <irq_add_shared_handler+0x1e4>)
100006ae:	2101      	movs	r1, #1
100006b0:	80ab      	strh	r3, [r5, #4]
100006b2:	23ff      	movs	r3, #255	@ 0xff
100006b4:	71ab      	strb	r3, [r5, #6]
100006b6:	9b00      	ldr	r3, [sp, #0]
100006b8:	71ef      	strb	r7, [r5, #7]
100006ba:	60ab      	str	r3, [r5, #8]
100006bc:	464b      	mov	r3, r9
100006be:	430b      	orrs	r3, r1
100006c0:	0019      	movs	r1, r3
100006c2:	4b4c      	ldr	r3, [pc, #304]	@ (100007f4 <irq_add_shared_handler+0x1d0>)
100006c4:	689b      	ldr	r3, [r3, #8]
100006c6:	5199      	str	r1, [r3, r6]
100006c8:	f3bf 8f5f 	dmb	sy
100006cc:	f3bf 8f5f 	dmb	sy
100006d0:	2200      	movs	r2, #0
100006d2:	4b45      	ldr	r3, [pc, #276]	@ (100007e8 <irq_add_shared_handler+0x1c4>)
100006d4:	601a      	str	r2, [r3, #0]
100006d6:	f38b 8810 	msr	PRIMASK, fp
100006da:	b005      	add	sp, #20
100006dc:	bcf0      	pop	{r4, r5, r6, r7}
100006de:	46bb      	mov	fp, r7
100006e0:	46b2      	mov	sl, r6
100006e2:	46a9      	mov	r9, r5
100006e4:	46a0      	mov	r8, r4
100006e6:	bdf0      	pop	{r4, r5, r6, r7, pc}
100006e8:	2001      	movs	r0, #1
100006ea:	000a      	movs	r2, r1
100006ec:	4382      	bics	r2, r0
100006ee:	79d3      	ldrb	r3, [r2, #7]
100006f0:	468c      	mov	ip, r1
100006f2:	42bb      	cmp	r3, r7
100006f4:	d831      	bhi.n	1000075a <irq_add_shared_handler+0x136>
100006f6:	4645      	mov	r5, r8
100006f8:	0013      	movs	r3, r2
100006fa:	4944      	ldr	r1, [pc, #272]	@ (1000080c <irq_add_shared_handler+0x1e8>)
100006fc:	1b1b      	subs	r3, r3, r4
100006fe:	415b      	adcs	r3, r3
10000700:	4359      	muls	r1, r3
10000702:	0d09      	lsrs	r1, r1, #20
10000704:	4b3d      	ldr	r3, [pc, #244]	@ (100007fc <irq_add_shared_handler+0x1d8>)
10000706:	5363      	strh	r3, [r4, r5]
10000708:	4b3d      	ldr	r3, [pc, #244]	@ (10000800 <irq_add_shared_handler+0x1dc>)
1000070a:	3502      	adds	r5, #2
1000070c:	1965      	adds	r5, r4, r5
1000070e:	3b04      	subs	r3, #4
10000710:	1b5b      	subs	r3, r3, r5
10000712:	051b      	lsls	r3, r3, #20
10000714:	4d3b      	ldr	r5, [pc, #236]	@ (10000804 <irq_add_shared_handler+0x1e0>)
10000716:	0d5b      	lsrs	r3, r3, #21
10000718:	432b      	orrs	r3, r5
1000071a:	46aa      	mov	sl, r5
1000071c:	464d      	mov	r5, r9
1000071e:	806b      	strh	r3, [r5, #2]
10000720:	2504      	movs	r5, #4
10000722:	46ac      	mov	ip, r5
10000724:	4655      	mov	r5, sl
10000726:	44e0      	add	r8, ip
10000728:	1f13      	subs	r3, r2, #4
1000072a:	4444      	add	r4, r8
1000072c:	1b1b      	subs	r3, r3, r4
1000072e:	051b      	lsls	r3, r3, #20
10000730:	0d5b      	lsrs	r3, r3, #21
10000732:	431d      	orrs	r5, r3
10000734:	464b      	mov	r3, r9
10000736:	7199      	strb	r1, [r3, #6]
10000738:	9900      	ldr	r1, [sp, #0]
1000073a:	809d      	strh	r5, [r3, #4]
1000073c:	6099      	str	r1, [r3, #8]
1000073e:	4649      	mov	r1, r9
10000740:	71df      	strb	r7, [r3, #7]
10000742:	4b33      	ldr	r3, [pc, #204]	@ (10000810 <irq_add_shared_handler+0x1ec>)
10000744:	4301      	orrs	r1, r0
10000746:	6013      	str	r3, [r2, #0]
10000748:	e7bb      	b.n	100006c2 <irq_add_shared_handler+0x9e>
1000074a:	0058      	lsls	r0, r3, #1
1000074c:	18c0      	adds	r0, r0, r3
1000074e:	0080      	lsls	r0, r0, #2
10000750:	1820      	adds	r0, r4, r0
10000752:	79c1      	ldrb	r1, [r0, #7]
10000754:	42b9      	cmp	r1, r7
10000756:	d92f      	bls.n	100007b8 <irq_add_shared_handler+0x194>
10000758:	0002      	movs	r2, r0
1000075a:	2306      	movs	r3, #6
1000075c:	56d3      	ldrsb	r3, [r2, r3]
1000075e:	2b00      	cmp	r3, #0
10000760:	daf3      	bge.n	1000074a <irq_add_shared_handler+0x126>
10000762:	9302      	str	r3, [sp, #8]
10000764:	4b2b      	ldr	r3, [pc, #172]	@ (10000814 <irq_add_shared_handler+0x1f0>)
10000766:	4661      	mov	r1, ip
10000768:	9303      	str	r3, [sp, #12]
1000076a:	1d13      	adds	r3, r2, #4
1000076c:	469a      	mov	sl, r3
1000076e:	2304      	movs	r3, #4
10000770:	425b      	negs	r3, r3
10000772:	469c      	mov	ip, r3
10000774:	44e1      	add	r9, ip
10000776:	4650      	mov	r0, sl
10000778:	464b      	mov	r3, r9
1000077a:	1a1b      	subs	r3, r3, r0
1000077c:	051b      	lsls	r3, r3, #20
1000077e:	0d5b      	lsrs	r3, r3, #21
10000780:	469c      	mov	ip, r3
10000782:	4b20      	ldr	r3, [pc, #128]	@ (10000804 <irq_add_shared_handler+0x1e0>)
10000784:	7195      	strb	r5, [r2, #6]
10000786:	4698      	mov	r8, r3
10000788:	4663      	mov	r3, ip
1000078a:	4640      	mov	r0, r8
1000078c:	4303      	orrs	r3, r0
1000078e:	8093      	strh	r3, [r2, #4]
10000790:	9b01      	ldr	r3, [sp, #4]
10000792:	195a      	adds	r2, r3, r5
10000794:	0092      	lsls	r2, r2, #2
10000796:	9b03      	ldr	r3, [sp, #12]
10000798:	18a4      	adds	r4, r4, r2
1000079a:	80a3      	strh	r3, [r4, #4]
1000079c:	9b02      	ldr	r3, [sp, #8]
1000079e:	4a1c      	ldr	r2, [pc, #112]	@ (10000810 <irq_add_shared_handler+0x1ec>)
100007a0:	71a3      	strb	r3, [r4, #6]
100007a2:	9b00      	ldr	r3, [sp, #0]
100007a4:	6022      	str	r2, [r4, #0]
100007a6:	71e7      	strb	r7, [r4, #7]
100007a8:	60a3      	str	r3, [r4, #8]
100007aa:	e78a      	b.n	100006c2 <irq_add_shared_handler+0x9e>
100007ac:	f000 ff26 	bl	100015fc <hard_assertion_failure>
100007b0:	2500      	movs	r5, #0
100007b2:	4653      	mov	r3, sl
100007b4:	575d      	ldrsb	r5, [r3, r5]
100007b6:	e74f      	b.n	10000658 <irq_add_shared_handler+0x34>
100007b8:	8890      	ldrh	r0, [r2, #4]
100007ba:	9302      	str	r3, [sp, #8]
100007bc:	0540      	lsls	r0, r0, #21
100007be:	1d13      	adds	r3, r2, #4
100007c0:	469a      	mov	sl, r3
100007c2:	1503      	asrs	r3, r0, #20
100007c4:	4661      	mov	r1, ip
100007c6:	469c      	mov	ip, r3
100007c8:	4640      	mov	r0, r8
100007ca:	44d4      	add	ip, sl
100007cc:	4663      	mov	r3, ip
100007ce:	3004      	adds	r0, #4
100007d0:	1820      	adds	r0, r4, r0
100007d2:	1a18      	subs	r0, r3, r0
100007d4:	23e0      	movs	r3, #224	@ 0xe0
100007d6:	0500      	lsls	r0, r0, #20
100007d8:	0d40      	lsrs	r0, r0, #21
100007da:	021b      	lsls	r3, r3, #8
100007dc:	4318      	orrs	r0, r3
100007de:	9003      	str	r0, [sp, #12]
100007e0:	e7c5      	b.n	1000076e <irq_add_shared_handler+0x14a>
100007e2:	f000 ff0b 	bl	100015fc <hard_assertion_failure>
100007e6:	e74f      	b.n	10000688 <irq_add_shared_handler+0x64>
100007e8:	d0000124 	.word	0xd0000124
100007ec:	20001fa5 	.word	0x20001fa5
100007f0:	20000fe4 	.word	0x20000fe4
100007f4:	e000ed00 	.word	0xe000ed00
100007f8:	100001c1 	.word	0x100001c1
100007fc:	ffffa100 	.word	0xffffa100
10000800:	20001014 	.word	0x20001014
10000804:	ffffe000 	.word	0xffffe000
10000808:	ffffbd01 	.word	0xffffbd01
1000080c:	0000aaaa 	.word	0x0000aaaa
10000810:	47804801 	.word	0x47804801
10000814:	0000bd01 	.word	0x0000bd01

10000818 <irq_add_tail_to_free_list>:
10000818:	b570      	push	{r4, r5, r6, lr}
1000081a:	2401      	movs	r4, #1
1000081c:	4304      	orrs	r4, r0
1000081e:	f3ef 8105 	mrs	r1, IPSR
10000822:	f3ef 8c10 	mrs	ip, PRIMASK
10000826:	b672      	cpsid	i
10000828:	4a21      	ldr	r2, [pc, #132]	@ (100008b0 <irq_add_tail_to_free_list+0x98>)
1000082a:	6813      	ldr	r3, [r2, #0]
1000082c:	2b00      	cmp	r3, #0
1000082e:	d0fc      	beq.n	1000082a <irq_add_tail_to_free_list+0x12>
10000830:	f3bf 8f5f 	dmb	sy
10000834:	4b1f      	ldr	r3, [pc, #124]	@ (100008b4 <irq_add_tail_to_free_list+0x9c>)
10000836:	0005      	movs	r5, r0
10000838:	4a1f      	ldr	r2, [pc, #124]	@ (100008b8 <irq_add_tail_to_free_list+0xa0>)
1000083a:	1aed      	subs	r5, r5, r3
1000083c:	416d      	adcs	r5, r5
1000083e:	436a      	muls	r2, r5
10000840:	0d12      	lsrs	r2, r2, #20
10000842:	4d1e      	ldr	r5, [pc, #120]	@ (100008bc <irq_add_tail_to_free_list+0xa4>)
10000844:	0089      	lsls	r1, r1, #2
10000846:	68ae      	ldr	r6, [r5, #8]
10000848:	b252      	sxtb	r2, r2
1000084a:	5876      	ldr	r6, [r6, r1]
1000084c:	42a6      	cmp	r6, r4
1000084e:	d01c      	beq.n	1000088a <irq_add_tail_to_free_list+0x72>
10000850:	2106      	movs	r1, #6
10000852:	5659      	ldrsb	r1, [r3, r1]
10000854:	4291      	cmp	r1, r2
10000856:	d01c      	beq.n	10000892 <irq_add_tail_to_free_list+0x7a>
10000858:	2112      	movs	r1, #18
1000085a:	5659      	ldrsb	r1, [r3, r1]
1000085c:	4291      	cmp	r1, r2
1000085e:	d022      	beq.n	100008a6 <irq_add_tail_to_free_list+0x8e>
10000860:	211e      	movs	r1, #30
10000862:	5659      	ldrsb	r1, [r3, r1]
10000864:	4291      	cmp	r1, r2
10000866:	d020      	beq.n	100008aa <irq_add_tail_to_free_list+0x92>
10000868:	212a      	movs	r1, #42	@ 0x2a
1000086a:	5659      	ldrsb	r1, [r3, r1]
1000086c:	2403      	movs	r4, #3
1000086e:	4291      	cmp	r1, r2
10000870:	d010      	beq.n	10000894 <irq_add_tail_to_free_list+0x7c>
10000872:	4b13      	ldr	r3, [pc, #76]	@ (100008c0 <irq_add_tail_to_free_list+0xa8>)
10000874:	7819      	ldrb	r1, [r3, #0]
10000876:	701a      	strb	r2, [r3, #0]
10000878:	7181      	strb	r1, [r0, #6]
1000087a:	f3bf 8f5f 	dmb	sy
1000087e:	2200      	movs	r2, #0
10000880:	4b0b      	ldr	r3, [pc, #44]	@ (100008b0 <irq_add_tail_to_free_list+0x98>)
10000882:	601a      	str	r2, [r3, #0]
10000884:	f38c 8810 	msr	PRIMASK, ip
10000888:	bd70      	pop	{r4, r5, r6, pc}
1000088a:	68ab      	ldr	r3, [r5, #8]
1000088c:	4c0d      	ldr	r4, [pc, #52]	@ (100008c4 <irq_add_tail_to_free_list+0xac>)
1000088e:	505c      	str	r4, [r3, r1]
10000890:	e7ef      	b.n	10000872 <irq_add_tail_to_free_list+0x5a>
10000892:	2400      	movs	r4, #0
10000894:	0061      	lsls	r1, r4, #1
10000896:	1909      	adds	r1, r1, r4
10000898:	0089      	lsls	r1, r1, #2
1000089a:	185b      	adds	r3, r3, r1
1000089c:	21ff      	movs	r1, #255	@ 0xff
1000089e:	7199      	strb	r1, [r3, #6]
100008a0:	4909      	ldr	r1, [pc, #36]	@ (100008c8 <irq_add_tail_to_free_list+0xb0>)
100008a2:	8099      	strh	r1, [r3, #4]
100008a4:	e7e5      	b.n	10000872 <irq_add_tail_to_free_list+0x5a>
100008a6:	2401      	movs	r4, #1
100008a8:	e7f4      	b.n	10000894 <irq_add_tail_to_free_list+0x7c>
100008aa:	2402      	movs	r4, #2
100008ac:	e7f2      	b.n	10000894 <irq_add_tail_to_free_list+0x7c>
100008ae:	46c0      	nop			@ (mov r8, r8)
100008b0:	d0000124 	.word	0xd0000124
100008b4:	20000fe4 	.word	0x20000fe4
100008b8:	0000aaaa 	.word	0x0000aaaa
100008bc:	e000ed00 	.word	0xe000ed00
100008c0:	20001fa5 	.word	0x20001fa5
100008c4:	100001c1 	.word	0x100001c1
100008c8:	ffffbd01 	.word	0xffffbd01

100008cc <user_irq_claim_unused>:
100008cc:	b510      	push	{r4, lr}
100008ce:	4b08      	ldr	r3, [pc, #32]	@ (100008f0 <user_irq_claim_unused+0x24>)
100008d0:	4c08      	ldr	r4, [pc, #32]	@ (100008f4 <user_irq_claim_unused+0x28>)
100008d2:	b082      	sub	sp, #8
100008d4:	0001      	movs	r1, r0
100008d6:	9300      	str	r3, [sp, #0]
100008d8:	2200      	movs	r2, #0
100008da:	2305      	movs	r3, #5
100008dc:	0020      	movs	r0, r4
100008de:	f7ff fdbd 	bl	1000045c <hw_claim_unused_from_range>
100008e2:	2800      	cmp	r0, #0
100008e4:	db01      	blt.n	100008ea <user_irq_claim_unused+0x1e>
100008e6:	231f      	movs	r3, #31
100008e8:	1a18      	subs	r0, r3, r0
100008ea:	b002      	add	sp, #8
100008ec:	bd10      	pop	{r4, pc}
100008ee:	46c0      	nop			@ (mov r8, r8)
100008f0:	10006cc8 	.word	0x10006cc8
100008f4:	20001fa9 	.word	0x20001fa9

100008f8 <lock_init>:
100008f8:	4b02      	ldr	r3, [pc, #8]	@ (10000904 <lock_init+0xc>)
100008fa:	469c      	mov	ip, r3
100008fc:	4461      	add	r1, ip
100008fe:	0089      	lsls	r1, r1, #2
10000900:	6001      	str	r1, [r0, #0]
10000902:	4770      	bx	lr
10000904:	34000040 	.word	0x34000040

10000908 <runtime_init_mutex>:
10000908:	b570      	push	{r4, r5, r6, lr}
1000090a:	4c11      	ldr	r4, [pc, #68]	@ (10000950 <runtime_init_mutex+0x48>)
1000090c:	4d11      	ldr	r5, [pc, #68]	@ (10000954 <runtime_init_mutex+0x4c>)
1000090e:	42ac      	cmp	r4, r5
10000910:	d20f      	bcs.n	10000932 <runtime_init_mutex+0x2a>
10000912:	26ff      	movs	r6, #255	@ 0xff
10000914:	6823      	ldr	r3, [r4, #0]
10000916:	2b00      	cmp	r3, #0
10000918:	d00c      	beq.n	10000934 <runtime_init_mutex+0x2c>
1000091a:	f7ff fde3 	bl	100004e4 <next_striped_spin_lock_num>
1000091e:	0001      	movs	r1, r0
10000920:	0020      	movs	r0, r4
10000922:	f7ff ffe9 	bl	100008f8 <lock_init>
10000926:	80a6      	strh	r6, [r4, #4]
10000928:	f3bf 8f5f 	dmb	sy
1000092c:	3408      	adds	r4, #8
1000092e:	42ac      	cmp	r4, r5
10000930:	d3f0      	bcc.n	10000914 <runtime_init_mutex+0xc>
10000932:	bd70      	pop	{r4, r5, r6, pc}
10000934:	f7ff fdd6 	bl	100004e4 <next_striped_spin_lock_num>
10000938:	0001      	movs	r1, r0
1000093a:	0020      	movs	r0, r4
1000093c:	f7ff ffdc 	bl	100008f8 <lock_init>
10000940:	7126      	strb	r6, [r4, #4]
10000942:	f3bf 8f5f 	dmb	sy
10000946:	3408      	adds	r4, #8
10000948:	42ac      	cmp	r4, r5
1000094a:	d3e3      	bcc.n	10000914 <runtime_init_mutex+0xc>
1000094c:	e7f1      	b.n	10000932 <runtime_init_mutex+0x2a>
1000094e:	46c0      	nop			@ (mov r8, r8)
10000950:	200010a8 	.word	0x200010a8
10000954:	200010b0 	.word	0x200010b0

10000958 <mutex_init>:
10000958:	b510      	push	{r4, lr}
1000095a:	0004      	movs	r4, r0
1000095c:	f7ff fdc2 	bl	100004e4 <next_striped_spin_lock_num>
10000960:	0001      	movs	r1, r0
10000962:	0020      	movs	r0, r4
10000964:	f7ff ffc8 	bl	100008f8 <lock_init>
10000968:	23ff      	movs	r3, #255	@ 0xff
1000096a:	7123      	strb	r3, [r4, #4]
1000096c:	f3bf 8f5f 	dmb	sy
10000970:	bd10      	pop	{r4, pc}
10000972:	46c0      	nop			@ (mov r8, r8)

10000974 <critical_section_init>:
10000974:	b510      	push	{r4, lr}
10000976:	0004      	movs	r4, r0
10000978:	2001      	movs	r0, #1
1000097a:	f7ff fdbf 	bl	100004fc <spin_lock_claim_unused>
1000097e:	4b03      	ldr	r3, [pc, #12]	@ (1000098c <critical_section_init+0x18>)
10000980:	18c3      	adds	r3, r0, r3
10000982:	009b      	lsls	r3, r3, #2
10000984:	6023      	str	r3, [r4, #0]
10000986:	f3bf 8f5f 	dmb	sy
1000098a:	bd10      	pop	{r4, pc}
1000098c:	34000040 	.word	0x34000040

10000990 <critical_section_init_with_lock_num>:
10000990:	4b03      	ldr	r3, [pc, #12]	@ (100009a0 <critical_section_init_with_lock_num+0x10>)
10000992:	469c      	mov	ip, r3
10000994:	4461      	add	r1, ip
10000996:	0089      	lsls	r1, r1, #2
10000998:	6001      	str	r1, [r0, #0]
1000099a:	f3bf 8f5f 	dmb	sy
1000099e:	4770      	bx	lr
100009a0:	34000040 	.word	0x34000040

100009a4 <sleep_until_callback>:
100009a4:	4b0a      	ldr	r3, [pc, #40]	@ (100009d0 <sleep_until_callback+0x2c>)
100009a6:	6819      	ldr	r1, [r3, #0]
100009a8:	f3ef 8010 	mrs	r0, PRIMASK
100009ac:	b672      	cpsid	i
100009ae:	680a      	ldr	r2, [r1, #0]
100009b0:	2a00      	cmp	r2, #0
100009b2:	d0fc      	beq.n	100009ae <sleep_until_callback+0xa>
100009b4:	f3bf 8f5f 	dmb	sy
100009b8:	681b      	ldr	r3, [r3, #0]
100009ba:	f3bf 8f5f 	dmb	sy
100009be:	2200      	movs	r2, #0
100009c0:	601a      	str	r2, [r3, #0]
100009c2:	f380 8810 	msr	PRIMASK, r0
100009c6:	bf40      	sev
100009c8:	2000      	movs	r0, #0
100009ca:	2100      	movs	r1, #0
100009cc:	4770      	bx	lr
100009ce:	46c0      	nop			@ (mov r8, r8)
100009d0:	20001f84 	.word	0x20001f84

100009d4 <alarm_pool_irq_handler>:
100009d4:	b5f0      	push	{r4, r5, r6, r7, lr}
100009d6:	46de      	mov	lr, fp
100009d8:	4657      	mov	r7, sl
100009da:	464e      	mov	r6, r9
100009dc:	4645      	mov	r5, r8
100009de:	b5e0      	push	{r5, r6, r7, lr}
100009e0:	b087      	sub	sp, #28
100009e2:	f3ef 8305 	mrs	r3, IPSR
100009e6:	2203      	movs	r2, #3
100009e8:	2501      	movs	r5, #1
100009ea:	401a      	ands	r2, r3
100009ec:	4095      	lsls	r5, r2
100009ee:	0091      	lsls	r1, r2, #2
100009f0:	4688      	mov	r8, r1
100009f2:	46a9      	mov	r9, r5
100009f4:	4bb3      	ldr	r3, [pc, #716]	@ (10000cc4 <alarm_pool_irq_handler+0x2f0>)
100009f6:	9203      	str	r2, [sp, #12]
100009f8:	585c      	ldr	r4, [r3, r1]
100009fa:	4bb3      	ldr	r3, [pc, #716]	@ (10000cc8 <alarm_pool_irq_handler+0x2f4>)
100009fc:	601d      	str	r5, [r3, #0]
100009fe:	4bb3      	ldr	r3, [pc, #716]	@ (10000ccc <alarm_pool_irq_handler+0x2f8>)
10000a00:	9304      	str	r3, [sp, #16]
10000a02:	464b      	mov	r3, r9
10000a04:	48b2      	ldr	r0, [pc, #712]	@ (10000cd0 <alarm_pool_irq_handler+0x2fc>)
10000a06:	6343      	str	r3, [r0, #52]	@ 0x34
10000a08:	2308      	movs	r3, #8
10000a0a:	5ee5      	ldrsh	r5, [r4, r3]
10000a0c:	2d00      	cmp	r5, #0
10000a0e:	da37      	bge.n	10000a80 <alarm_pool_irq_handler+0xac>
10000a10:	88a3      	ldrh	r3, [r4, #4]
10000a12:	b21b      	sxth	r3, r3
10000a14:	2b00      	cmp	r3, #0
10000a16:	db00      	blt.n	10000a1a <alarm_pool_irq_handler+0x46>
10000a18:	e0ad      	b.n	10000b76 <alarm_pool_irq_handler+0x1a2>
10000a1a:	79a3      	ldrb	r3, [r4, #6]
10000a1c:	2b00      	cmp	r3, #0
10000a1e:	d000      	beq.n	10000a22 <alarm_pool_irq_handler+0x4e>
10000a20:	e0ee      	b.n	10000c00 <alarm_pool_irq_handler+0x22c>
10000a22:	2308      	movs	r3, #8
10000a24:	5ee0      	ldrsh	r0, [r4, r3]
10000a26:	2800      	cmp	r0, #0
10000a28:	db20      	blt.n	10000a6c <alarm_pool_irq_handler+0x98>
10000a2a:	0043      	lsls	r3, r0, #1
10000a2c:	6962      	ldr	r2, [r4, #20]
10000a2e:	181b      	adds	r3, r3, r0
10000a30:	00db      	lsls	r3, r3, #3
10000a32:	18d3      	adds	r3, r2, r3
10000a34:	689e      	ldr	r6, [r3, #8]
10000a36:	68dd      	ldr	r5, [r3, #12]
10000a38:	1c73      	adds	r3, r6, #1
10000a3a:	d100      	bne.n	10000a3e <alarm_pool_irq_handler+0x6a>
10000a3c:	e111      	b.n	10000c62 <alarm_pool_irq_handler+0x28e>
10000a3e:	48a4      	ldr	r0, [pc, #656]	@ (10000cd0 <alarm_pool_irq_handler+0x2fc>)
10000a40:	0001      	movs	r1, r0
10000a42:	4441      	add	r1, r8
10000a44:	6a82      	ldr	r2, [r0, #40]	@ 0x28
10000a46:	690b      	ldr	r3, [r1, #16]
10000a48:	1ab7      	subs	r7, r6, r2
10000a4a:	1a9b      	subs	r3, r3, r2
10000a4c:	429f      	cmp	r7, r3
10000a4e:	d315      	bcc.n	10000a7c <alarm_pool_irq_handler+0xa8>
10000a50:	2301      	movs	r3, #1
10000a52:	6a02      	ldr	r2, [r0, #32]
10000a54:	9803      	ldr	r0, [sp, #12]
10000a56:	4083      	lsls	r3, r0
10000a58:	421a      	tst	r2, r3
10000a5a:	d00f      	beq.n	10000a7c <alarm_pool_irq_handler+0xa8>
10000a5c:	489c      	ldr	r0, [pc, #624]	@ (10000cd0 <alarm_pool_irq_handler+0x2fc>)
10000a5e:	f000 fbb5 	bl	100011cc <timer_time_us_64>
10000a62:	428d      	cmp	r5, r1
10000a64:	dc02      	bgt.n	10000a6c <alarm_pool_irq_handler+0x98>
10000a66:	d1cc      	bne.n	10000a02 <alarm_pool_irq_handler+0x2e>
10000a68:	4286      	cmp	r6, r0
10000a6a:	d9ca      	bls.n	10000a02 <alarm_pool_irq_handler+0x2e>
10000a6c:	bf40      	sev
10000a6e:	b007      	add	sp, #28
10000a70:	bcf0      	pop	{r4, r5, r6, r7}
10000a72:	46bb      	mov	fp, r7
10000a74:	46b2      	mov	sl, r6
10000a76:	46a9      	mov	r9, r5
10000a78:	46a0      	mov	r8, r4
10000a7a:	bdf0      	pop	{r4, r5, r6, r7, pc}
10000a7c:	610e      	str	r6, [r1, #16]
10000a7e:	e7ed      	b.n	10000a5c <alarm_pool_irq_handler+0x88>
10000a80:	6962      	ldr	r2, [r4, #20]
10000a82:	006b      	lsls	r3, r5, #1
10000a84:	4692      	mov	sl, r2
10000a86:	195b      	adds	r3, r3, r5
10000a88:	00db      	lsls	r3, r3, #3
10000a8a:	449a      	add	sl, r3
10000a8c:	4653      	mov	r3, sl
10000a8e:	689e      	ldr	r6, [r3, #8]
10000a90:	68df      	ldr	r7, [r3, #12]
10000a92:	f000 fb9b 	bl	100011cc <timer_time_us_64>
10000a96:	428f      	cmp	r7, r1
10000a98:	dcba      	bgt.n	10000a10 <alarm_pool_irq_handler+0x3c>
10000a9a:	d100      	bne.n	10000a9e <alarm_pool_irq_handler+0xca>
10000a9c:	e103      	b.n	10000ca6 <alarm_pool_irq_handler+0x2d2>
10000a9e:	2f00      	cmp	r7, #0
10000aa0:	da00      	bge.n	10000aa4 <alarm_pool_irq_handler+0xd0>
10000aa2:	e0e8      	b.n	10000c76 <alarm_pool_irq_handler+0x2a2>
10000aa4:	4652      	mov	r2, sl
10000aa6:	4653      	mov	r3, sl
10000aa8:	6952      	ldr	r2, [r2, #20]
10000aaa:	691b      	ldr	r3, [r3, #16]
10000aac:	4693      	mov	fp, r2
10000aae:	9a04      	ldr	r2, [sp, #16]
10000ab0:	4293      	cmp	r3, r2
10000ab2:	d100      	bne.n	10000ab6 <alarm_pool_irq_handler+0xe2>
10000ab4:	e0d9      	b.n	10000c6a <alarm_pool_irq_handler+0x296>
10000ab6:	4652      	mov	r2, sl
10000ab8:	2108      	movs	r1, #8
10000aba:	5e60      	ldrsh	r0, [r4, r1]
10000abc:	8852      	ldrh	r2, [r2, #2]
10000abe:	0400      	lsls	r0, r0, #16
10000ac0:	4659      	mov	r1, fp
10000ac2:	4310      	orrs	r0, r2
10000ac4:	4798      	blx	r3
10000ac6:	9000      	str	r0, [sp, #0]
10000ac8:	9101      	str	r1, [sp, #4]
10000aca:	9900      	ldr	r1, [sp, #0]
10000acc:	9a01      	ldr	r2, [sp, #4]
10000ace:	000b      	movs	r3, r1
10000ad0:	0010      	movs	r0, r2
10000ad2:	4313      	orrs	r3, r2
10000ad4:	d100      	bne.n	10000ad8 <alarm_pool_irq_handler+0x104>
10000ad6:	e0ce      	b.n	10000c76 <alarm_pool_irq_handler+0x2a2>
10000ad8:	0013      	movs	r3, r2
10000ada:	000a      	movs	r2, r1
10000adc:	1ab6      	subs	r6, r6, r2
10000ade:	419f      	sbcs	r7, r3
10000ae0:	2800      	cmp	r0, #0
10000ae2:	db06      	blt.n	10000af2 <alarm_pool_irq_handler+0x11e>
10000ae4:	487a      	ldr	r0, [pc, #488]	@ (10000cd0 <alarm_pool_irq_handler+0x2fc>)
10000ae6:	f000 fb71 	bl	100011cc <timer_time_us_64>
10000aea:	9e00      	ldr	r6, [sp, #0]
10000aec:	9f01      	ldr	r7, [sp, #4]
10000aee:	1836      	adds	r6, r6, r0
10000af0:	414f      	adcs	r7, r1
10000af2:	4653      	mov	r3, sl
10000af4:	609e      	str	r6, [r3, #8]
10000af6:	60df      	str	r7, [r3, #12]
10000af8:	2200      	movs	r2, #0
10000afa:	5e9a      	ldrsh	r2, [r3, r2]
10000afc:	2a00      	cmp	r2, #0
10000afe:	da00      	bge.n	10000b02 <alarm_pool_irq_handler+0x12e>
10000b00:	e786      	b.n	10000a10 <alarm_pool_irq_handler+0x3c>
10000b02:	0053      	lsls	r3, r2, #1
10000b04:	1899      	adds	r1, r3, r2
10000b06:	6960      	ldr	r0, [r4, #20]
10000b08:	00c9      	lsls	r1, r1, #3
10000b0a:	1841      	adds	r1, r0, r1
10000b0c:	9302      	str	r3, [sp, #8]
10000b0e:	688b      	ldr	r3, [r1, #8]
10000b10:	68c9      	ldr	r1, [r1, #12]
10000b12:	469b      	mov	fp, r3
10000b14:	42b9      	cmp	r1, r7
10000b16:	dd00      	ble.n	10000b1a <alarm_pool_irq_handler+0x146>
10000b18:	e77a      	b.n	10000a10 <alarm_pool_irq_handler+0x3c>
10000b1a:	d102      	bne.n	10000b22 <alarm_pool_irq_handler+0x14e>
10000b1c:	42b3      	cmp	r3, r6
10000b1e:	d900      	bls.n	10000b22 <alarm_pool_irq_handler+0x14e>
10000b20:	e776      	b.n	10000a10 <alarm_pool_irq_handler+0x3c>
10000b22:	2308      	movs	r3, #8
10000b24:	469c      	mov	ip, r3
10000b26:	44a4      	add	ip, r4
10000b28:	9505      	str	r5, [sp, #20]
10000b2a:	4665      	mov	r5, ip
10000b2c:	8122      	strh	r2, [r4, #8]
10000b2e:	46a4      	mov	ip, r4
10000b30:	9b02      	ldr	r3, [sp, #8]
10000b32:	002c      	movs	r4, r5
10000b34:	e006      	b.n	10000b44 <alarm_pool_irq_handler+0x170>
10000b36:	0053      	lsls	r3, r2, #1
10000b38:	1899      	adds	r1, r3, r2
10000b3a:	00c9      	lsls	r1, r1, #3
10000b3c:	1841      	adds	r1, r0, r1
10000b3e:	688d      	ldr	r5, [r1, #8]
10000b40:	68c9      	ldr	r1, [r1, #12]
10000b42:	46ab      	mov	fp, r5
10000b44:	189b      	adds	r3, r3, r2
10000b46:	00db      	lsls	r3, r3, #3
10000b48:	18c3      	adds	r3, r0, r3
10000b4a:	42b9      	cmp	r1, r7
10000b4c:	dc06      	bgt.n	10000b5c <alarm_pool_irq_handler+0x188>
10000b4e:	d100      	bne.n	10000b52 <alarm_pool_irq_handler+0x17e>
10000b50:	e0b3      	b.n	10000cba <alarm_pool_irq_handler+0x2e6>
10000b52:	001c      	movs	r4, r3
10000b54:	2300      	movs	r3, #0
10000b56:	5ee2      	ldrsh	r2, [r4, r3]
10000b58:	2a00      	cmp	r2, #0
10000b5a:	daec      	bge.n	10000b36 <alarm_pool_irq_handler+0x162>
10000b5c:	0023      	movs	r3, r4
10000b5e:	4664      	mov	r4, ip
10000b60:	469c      	mov	ip, r3
10000b62:	4653      	mov	r3, sl
10000b64:	801a      	strh	r2, [r3, #0]
10000b66:	4663      	mov	r3, ip
10000b68:	9d05      	ldr	r5, [sp, #20]
10000b6a:	801d      	strh	r5, [r3, #0]
10000b6c:	88a3      	ldrh	r3, [r4, #4]
10000b6e:	b21b      	sxth	r3, r3
10000b70:	2b00      	cmp	r3, #0
10000b72:	da00      	bge.n	10000b76 <alarm_pool_irq_handler+0x1a2>
10000b74:	e751      	b.n	10000a1a <alarm_pool_irq_handler+0x46>
10000b76:	6922      	ldr	r2, [r4, #16]
10000b78:	f3ef 8110 	mrs	r1, PRIMASK
10000b7c:	b672      	cpsid	i
10000b7e:	6813      	ldr	r3, [r2, #0]
10000b80:	2b00      	cmp	r3, #0
10000b82:	d0fc      	beq.n	10000b7e <alarm_pool_irq_handler+0x1aa>
10000b84:	f3bf 8f5f 	dmb	sy
10000b88:	2301      	movs	r3, #1
10000b8a:	88a7      	ldrh	r7, [r4, #4]
10000b8c:	425b      	negs	r3, r3
10000b8e:	80a3      	strh	r3, [r4, #4]
10000b90:	b23f      	sxth	r7, r7
10000b92:	6923      	ldr	r3, [r4, #16]
10000b94:	f3bf 8f5f 	dmb	sy
10000b98:	2200      	movs	r2, #0
10000b9a:	601a      	str	r2, [r3, #0]
10000b9c:	f381 8810 	msr	PRIMASK, r1
10000ba0:	2f00      	cmp	r7, #0
10000ba2:	da00      	bge.n	10000ba6 <alarm_pool_irq_handler+0x1d2>
10000ba4:	e739      	b.n	10000a1a <alarm_pool_irq_handler+0x46>
10000ba6:	0023      	movs	r3, r4
10000ba8:	3308      	adds	r3, #8
10000baa:	0022      	movs	r2, r4
10000bac:	469a      	mov	sl, r3
10000bae:	6966      	ldr	r6, [r4, #20]
10000bb0:	007b      	lsls	r3, r7, #1
10000bb2:	19db      	adds	r3, r3, r7
10000bb4:	00db      	lsls	r3, r3, #3
10000bb6:	18f3      	adds	r3, r6, r3
10000bb8:	6899      	ldr	r1, [r3, #8]
10000bba:	4650      	mov	r0, sl
10000bbc:	468c      	mov	ip, r1
10000bbe:	2408      	movs	r4, #8
10000bc0:	5f11      	ldrsh	r1, [r2, r4]
10000bc2:	68dd      	ldr	r5, [r3, #12]
10000bc4:	2900      	cmp	r1, #0
10000bc6:	db10      	blt.n	10000bea <alarm_pool_irq_handler+0x216>
10000bc8:	9302      	str	r3, [sp, #8]
10000bca:	e006      	b.n	10000bda <alarm_pool_irq_handler+0x206>
10000bcc:	42ab      	cmp	r3, r5
10000bce:	d044      	beq.n	10000c5a <alarm_pool_irq_handler+0x286>
10000bd0:	2300      	movs	r3, #0
10000bd2:	5ee1      	ldrsh	r1, [r4, r3]
10000bd4:	0020      	movs	r0, r4
10000bd6:	2900      	cmp	r1, #0
10000bd8:	db06      	blt.n	10000be8 <alarm_pool_irq_handler+0x214>
10000bda:	004c      	lsls	r4, r1, #1
10000bdc:	1864      	adds	r4, r4, r1
10000bde:	00e4      	lsls	r4, r4, #3
10000be0:	1934      	adds	r4, r6, r4
10000be2:	68e3      	ldr	r3, [r4, #12]
10000be4:	42ab      	cmp	r3, r5
10000be6:	ddf1      	ble.n	10000bcc <alarm_pool_irq_handler+0x1f8>
10000be8:	9b02      	ldr	r3, [sp, #8]
10000bea:	8007      	strh	r7, [r0, #0]
10000bec:	2000      	movs	r0, #0
10000bee:	5e1f      	ldrsh	r7, [r3, r0]
10000bf0:	8019      	strh	r1, [r3, #0]
10000bf2:	2f00      	cmp	r7, #0
10000bf4:	dadc      	bge.n	10000bb0 <alarm_pool_irq_handler+0x1dc>
10000bf6:	0014      	movs	r4, r2
10000bf8:	79a3      	ldrb	r3, [r4, #6]
10000bfa:	2b00      	cmp	r3, #0
10000bfc:	d100      	bne.n	10000c00 <alarm_pool_irq_handler+0x22c>
10000bfe:	e710      	b.n	10000a22 <alarm_pool_irq_handler+0x4e>
10000c00:	2300      	movs	r3, #0
10000c02:	71a3      	strb	r3, [r4, #6]
10000c04:	0026      	movs	r6, r4
10000c06:	2308      	movs	r3, #8
10000c08:	5ee1      	ldrsh	r1, [r4, r3]
10000c0a:	3608      	adds	r6, #8
10000c0c:	1c4b      	adds	r3, r1, #1
10000c0e:	d100      	bne.n	10000c12 <alarm_pool_irq_handler+0x23e>
10000c10:	e72c      	b.n	10000a6c <alarm_pool_irq_handler+0x98>
10000c12:	0008      	movs	r0, r1
10000c14:	46a2      	mov	sl, r4
10000c16:	6965      	ldr	r5, [r4, #20]
10000c18:	e002      	b.n	10000c20 <alarm_pool_irq_handler+0x24c>
10000c1a:	003e      	movs	r6, r7
10000c1c:	1c4b      	adds	r3, r1, #1
10000c1e:	d01a      	beq.n	10000c56 <alarm_pool_irq_handler+0x282>
10000c20:	004b      	lsls	r3, r1, #1
10000c22:	185b      	adds	r3, r3, r1
10000c24:	00db      	lsls	r3, r3, #3
10000c26:	18ef      	adds	r7, r5, r3
10000c28:	000a      	movs	r2, r1
10000c2a:	468c      	mov	ip, r1
10000c2c:	5ee9      	ldrsh	r1, [r5, r3]
10000c2e:	887b      	ldrh	r3, [r7, #2]
10000c30:	b21b      	sxth	r3, r3
10000c32:	2b00      	cmp	r3, #0
10000c34:	daf1      	bge.n	10000c1a <alarm_pool_irq_handler+0x246>
10000c36:	2301      	movs	r3, #1
10000c38:	425b      	negs	r3, r3
10000c3a:	17dc      	asrs	r4, r3, #31
10000c3c:	60bb      	str	r3, [r7, #8]
10000c3e:	60fc      	str	r4, [r7, #12]
10000c40:	4282      	cmp	r2, r0
10000c42:	d005      	beq.n	10000c50 <alarm_pool_irq_handler+0x27c>
10000c44:	4653      	mov	r3, sl
10000c46:	8031      	strh	r1, [r6, #0]
10000c48:	891b      	ldrh	r3, [r3, #8]
10000c4a:	803b      	strh	r3, [r7, #0]
10000c4c:	4653      	mov	r3, sl
10000c4e:	811a      	strh	r2, [r3, #8]
10000c50:	4660      	mov	r0, ip
10000c52:	1c4b      	adds	r3, r1, #1
10000c54:	d1e4      	bne.n	10000c20 <alarm_pool_irq_handler+0x24c>
10000c56:	4654      	mov	r4, sl
10000c58:	e6e5      	b.n	10000a26 <alarm_pool_irq_handler+0x52>
10000c5a:	68a3      	ldr	r3, [r4, #8]
10000c5c:	4563      	cmp	r3, ip
10000c5e:	d9b7      	bls.n	10000bd0 <alarm_pool_irq_handler+0x1fc>
10000c60:	e7c2      	b.n	10000be8 <alarm_pool_irq_handler+0x214>
10000c62:	1c6b      	adds	r3, r5, #1
10000c64:	d000      	beq.n	10000c68 <alarm_pool_irq_handler+0x294>
10000c66:	e6ea      	b.n	10000a3e <alarm_pool_irq_handler+0x6a>
10000c68:	e6f8      	b.n	10000a5c <alarm_pool_irq_handler+0x88>
10000c6a:	465b      	mov	r3, fp
10000c6c:	4658      	mov	r0, fp
10000c6e:	691b      	ldr	r3, [r3, #16]
10000c70:	4798      	blx	r3
10000c72:	2800      	cmp	r0, #0
10000c74:	d11b      	bne.n	10000cae <alarm_pool_irq_handler+0x2da>
10000c76:	4653      	mov	r3, sl
10000c78:	881b      	ldrh	r3, [r3, #0]
10000c7a:	6922      	ldr	r2, [r4, #16]
10000c7c:	8123      	strh	r3, [r4, #8]
10000c7e:	f3ef 8310 	mrs	r3, PRIMASK
10000c82:	b672      	cpsid	i
10000c84:	6811      	ldr	r1, [r2, #0]
10000c86:	2900      	cmp	r1, #0
10000c88:	d0fc      	beq.n	10000c84 <alarm_pool_irq_handler+0x2b0>
10000c8a:	f3bf 8f5f 	dmb	sy
10000c8e:	4651      	mov	r1, sl
10000c90:	8862      	ldrh	r2, [r4, #2]
10000c92:	800a      	strh	r2, [r1, #0]
10000c94:	6922      	ldr	r2, [r4, #16]
10000c96:	8065      	strh	r5, [r4, #2]
10000c98:	f3bf 8f5f 	dmb	sy
10000c9c:	2100      	movs	r1, #0
10000c9e:	6011      	str	r1, [r2, #0]
10000ca0:	f383 8810 	msr	PRIMASK, r3
10000ca4:	e6b4      	b.n	10000a10 <alarm_pool_irq_handler+0x3c>
10000ca6:	4286      	cmp	r6, r0
10000ca8:	d800      	bhi.n	10000cac <alarm_pool_irq_handler+0x2d8>
10000caa:	e6f8      	b.n	10000a9e <alarm_pool_irq_handler+0xca>
10000cac:	e6b0      	b.n	10000a10 <alarm_pool_irq_handler+0x3c>
10000cae:	465b      	mov	r3, fp
10000cb0:	681a      	ldr	r2, [r3, #0]
10000cb2:	685b      	ldr	r3, [r3, #4]
10000cb4:	9200      	str	r2, [sp, #0]
10000cb6:	9301      	str	r3, [sp, #4]
10000cb8:	e707      	b.n	10000aca <alarm_pool_irq_handler+0xf6>
10000cba:	45b3      	cmp	fp, r6
10000cbc:	d800      	bhi.n	10000cc0 <alarm_pool_irq_handler+0x2ec>
10000cbe:	e748      	b.n	10000b52 <alarm_pool_irq_handler+0x17e>
10000cc0:	e74c      	b.n	10000b5c <alarm_pool_irq_handler+0x188>
10000cc2:	46c0      	nop			@ (mov r8, r8)
10000cc4:	20001f68 	.word	0x20001f68
10000cc8:	4005703c 	.word	0x4005703c
10000ccc:	100009d5 	.word	0x100009d5
10000cd0:	40054000 	.word	0x40054000

10000cd4 <runtime_init_default_alarm_pool>:
10000cd4:	b570      	push	{r4, r5, r6, lr}
10000cd6:	4c2e      	ldr	r4, [pc, #184]	@ (10000d90 <runtime_init_default_alarm_pool+0xbc>)
10000cd8:	6925      	ldr	r5, [r4, #16]
10000cda:	2d00      	cmp	r5, #0
10000cdc:	d004      	beq.n	10000ce8 <runtime_init_default_alarm_pool+0x14>
10000cde:	210a      	movs	r1, #10
10000ce0:	482c      	ldr	r0, [pc, #176]	@ (10000d94 <runtime_init_default_alarm_pool+0xc0>)
10000ce2:	f7ff fe09 	bl	100008f8 <lock_init>
10000ce6:	bd70      	pop	{r4, r5, r6, pc}
10000ce8:	4e2b      	ldr	r6, [pc, #172]	@ (10000d98 <runtime_init_default_alarm_pool+0xc4>)
10000cea:	2103      	movs	r1, #3
10000cec:	0030      	movs	r0, r6
10000cee:	f000 fa63 	bl	100011b8 <timer_hardware_alarm_claim>
10000cf2:	60e6      	str	r6, [r4, #12]
10000cf4:	f7ff fbf6 	bl	100004e4 <next_striped_spin_lock_num>
10000cf8:	4b28      	ldr	r3, [pc, #160]	@ (10000d9c <runtime_init_default_alarm_pool+0xc8>)
10000cfa:	2203      	movs	r2, #3
10000cfc:	469c      	mov	ip, r3
10000cfe:	23d0      	movs	r3, #208	@ 0xd0
10000d00:	7022      	strb	r2, [r4, #0]
10000d02:	061b      	lsls	r3, r3, #24
10000d04:	681b      	ldr	r3, [r3, #0]
10000d06:	2101      	movs	r1, #1
10000d08:	7063      	strb	r3, [r4, #1]
10000d0a:	4b25      	ldr	r3, [pc, #148]	@ (10000da0 <runtime_init_default_alarm_pool+0xcc>)
10000d0c:	4460      	add	r0, ip
10000d0e:	60a3      	str	r3, [r4, #8]
10000d10:	230f      	movs	r3, #15
10000d12:	0080      	lsls	r0, r0, #2
10000d14:	6120      	str	r0, [r4, #16]
10000d16:	2002      	movs	r0, #2
10000d18:	8063      	strh	r3, [r4, #2]
10000d1a:	6963      	ldr	r3, [r4, #20]
10000d1c:	4249      	negs	r1, r1
10000d1e:	80a1      	strh	r1, [r4, #4]
10000d20:	8019      	strh	r1, [r3, #0]
10000d22:	3102      	adds	r1, #2
10000d24:	8619      	strh	r1, [r3, #48]	@ 0x30
10000d26:	3147      	adds	r1, #71	@ 0x47
10000d28:	831d      	strh	r5, [r3, #24]
10000d2a:	5258      	strh	r0, [r3, r1]
10000d2c:	3118      	adds	r1, #24
10000d2e:	525a      	strh	r2, [r3, r1]
10000d30:	3275      	adds	r2, #117	@ 0x75
10000d32:	395c      	subs	r1, #92	@ 0x5c
10000d34:	5299      	strh	r1, [r3, r2]
10000d36:	3218      	adds	r2, #24
10000d38:	3101      	adds	r1, #1
10000d3a:	5299      	strh	r1, [r3, r2]
10000d3c:	3218      	adds	r2, #24
10000d3e:	3101      	adds	r1, #1
10000d40:	5299      	strh	r1, [r3, r2]
10000d42:	3218      	adds	r2, #24
10000d44:	3101      	adds	r1, #1
10000d46:	5299      	strh	r1, [r3, r2]
10000d48:	3508      	adds	r5, #8
10000d4a:	3218      	adds	r2, #24
10000d4c:	529d      	strh	r5, [r3, r2]
10000d4e:	3102      	adds	r1, #2
10000d50:	3218      	adds	r2, #24
10000d52:	5299      	strh	r1, [r3, r2]
10000d54:	3218      	adds	r2, #24
10000d56:	3101      	adds	r1, #1
10000d58:	5299      	strh	r1, [r3, r2]
10000d5a:	3218      	adds	r2, #24
10000d5c:	3101      	adds	r1, #1
10000d5e:	5299      	strh	r1, [r3, r2]
10000d60:	3218      	adds	r2, #24
10000d62:	3101      	adds	r1, #1
10000d64:	5299      	strh	r1, [r3, r2]
10000d66:	3218      	adds	r2, #24
10000d68:	3101      	adds	r1, #1
10000d6a:	5299      	strh	r1, [r3, r2]
10000d6c:	3218      	adds	r2, #24
10000d6e:	3101      	adds	r1, #1
10000d70:	5299      	strh	r1, [r3, r2]
10000d72:	4b0c      	ldr	r3, [pc, #48]	@ (10000da4 <runtime_init_default_alarm_pool+0xd0>)
10000d74:	490c      	ldr	r1, [pc, #48]	@ (10000da8 <runtime_init_default_alarm_pool+0xd4>)
10000d76:	60dc      	str	r4, [r3, #12]
10000d78:	3001      	adds	r0, #1
10000d7a:	6235      	str	r5, [r6, #32]
10000d7c:	f7ff fc28 	bl	100005d0 <irq_set_exclusive_handler>
10000d80:	2101      	movs	r1, #1
10000d82:	2003      	movs	r0, #3
10000d84:	f7ff fbec 	bl	10000560 <irq_set_enabled>
10000d88:	4b08      	ldr	r3, [pc, #32]	@ (10000dac <runtime_init_default_alarm_pool+0xd8>)
10000d8a:	601d      	str	r5, [r3, #0]
10000d8c:	e7a7      	b.n	10000cde <runtime_init_default_alarm_pool+0xa>
10000d8e:	46c0      	nop			@ (mov r8, r8)
10000d90:	2000102c 	.word	0x2000102c
10000d94:	20001f84 	.word	0x20001f84
10000d98:	40054000 	.word	0x40054000
10000d9c:	34000040 	.word	0x34000040
10000da0:	0010ffff 	.word	0x0010ffff
10000da4:	20001f68 	.word	0x20001f68
10000da8:	100009d5 	.word	0x100009d5
10000dac:	40056038 	.word	0x40056038

10000db0 <alarm_pool_get_default>:
10000db0:	4800      	ldr	r0, [pc, #0]	@ (10000db4 <alarm_pool_get_default+0x4>)
10000db2:	4770      	bx	lr
10000db4:	2000102c 	.word	0x2000102c

10000db8 <alarm_pool_add_alarm_at>:
10000db8:	b5f8      	push	{r3, r4, r5, r6, r7, lr}
10000dba:	001f      	movs	r7, r3
10000dbc:	ab08      	add	r3, sp, #32
10000dbe:	781b      	ldrb	r3, [r3, #0]
10000dc0:	0004      	movs	r4, r0
10000dc2:	0016      	movs	r6, r2
10000dc4:	2b00      	cmp	r3, #0
10000dc6:	d108      	bne.n	10000dda <alarm_pool_add_alarm_at+0x22>
10000dc8:	f000 fa08 	bl	100011dc <time_us_64>
10000dcc:	0032      	movs	r2, r6
10000dce:	003b      	movs	r3, r7
10000dd0:	1a12      	subs	r2, r2, r0
10000dd2:	418b      	sbcs	r3, r1
10000dd4:	2b00      	cmp	r3, #0
10000dd6:	da00      	bge.n	10000dda <alarm_pool_add_alarm_at+0x22>
10000dd8:	e052      	b.n	10000e80 <alarm_pool_add_alarm_at+0xc8>
10000dda:	6922      	ldr	r2, [r4, #16]
10000ddc:	f3ef 8010 	mrs	r0, PRIMASK
10000de0:	b672      	cpsid	i
10000de2:	6813      	ldr	r3, [r2, #0]
10000de4:	2b00      	cmp	r3, #0
10000de6:	d0fc      	beq.n	10000de2 <alarm_pool_add_alarm_at+0x2a>
10000de8:	f3bf 8f5f 	dmb	sy
10000dec:	2302      	movs	r3, #2
10000dee:	5ee1      	ldrsh	r1, [r4, r3]
10000df0:	6963      	ldr	r3, [r4, #20]
10000df2:	004a      	lsls	r2, r1, #1
10000df4:	1852      	adds	r2, r2, r1
10000df6:	00d2      	lsls	r2, r2, #3
10000df8:	189b      	adds	r3, r3, r2
10000dfa:	6922      	ldr	r2, [r4, #16]
10000dfc:	2900      	cmp	r1, #0
10000dfe:	db36      	blt.n	10000e6e <alarm_pool_add_alarm_at+0xb6>
10000e00:	881d      	ldrh	r5, [r3, #0]
10000e02:	8065      	strh	r5, [r4, #2]
10000e04:	f3bf 8f5f 	dmb	sy
10000e08:	2500      	movs	r5, #0
10000e0a:	6015      	str	r5, [r2, #0]
10000e0c:	f380 8810 	msr	PRIMASK, r0
10000e10:	9a06      	ldr	r2, [sp, #24]
10000e12:	609e      	str	r6, [r3, #8]
10000e14:	60df      	str	r7, [r3, #12]
10000e16:	611a      	str	r2, [r3, #16]
10000e18:	9a07      	ldr	r2, [sp, #28]
10000e1a:	615a      	str	r2, [r3, #20]
10000e1c:	885a      	ldrh	r2, [r3, #2]
10000e1e:	3201      	adds	r2, #1
10000e20:	0452      	lsls	r2, r2, #17
10000e22:	0c52      	lsrs	r2, r2, #17
10000e24:	1c10      	adds	r0, r2, #0
10000e26:	2a00      	cmp	r2, #0
10000e28:	d01f      	beq.n	10000e6a <alarm_pool_add_alarm_at+0xb2>
10000e2a:	b282      	uxth	r2, r0
10000e2c:	8058      	strh	r0, [r3, #2]
10000e2e:	0408      	lsls	r0, r1, #16
10000e30:	4310      	orrs	r0, r2
10000e32:	6926      	ldr	r6, [r4, #16]
10000e34:	f3ef 8710 	mrs	r7, PRIMASK
10000e38:	b672      	cpsid	i
10000e3a:	6832      	ldr	r2, [r6, #0]
10000e3c:	2a00      	cmp	r2, #0
10000e3e:	d0fc      	beq.n	10000e3a <alarm_pool_add_alarm_at+0x82>
10000e40:	f3bf 8f5f 	dmb	sy
10000e44:	88a2      	ldrh	r2, [r4, #4]
10000e46:	801a      	strh	r2, [r3, #0]
10000e48:	80a1      	strh	r1, [r4, #4]
10000e4a:	6923      	ldr	r3, [r4, #16]
10000e4c:	f3bf 8f5f 	dmb	sy
10000e50:	2200      	movs	r2, #0
10000e52:	601a      	str	r2, [r3, #0]
10000e54:	f387 8810 	msr	PRIMASK, r7
10000e58:	490a      	ldr	r1, [pc, #40]	@ (10000e84 <alarm_pool_add_alarm_at+0xcc>)
10000e5a:	7823      	ldrb	r3, [r4, #0]
10000e5c:	468c      	mov	ip, r1
10000e5e:	3201      	adds	r2, #1
10000e60:	409a      	lsls	r2, r3
10000e62:	68e3      	ldr	r3, [r4, #12]
10000e64:	4463      	add	r3, ip
10000e66:	601a      	str	r2, [r3, #0]
10000e68:	bdf8      	pop	{r3, r4, r5, r6, r7, pc}
10000e6a:	2001      	movs	r0, #1
10000e6c:	e7dd      	b.n	10000e2a <alarm_pool_add_alarm_at+0x72>
10000e6e:	f3bf 8f5f 	dmb	sy
10000e72:	2300      	movs	r3, #0
10000e74:	6013      	str	r3, [r2, #0]
10000e76:	f380 8810 	msr	PRIMASK, r0
10000e7a:	2001      	movs	r0, #1
10000e7c:	4240      	negs	r0, r0
10000e7e:	e7f3      	b.n	10000e68 <alarm_pool_add_alarm_at+0xb0>
10000e80:	2000      	movs	r0, #0
10000e82:	e7f1      	b.n	10000e68 <alarm_pool_add_alarm_at+0xb0>
10000e84:	0000203c 	.word	0x0000203c

10000e88 <alarm_pool_add_alarm_at_force_in_context>:
10000e88:	b570      	push	{r4, r5, r6, lr}
10000e8a:	0001      	movs	r1, r0
10000e8c:	6904      	ldr	r4, [r0, #16]
10000e8e:	f3ef 8c10 	mrs	ip, PRIMASK
10000e92:	b672      	cpsid	i
10000e94:	6820      	ldr	r0, [r4, #0]
10000e96:	2800      	cmp	r0, #0
10000e98:	d0fc      	beq.n	10000e94 <alarm_pool_add_alarm_at_force_in_context+0xc>
10000e9a:	f3bf 8f5f 	dmb	sy
10000e9e:	2002      	movs	r0, #2
10000ea0:	5e0d      	ldrsh	r5, [r1, r0]
10000ea2:	694c      	ldr	r4, [r1, #20]
10000ea4:	0068      	lsls	r0, r5, #1
10000ea6:	1940      	adds	r0, r0, r5
10000ea8:	00c0      	lsls	r0, r0, #3
10000eaa:	1824      	adds	r4, r4, r0
10000eac:	6908      	ldr	r0, [r1, #16]
10000eae:	2d00      	cmp	r5, #0
10000eb0:	db36      	blt.n	10000f20 <alarm_pool_add_alarm_at_force_in_context+0x98>
10000eb2:	8826      	ldrh	r6, [r4, #0]
10000eb4:	804e      	strh	r6, [r1, #2]
10000eb6:	f3bf 8f5f 	dmb	sy
10000eba:	2600      	movs	r6, #0
10000ebc:	6006      	str	r6, [r0, #0]
10000ebe:	f38c 8810 	msr	PRIMASK, ip
10000ec2:	60e3      	str	r3, [r4, #12]
10000ec4:	8863      	ldrh	r3, [r4, #2]
10000ec6:	9804      	ldr	r0, [sp, #16]
10000ec8:	3301      	adds	r3, #1
10000eca:	6120      	str	r0, [r4, #16]
10000ecc:	045b      	lsls	r3, r3, #17
10000ece:	9805      	ldr	r0, [sp, #20]
10000ed0:	0c5b      	lsrs	r3, r3, #17
10000ed2:	60a2      	str	r2, [r4, #8]
10000ed4:	6160      	str	r0, [r4, #20]
10000ed6:	1c1a      	adds	r2, r3, #0
10000ed8:	2b00      	cmp	r3, #0
10000eda:	d01f      	beq.n	10000f1c <alarm_pool_add_alarm_at_force_in_context+0x94>
10000edc:	b293      	uxth	r3, r2
10000ede:	0428      	lsls	r0, r5, #16
10000ee0:	8062      	strh	r2, [r4, #2]
10000ee2:	4318      	orrs	r0, r3
10000ee4:	690a      	ldr	r2, [r1, #16]
10000ee6:	f3ef 8c10 	mrs	ip, PRIMASK
10000eea:	b672      	cpsid	i
10000eec:	6813      	ldr	r3, [r2, #0]
10000eee:	2b00      	cmp	r3, #0
10000ef0:	d0fc      	beq.n	10000eec <alarm_pool_add_alarm_at_force_in_context+0x64>
10000ef2:	f3bf 8f5f 	dmb	sy
10000ef6:	888b      	ldrh	r3, [r1, #4]
10000ef8:	8023      	strh	r3, [r4, #0]
10000efa:	808d      	strh	r5, [r1, #4]
10000efc:	690b      	ldr	r3, [r1, #16]
10000efe:	f3bf 8f5f 	dmb	sy
10000f02:	2200      	movs	r2, #0
10000f04:	601a      	str	r2, [r3, #0]
10000f06:	f38c 8810 	msr	PRIMASK, ip
10000f0a:	780b      	ldrb	r3, [r1, #0]
10000f0c:	3201      	adds	r2, #1
10000f0e:	409a      	lsls	r2, r3
10000f10:	68cb      	ldr	r3, [r1, #12]
10000f12:	4908      	ldr	r1, [pc, #32]	@ (10000f34 <alarm_pool_add_alarm_at_force_in_context+0xac>)
10000f14:	468c      	mov	ip, r1
10000f16:	4463      	add	r3, ip
10000f18:	601a      	str	r2, [r3, #0]
10000f1a:	bd70      	pop	{r4, r5, r6, pc}
10000f1c:	2201      	movs	r2, #1
10000f1e:	e7dd      	b.n	10000edc <alarm_pool_add_alarm_at_force_in_context+0x54>
10000f20:	f3bf 8f5f 	dmb	sy
10000f24:	2300      	movs	r3, #0
10000f26:	6003      	str	r3, [r0, #0]
10000f28:	f38c 8810 	msr	PRIMASK, ip
10000f2c:	2001      	movs	r0, #1
10000f2e:	4240      	negs	r0, r0
10000f30:	e7f3      	b.n	10000f1a <alarm_pool_add_alarm_at_force_in_context+0x92>
10000f32:	46c0      	nop			@ (mov r8, r8)
10000f34:	0000203c 	.word	0x0000203c

10000f38 <alarm_pool_cancel_alarm>:
10000f38:	b510      	push	{r4, lr}
10000f3a:	8943      	ldrh	r3, [r0, #10]
10000f3c:	140a      	asrs	r2, r1, #16
10000f3e:	4293      	cmp	r3, r2
10000f40:	dd1a      	ble.n	10000f78 <alarm_pool_cancel_alarm+0x40>
10000f42:	0053      	lsls	r3, r2, #1
10000f44:	189b      	adds	r3, r3, r2
10000f46:	6942      	ldr	r2, [r0, #20]
10000f48:	00db      	lsls	r3, r3, #3
10000f4a:	18d3      	adds	r3, r2, r3
10000f4c:	6904      	ldr	r4, [r0, #16]
10000f4e:	f3ef 8c10 	mrs	ip, PRIMASK
10000f52:	b672      	cpsid	i
10000f54:	6822      	ldr	r2, [r4, #0]
10000f56:	2a00      	cmp	r2, #0
10000f58:	d0fc      	beq.n	10000f54 <alarm_pool_cancel_alarm+0x1c>
10000f5a:	f3bf 8f5f 	dmb	sy
10000f5e:	885a      	ldrh	r2, [r3, #2]
10000f60:	0409      	lsls	r1, r1, #16
10000f62:	b294      	uxth	r4, r2
10000f64:	0c09      	lsrs	r1, r1, #16
10000f66:	428a      	cmp	r2, r1
10000f68:	d008      	beq.n	10000f7c <alarm_pool_cancel_alarm+0x44>
10000f6a:	6903      	ldr	r3, [r0, #16]
10000f6c:	f3bf 8f5f 	dmb	sy
10000f70:	2200      	movs	r2, #0
10000f72:	601a      	str	r2, [r3, #0]
10000f74:	f38c 8810 	msr	PRIMASK, ip
10000f78:	2000      	movs	r0, #0
10000f7a:	bd10      	pop	{r4, pc}
10000f7c:	2280      	movs	r2, #128	@ 0x80
10000f7e:	0212      	lsls	r2, r2, #8
10000f80:	4314      	orrs	r4, r2
10000f82:	805c      	strh	r4, [r3, #2]
10000f84:	2301      	movs	r3, #1
10000f86:	6902      	ldr	r2, [r0, #16]
10000f88:	7183      	strb	r3, [r0, #6]
10000f8a:	f3bf 8f5f 	dmb	sy
10000f8e:	2100      	movs	r1, #0
10000f90:	6011      	str	r1, [r2, #0]
10000f92:	f38c 8810 	msr	PRIMASK, ip
10000f96:	4904      	ldr	r1, [pc, #16]	@ (10000fa8 <alarm_pool_cancel_alarm+0x70>)
10000f98:	7802      	ldrb	r2, [r0, #0]
10000f9a:	468c      	mov	ip, r1
10000f9c:	4093      	lsls	r3, r2
10000f9e:	68c2      	ldr	r2, [r0, #12]
10000fa0:	2001      	movs	r0, #1
10000fa2:	4462      	add	r2, ip
10000fa4:	6013      	str	r3, [r2, #0]
10000fa6:	e7e8      	b.n	10000f7a <alarm_pool_cancel_alarm+0x42>
10000fa8:	0000203c 	.word	0x0000203c

10000fac <alarm_pool_core_num>:
10000fac:	7840      	ldrb	r0, [r0, #1]
10000fae:	4770      	bx	lr

10000fb0 <sleep_ms>:
10000fb0:	b5f0      	push	{r4, r5, r6, r7, lr}
10000fb2:	46c6      	mov	lr, r8
10000fb4:	b500      	push	{lr}
10000fb6:	b082      	sub	sp, #8
10000fb8:	0004      	movs	r4, r0
10000fba:	f000 f90f 	bl	100011dc <time_us_64>
10000fbe:	22fa      	movs	r2, #250	@ 0xfa
10000fc0:	0006      	movs	r6, r0
10000fc2:	000f      	movs	r7, r1
10000fc4:	0020      	movs	r0, r4
10000fc6:	2300      	movs	r3, #0
10000fc8:	2100      	movs	r1, #0
10000fca:	0092      	lsls	r2, r2, #2
10000fcc:	f001 fa8c 	bl	100024e8 <__wrap___aeabi_lmul>
10000fd0:	1980      	adds	r0, r0, r6
10000fd2:	4179      	adcs	r1, r7
10000fd4:	0004      	movs	r4, r0
10000fd6:	1e0d      	subs	r5, r1, #0
10000fd8:	da02      	bge.n	10000fe0 <sleep_ms+0x30>
10000fda:	2401      	movs	r4, #1
10000fdc:	4d2e      	ldr	r5, [pc, #184]	@ (10001098 <sleep_ms+0xe8>)
10000fde:	4264      	negs	r4, r4
10000fe0:	2606      	movs	r6, #6
10000fe2:	4276      	negs	r6, r6
10000fe4:	17f7      	asrs	r7, r6, #31
10000fe6:	1936      	adds	r6, r6, r4
10000fe8:	416f      	adcs	r7, r5
10000fea:	42af      	cmp	r7, r5
10000fec:	d814      	bhi.n	10001018 <sleep_ms+0x68>
10000fee:	d011      	beq.n	10001014 <sleep_ms+0x64>
10000ff0:	f000 f8f4 	bl	100011dc <time_us_64>
10000ff4:	0032      	movs	r2, r6
10000ff6:	003b      	movs	r3, r7
10000ff8:	1a12      	subs	r2, r2, r0
10000ffa:	418b      	sbcs	r3, r1
10000ffc:	2b00      	cmp	r3, #0
10000ffe:	dc15      	bgt.n	1000102c <sleep_ms+0x7c>
10001000:	2b00      	cmp	r3, #0
10001002:	d046      	beq.n	10001092 <sleep_ms+0xe2>
10001004:	0020      	movs	r0, r4
10001006:	0029      	movs	r1, r5
10001008:	f000 f8f2 	bl	100011f0 <busy_wait_until>
1000100c:	b002      	add	sp, #8
1000100e:	bc80      	pop	{r7}
10001010:	46b8      	mov	r8, r7
10001012:	bdf0      	pop	{r4, r5, r6, r7, pc}
10001014:	42a6      	cmp	r6, r4
10001016:	d9eb      	bls.n	10000ff0 <sleep_ms+0x40>
10001018:	2600      	movs	r6, #0
1000101a:	2700      	movs	r7, #0
1000101c:	f000 f8de 	bl	100011dc <time_us_64>
10001020:	0032      	movs	r2, r6
10001022:	003b      	movs	r3, r7
10001024:	1a12      	subs	r2, r2, r0
10001026:	418b      	sbcs	r3, r1
10001028:	2b00      	cmp	r3, #0
1000102a:	dde9      	ble.n	10001000 <sleep_ms+0x50>
1000102c:	f000 f8d6 	bl	100011dc <time_us_64>
10001030:	0032      	movs	r2, r6
10001032:	003b      	movs	r3, r7
10001034:	1a12      	subs	r2, r2, r0
10001036:	418b      	sbcs	r3, r1
10001038:	2b00      	cmp	r3, #0
1000103a:	db0a      	blt.n	10001052 <sleep_ms+0xa2>
1000103c:	2300      	movs	r3, #0
1000103e:	9301      	str	r3, [sp, #4]
10001040:	4b16      	ldr	r3, [pc, #88]	@ (1000109c <sleep_ms+0xec>)
10001042:	0032      	movs	r2, r6
10001044:	9300      	str	r3, [sp, #0]
10001046:	4816      	ldr	r0, [pc, #88]	@ (100010a0 <sleep_ms+0xf0>)
10001048:	003b      	movs	r3, r7
1000104a:	f7ff ff1d 	bl	10000e88 <alarm_pool_add_alarm_at_force_in_context>
1000104e:	3001      	adds	r0, #1
10001050:	d0d8      	beq.n	10001004 <sleep_ms+0x54>
10001052:	2300      	movs	r3, #0
10001054:	0039      	movs	r1, r7
10001056:	46b0      	mov	r8, r6
10001058:	469c      	mov	ip, r3
1000105a:	4a12      	ldr	r2, [pc, #72]	@ (100010a4 <sleep_ms+0xf4>)
1000105c:	4812      	ldr	r0, [pc, #72]	@ (100010a8 <sleep_ms+0xf8>)
1000105e:	6a53      	ldr	r3, [r2, #36]	@ 0x24
10001060:	4299      	cmp	r1, r3
10001062:	d804      	bhi.n	1000106e <sleep_ms+0xbe>
10001064:	6a96      	ldr	r6, [r2, #40]	@ 0x28
10001066:	4546      	cmp	r6, r8
10001068:	d2cc      	bcs.n	10001004 <sleep_ms+0x54>
1000106a:	4299      	cmp	r1, r3
1000106c:	d1ca      	bne.n	10001004 <sleep_ms+0x54>
1000106e:	6806      	ldr	r6, [r0, #0]
10001070:	f3ef 8710 	mrs	r7, PRIMASK
10001074:	b672      	cpsid	i
10001076:	6833      	ldr	r3, [r6, #0]
10001078:	2b00      	cmp	r3, #0
1000107a:	d0fc      	beq.n	10001076 <sleep_ms+0xc6>
1000107c:	f3bf 8f5f 	dmb	sy
10001080:	6803      	ldr	r3, [r0, #0]
10001082:	f3bf 8f5f 	dmb	sy
10001086:	4666      	mov	r6, ip
10001088:	601e      	str	r6, [r3, #0]
1000108a:	f387 8810 	msr	PRIMASK, r7
1000108e:	bf20      	wfe
10001090:	e7e5      	b.n	1000105e <sleep_ms+0xae>
10001092:	2a00      	cmp	r2, #0
10001094:	d0b6      	beq.n	10001004 <sleep_ms+0x54>
10001096:	e7c9      	b.n	1000102c <sleep_ms+0x7c>
10001098:	7fffffff 	.word	0x7fffffff
1000109c:	100009a5 	.word	0x100009a5
100010a0:	2000102c 	.word	0x2000102c
100010a4:	40054000 	.word	0x40054000
100010a8:	20001f84 	.word	0x20001f84

100010ac <best_effort_wfe_or_timeout>:
100010ac:	b5f0      	push	{r4, r5, r6, r7, lr}
100010ae:	4657      	mov	r7, sl
100010b0:	464e      	mov	r6, r9
100010b2:	46de      	mov	lr, fp
100010b4:	4645      	mov	r5, r8
100010b6:	b5e0      	push	{r5, r6, r7, lr}
100010b8:	0006      	movs	r6, r0
100010ba:	000f      	movs	r7, r1
100010bc:	b085      	sub	sp, #20
100010be:	f3ef 8305 	mrs	r3, IPSR
100010c2:	4699      	mov	r9, r3
100010c4:	468b      	mov	fp, r1
100010c6:	2b00      	cmp	r3, #0
100010c8:	d012      	beq.n	100010f0 <best_effort_wfe_or_timeout+0x44>
100010ca:	4938      	ldr	r1, [pc, #224]	@ (100011ac <best_effort_wfe_or_timeout+0x100>)
100010cc:	2000      	movs	r0, #0
100010ce:	6a4b      	ldr	r3, [r1, #36]	@ 0x24
100010d0:	42bb      	cmp	r3, r7
100010d2:	d306      	bcc.n	100010e2 <best_effort_wfe_or_timeout+0x36>
100010d4:	6a8a      	ldr	r2, [r1, #40]	@ 0x28
100010d6:	1bdb      	subs	r3, r3, r7
100010d8:	1e59      	subs	r1, r3, #1
100010da:	418b      	sbcs	r3, r1
100010dc:	42b2      	cmp	r2, r6
100010de:	4140      	adcs	r0, r0
100010e0:	4318      	orrs	r0, r3
100010e2:	b005      	add	sp, #20
100010e4:	bcf0      	pop	{r4, r5, r6, r7}
100010e6:	46bb      	mov	fp, r7
100010e8:	46b2      	mov	sl, r6
100010ea:	46a9      	mov	r9, r5
100010ec:	46a0      	mov	r8, r4
100010ee:	bdf0      	pop	{r4, r5, r6, r7, pc}
100010f0:	4b2f      	ldr	r3, [pc, #188]	@ (100011b0 <best_effort_wfe_or_timeout+0x104>)
100010f2:	469a      	mov	sl, r3
100010f4:	68db      	ldr	r3, [r3, #12]
100010f6:	4698      	mov	r8, r3
100010f8:	4653      	mov	r3, sl
100010fa:	781b      	ldrb	r3, [r3, #0]
100010fc:	4640      	mov	r0, r8
100010fe:	9303      	str	r3, [sp, #12]
10001100:	f000 f864 	bl	100011cc <timer_time_us_64>
10001104:	4642      	mov	r2, r8
10001106:	9b03      	ldr	r3, [sp, #12]
10001108:	0004      	movs	r4, r0
1000110a:	3304      	adds	r3, #4
1000110c:	009b      	lsls	r3, r3, #2
1000110e:	589b      	ldr	r3, [r3, r2]
10001110:	000d      	movs	r5, r1
10001112:	1a1b      	subs	r3, r3, r0
10001114:	0039      	movs	r1, r7
10001116:	0030      	movs	r0, r6
10001118:	1b00      	subs	r0, r0, r4
1000111a:	41a9      	sbcs	r1, r5
1000111c:	4589      	cmp	r9, r1
1000111e:	dc10      	bgt.n	10001142 <best_effort_wfe_or_timeout+0x96>
10001120:	d00d      	beq.n	1000113e <best_effort_wfe_or_timeout+0x92>
10001122:	bf20      	wfe
10001124:	4a21      	ldr	r2, [pc, #132]	@ (100011ac <best_effort_wfe_or_timeout+0x100>)
10001126:	2000      	movs	r0, #0
10001128:	6a53      	ldr	r3, [r2, #36]	@ 0x24
1000112a:	455b      	cmp	r3, fp
1000112c:	d3d9      	bcc.n	100010e2 <best_effort_wfe_or_timeout+0x36>
1000112e:	6a92      	ldr	r2, [r2, #40]	@ 0x28
10001130:	1bdb      	subs	r3, r3, r7
10001132:	1e59      	subs	r1, r3, #1
10001134:	418b      	sbcs	r3, r1
10001136:	42b2      	cmp	r2, r6
10001138:	4140      	adcs	r0, r0
1000113a:	4318      	orrs	r0, r3
1000113c:	e7d1      	b.n	100010e2 <best_effort_wfe_or_timeout+0x36>
1000113e:	4283      	cmp	r3, r0
10001140:	d9ef      	bls.n	10001122 <best_effort_wfe_or_timeout+0x76>
10001142:	f000 f84b 	bl	100011dc <time_us_64>
10001146:	0032      	movs	r2, r6
10001148:	003b      	movs	r3, r7
1000114a:	1a12      	subs	r2, r2, r0
1000114c:	418b      	sbcs	r3, r1
1000114e:	2b00      	cmp	r3, #0
10001150:	db1a      	blt.n	10001188 <best_effort_wfe_or_timeout+0xdc>
10001152:	2300      	movs	r3, #0
10001154:	9301      	str	r3, [sp, #4]
10001156:	4b17      	ldr	r3, [pc, #92]	@ (100011b4 <best_effort_wfe_or_timeout+0x108>)
10001158:	0032      	movs	r2, r6
1000115a:	9300      	str	r3, [sp, #0]
1000115c:	4650      	mov	r0, sl
1000115e:	003b      	movs	r3, r7
10001160:	f7ff fe92 	bl	10000e88 <alarm_pool_add_alarm_at_force_in_context>
10001164:	1e01      	subs	r1, r0, #0
10001166:	dd0f      	ble.n	10001188 <best_effort_wfe_or_timeout+0xdc>
10001168:	4b10      	ldr	r3, [pc, #64]	@ (100011ac <best_effort_wfe_or_timeout+0x100>)
1000116a:	6a5a      	ldr	r2, [r3, #36]	@ 0x24
1000116c:	455a      	cmp	r2, fp
1000116e:	d31b      	bcc.n	100011a8 <best_effort_wfe_or_timeout+0xfc>
10001170:	6a9b      	ldr	r3, [r3, #40]	@ 0x28
10001172:	42b3      	cmp	r3, r6
10001174:	d316      	bcc.n	100011a4 <best_effort_wfe_or_timeout+0xf8>
10001176:	4650      	mov	r0, sl
10001178:	f7ff fede 	bl	10000f38 <alarm_pool_cancel_alarm>
1000117c:	4a0b      	ldr	r2, [pc, #44]	@ (100011ac <best_effort_wfe_or_timeout+0x100>)
1000117e:	2000      	movs	r0, #0
10001180:	6a53      	ldr	r3, [r2, #36]	@ 0x24
10001182:	455b      	cmp	r3, fp
10001184:	d3ad      	bcc.n	100010e2 <best_effort_wfe_or_timeout+0x36>
10001186:	e7d2      	b.n	1000112e <best_effort_wfe_or_timeout+0x82>
10001188:	4a08      	ldr	r2, [pc, #32]	@ (100011ac <best_effort_wfe_or_timeout+0x100>)
1000118a:	2000      	movs	r0, #0
1000118c:	6a53      	ldr	r3, [r2, #36]	@ 0x24
1000118e:	455b      	cmp	r3, fp
10001190:	d3a7      	bcc.n	100010e2 <best_effort_wfe_or_timeout+0x36>
10001192:	2000      	movs	r0, #0
10001194:	6a92      	ldr	r2, [r2, #40]	@ 0x28
10001196:	1bdb      	subs	r3, r3, r7
10001198:	42b2      	cmp	r2, r6
1000119a:	4140      	adcs	r0, r0
1000119c:	1e5a      	subs	r2, r3, #1
1000119e:	4193      	sbcs	r3, r2
100011a0:	4318      	orrs	r0, r3
100011a2:	e79e      	b.n	100010e2 <best_effort_wfe_or_timeout+0x36>
100011a4:	455a      	cmp	r2, fp
100011a6:	d1e6      	bne.n	10001176 <best_effort_wfe_or_timeout+0xca>
100011a8:	bf20      	wfe
100011aa:	e7e4      	b.n	10001176 <best_effort_wfe_or_timeout+0xca>
100011ac:	40054000 	.word	0x40054000
100011b0:	2000102c 	.word	0x2000102c
100011b4:	100009a5 	.word	0x100009a5

100011b8 <timer_hardware_alarm_claim>:
100011b8:	b510      	push	{r4, lr}
100011ba:	4a02      	ldr	r2, [pc, #8]	@ (100011c4 <timer_hardware_alarm_claim+0xc>)
100011bc:	4802      	ldr	r0, [pc, #8]	@ (100011c8 <timer_hardware_alarm_claim+0x10>)
100011be:	f7ff f92b 	bl	10000418 <hw_claim_or_assert>
100011c2:	bd10      	pop	{r4, pc}
100011c4:	10006ce4 	.word	0x10006ce4
100011c8:	20001adc 	.word	0x20001adc

100011cc <timer_time_us_64>:
100011cc:	0003      	movs	r3, r0
100011ce:	6a41      	ldr	r1, [r0, #36]	@ 0x24
100011d0:	000a      	movs	r2, r1
100011d2:	6a98      	ldr	r0, [r3, #40]	@ 0x28
100011d4:	6a59      	ldr	r1, [r3, #36]	@ 0x24
100011d6:	428a      	cmp	r2, r1
100011d8:	d1fa      	bne.n	100011d0 <timer_time_us_64+0x4>
100011da:	4770      	bx	lr

100011dc <time_us_64>:
100011dc:	4b03      	ldr	r3, [pc, #12]	@ (100011ec <time_us_64+0x10>)
100011de:	6a59      	ldr	r1, [r3, #36]	@ 0x24
100011e0:	000a      	movs	r2, r1
100011e2:	6a98      	ldr	r0, [r3, #40]	@ 0x28
100011e4:	6a59      	ldr	r1, [r3, #36]	@ 0x24
100011e6:	4291      	cmp	r1, r2
100011e8:	d1fa      	bne.n	100011e0 <time_us_64+0x4>
100011ea:	4770      	bx	lr
100011ec:	40054000 	.word	0x40054000

100011f0 <busy_wait_until>:
100011f0:	4a06      	ldr	r2, [pc, #24]	@ (1000120c <busy_wait_until+0x1c>)
100011f2:	6a53      	ldr	r3, [r2, #36]	@ 0x24
100011f4:	4299      	cmp	r1, r3
100011f6:	d8fc      	bhi.n	100011f2 <busy_wait_until+0x2>
100011f8:	d107      	bne.n	1000120a <busy_wait_until+0x1a>
100011fa:	4b04      	ldr	r3, [pc, #16]	@ (1000120c <busy_wait_until+0x1c>)
100011fc:	e002      	b.n	10001204 <busy_wait_until+0x14>
100011fe:	6a5a      	ldr	r2, [r3, #36]	@ 0x24
10001200:	4291      	cmp	r1, r2
10001202:	d102      	bne.n	1000120a <busy_wait_until+0x1a>
10001204:	6a9a      	ldr	r2, [r3, #40]	@ 0x28
10001206:	4290      	cmp	r0, r2
10001208:	d8f9      	bhi.n	100011fe <busy_wait_until+0xe>
1000120a:	4770      	bx	lr
1000120c:	40054000 	.word	0x40054000

10001210 <clock_configure_int_divider>:
10001210:	b5f8      	push	{r3, r4, r5, r6, r7, lr}
10001212:	46de      	mov	lr, fp
10001214:	464e      	mov	r6, r9
10001216:	4657      	mov	r7, sl
10001218:	4645      	mov	r5, r8
1000121a:	b5e0      	push	{r5, r6, r7, lr}
1000121c:	468b      	mov	fp, r1
1000121e:	0005      	movs	r5, r0
10001220:	990a      	ldr	r1, [sp, #40]	@ 0x28
10001222:	0018      	movs	r0, r3
10001224:	0016      	movs	r6, r2
10001226:	f000 fb3b 	bl	100018a0 <__wrap___aeabi_uidiv>
1000122a:	9b0a      	ldr	r3, [sp, #40]	@ 0x28
1000122c:	006c      	lsls	r4, r5, #1
1000122e:	021f      	lsls	r7, r3, #8
10001230:	4b32      	ldr	r3, [pc, #200]	@ (100012fc <clock_configure_int_divider+0xec>)
10001232:	1964      	adds	r4, r4, r5
10001234:	469c      	mov	ip, r3
10001236:	00a4      	lsls	r4, r4, #2
10001238:	4464      	add	r4, ip
1000123a:	6863      	ldr	r3, [r4, #4]
1000123c:	4681      	mov	r9, r0
1000123e:	429f      	cmp	r7, r3
10001240:	d900      	bls.n	10001244 <clock_configure_int_divider+0x34>
10001242:	6067      	str	r7, [r4, #4]
10001244:	1f2b      	subs	r3, r5, #4
10001246:	b2db      	uxtb	r3, r3
10001248:	4698      	mov	r8, r3
1000124a:	2b01      	cmp	r3, #1
1000124c:	d930      	bls.n	100012b0 <clock_configure_int_divider+0xa0>
1000124e:	23c0      	movs	r3, #192	@ 0xc0
10001250:	2280      	movs	r2, #128	@ 0x80
10001252:	019b      	lsls	r3, r3, #6
10001254:	18e3      	adds	r3, r4, r3
10001256:	0112      	lsls	r2, r2, #4
10001258:	601a      	str	r2, [r3, #0]
1000125a:	4b29      	ldr	r3, [pc, #164]	@ (10001300 <clock_configure_int_divider+0xf0>)
1000125c:	00ad      	lsls	r5, r5, #2
1000125e:	5959      	ldr	r1, [r3, r5]
10001260:	469a      	mov	sl, r3
10001262:	2900      	cmp	r1, #0
10001264:	d11b      	bne.n	1000129e <clock_configure_int_divider+0x8e>
10001266:	0173      	lsls	r3, r6, #5
10001268:	26e0      	movs	r6, #224	@ 0xe0
1000126a:	6822      	ldr	r2, [r4, #0]
1000126c:	4053      	eors	r3, r2
1000126e:	401e      	ands	r6, r3
10001270:	2380      	movs	r3, #128	@ 0x80
10001272:	4642      	mov	r2, r8
10001274:	015b      	lsls	r3, r3, #5
10001276:	18e3      	adds	r3, r4, r3
10001278:	601e      	str	r6, [r3, #0]
1000127a:	2a01      	cmp	r2, #1
1000127c:	d930      	bls.n	100012e0 <clock_configure_int_divider+0xd0>
1000127e:	2380      	movs	r3, #128	@ 0x80
10001280:	2280      	movs	r2, #128	@ 0x80
10001282:	019b      	lsls	r3, r3, #6
10001284:	18e3      	adds	r3, r4, r3
10001286:	0112      	lsls	r2, r2, #4
10001288:	601a      	str	r2, [r3, #0]
1000128a:	4653      	mov	r3, sl
1000128c:	464a      	mov	r2, r9
1000128e:	6067      	str	r7, [r4, #4]
10001290:	515a      	str	r2, [r3, r5]
10001292:	bcf0      	pop	{r4, r5, r6, r7}
10001294:	46bb      	mov	fp, r7
10001296:	46b2      	mov	sl, r6
10001298:	46a9      	mov	r9, r5
1000129a:	46a0      	mov	r8, r4
1000129c:	bdf8      	pop	{r3, r4, r5, r6, r7, pc}
1000129e:	6958      	ldr	r0, [r3, #20]
100012a0:	f000 fafe 	bl	100018a0 <__wrap___aeabi_uidiv>
100012a4:	3001      	adds	r0, #1
100012a6:	0043      	lsls	r3, r0, #1
100012a8:	181b      	adds	r3, r3, r0
100012aa:	3b03      	subs	r3, #3
100012ac:	d2fd      	bcs.n	100012aa <clock_configure_int_divider+0x9a>
100012ae:	e7da      	b.n	10001266 <clock_configure_int_divider+0x56>
100012b0:	465b      	mov	r3, fp
100012b2:	2b01      	cmp	r3, #1
100012b4:	d1cb      	bne.n	1000124e <clock_configure_int_divider+0x3e>
100012b6:	23c0      	movs	r3, #192	@ 0xc0
100012b8:	2203      	movs	r2, #3
100012ba:	019b      	lsls	r3, r3, #6
100012bc:	18e3      	adds	r3, r4, r3
100012be:	601a      	str	r2, [r3, #0]
100012c0:	3a02      	subs	r2, #2
100012c2:	68a3      	ldr	r3, [r4, #8]
100012c4:	421a      	tst	r2, r3
100012c6:	d0fc      	beq.n	100012c2 <clock_configure_int_divider+0xb2>
100012c8:	0173      	lsls	r3, r6, #5
100012ca:	26e0      	movs	r6, #224	@ 0xe0
100012cc:	6822      	ldr	r2, [r4, #0]
100012ce:	00ad      	lsls	r5, r5, #2
100012d0:	4053      	eors	r3, r2
100012d2:	401e      	ands	r6, r3
100012d4:	2380      	movs	r3, #128	@ 0x80
100012d6:	4a0a      	ldr	r2, [pc, #40]	@ (10001300 <clock_configure_int_divider+0xf0>)
100012d8:	015b      	lsls	r3, r3, #5
100012da:	4692      	mov	sl, r2
100012dc:	18e3      	adds	r3, r4, r3
100012de:	601e      	str	r6, [r3, #0]
100012e0:	465a      	mov	r2, fp
100012e2:	6821      	ldr	r1, [r4, #0]
100012e4:	4051      	eors	r1, r2
100012e6:	2203      	movs	r2, #3
100012e8:	400a      	ands	r2, r1
100012ea:	601a      	str	r2, [r3, #0]
100012ec:	2201      	movs	r2, #1
100012ee:	465b      	mov	r3, fp
100012f0:	409a      	lsls	r2, r3
100012f2:	68a3      	ldr	r3, [r4, #8]
100012f4:	421a      	tst	r2, r3
100012f6:	d0fc      	beq.n	100012f2 <clock_configure_int_divider+0xe2>
100012f8:	e7c1      	b.n	1000127e <clock_configure_int_divider+0x6e>
100012fa:	46c0      	nop			@ (mov r8, r8)
100012fc:	40008000 	.word	0x40008000
10001300:	20001ae0 	.word	0x20001ae0

10001304 <clock_configure_undivided>:
10001304:	b5f0      	push	{r4, r5, r6, r7, lr}
10001306:	4646      	mov	r6, r8
10001308:	464f      	mov	r7, r9
1000130a:	46d6      	mov	lr, sl
1000130c:	b5c0      	push	{r6, r7, lr}
1000130e:	001f      	movs	r7, r3
10001310:	4b34      	ldr	r3, [pc, #208]	@ (100013e4 <clock_configure_undivided+0xe0>)
10001312:	0044      	lsls	r4, r0, #1
10001314:	469c      	mov	ip, r3
10001316:	1824      	adds	r4, r4, r0
10001318:	00a4      	lsls	r4, r4, #2
1000131a:	4464      	add	r4, ip
1000131c:	6863      	ldr	r3, [r4, #4]
1000131e:	4688      	mov	r8, r1
10001320:	0016      	movs	r6, r2
10001322:	2bff      	cmp	r3, #255	@ 0xff
10001324:	d802      	bhi.n	1000132c <clock_configure_undivided+0x28>
10001326:	2380      	movs	r3, #128	@ 0x80
10001328:	005b      	lsls	r3, r3, #1
1000132a:	6063      	str	r3, [r4, #4]
1000132c:	1f03      	subs	r3, r0, #4
1000132e:	b2db      	uxtb	r3, r3
10001330:	469a      	mov	sl, r3
10001332:	2b01      	cmp	r3, #1
10001334:	d930      	bls.n	10001398 <clock_configure_undivided+0x94>
10001336:	23c0      	movs	r3, #192	@ 0xc0
10001338:	2280      	movs	r2, #128	@ 0x80
1000133a:	019b      	lsls	r3, r3, #6
1000133c:	18e3      	adds	r3, r4, r3
1000133e:	0112      	lsls	r2, r2, #4
10001340:	601a      	str	r2, [r3, #0]
10001342:	4b29      	ldr	r3, [pc, #164]	@ (100013e8 <clock_configure_undivided+0xe4>)
10001344:	0085      	lsls	r5, r0, #2
10001346:	5959      	ldr	r1, [r3, r5]
10001348:	4699      	mov	r9, r3
1000134a:	2900      	cmp	r1, #0
1000134c:	d11b      	bne.n	10001386 <clock_configure_undivided+0x82>
1000134e:	0173      	lsls	r3, r6, #5
10001350:	26e0      	movs	r6, #224	@ 0xe0
10001352:	6822      	ldr	r2, [r4, #0]
10001354:	4053      	eors	r3, r2
10001356:	401e      	ands	r6, r3
10001358:	2380      	movs	r3, #128	@ 0x80
1000135a:	4652      	mov	r2, sl
1000135c:	015b      	lsls	r3, r3, #5
1000135e:	18e3      	adds	r3, r4, r3
10001360:	601e      	str	r6, [r3, #0]
10001362:	2a01      	cmp	r2, #1
10001364:	d930      	bls.n	100013c8 <clock_configure_undivided+0xc4>
10001366:	2380      	movs	r3, #128	@ 0x80
10001368:	2280      	movs	r2, #128	@ 0x80
1000136a:	019b      	lsls	r3, r3, #6
1000136c:	18e3      	adds	r3, r4, r3
1000136e:	0112      	lsls	r2, r2, #4
10001370:	601a      	str	r2, [r3, #0]
10001372:	2380      	movs	r3, #128	@ 0x80
10001374:	005b      	lsls	r3, r3, #1
10001376:	6063      	str	r3, [r4, #4]
10001378:	464b      	mov	r3, r9
1000137a:	515f      	str	r7, [r3, r5]
1000137c:	bce0      	pop	{r5, r6, r7}
1000137e:	46ba      	mov	sl, r7
10001380:	46b1      	mov	r9, r6
10001382:	46a8      	mov	r8, r5
10001384:	bdf0      	pop	{r4, r5, r6, r7, pc}
10001386:	6958      	ldr	r0, [r3, #20]
10001388:	f000 fa8a 	bl	100018a0 <__wrap___aeabi_uidiv>
1000138c:	3001      	adds	r0, #1
1000138e:	0043      	lsls	r3, r0, #1
10001390:	181b      	adds	r3, r3, r0
10001392:	3b03      	subs	r3, #3
10001394:	d2fd      	bcs.n	10001392 <clock_configure_undivided+0x8e>
10001396:	e7da      	b.n	1000134e <clock_configure_undivided+0x4a>
10001398:	4643      	mov	r3, r8
1000139a:	2b01      	cmp	r3, #1
1000139c:	d1cb      	bne.n	10001336 <clock_configure_undivided+0x32>
1000139e:	23c0      	movs	r3, #192	@ 0xc0
100013a0:	2203      	movs	r2, #3
100013a2:	019b      	lsls	r3, r3, #6
100013a4:	18e3      	adds	r3, r4, r3
100013a6:	601a      	str	r2, [r3, #0]
100013a8:	3a02      	subs	r2, #2
100013aa:	68a3      	ldr	r3, [r4, #8]
100013ac:	421a      	tst	r2, r3
100013ae:	d0fc      	beq.n	100013aa <clock_configure_undivided+0xa6>
100013b0:	0173      	lsls	r3, r6, #5
100013b2:	26e0      	movs	r6, #224	@ 0xe0
100013b4:	6822      	ldr	r2, [r4, #0]
100013b6:	0085      	lsls	r5, r0, #2
100013b8:	4053      	eors	r3, r2
100013ba:	401e      	ands	r6, r3
100013bc:	2380      	movs	r3, #128	@ 0x80
100013be:	4a0a      	ldr	r2, [pc, #40]	@ (100013e8 <clock_configure_undivided+0xe4>)
100013c0:	015b      	lsls	r3, r3, #5
100013c2:	4691      	mov	r9, r2
100013c4:	18e3      	adds	r3, r4, r3
100013c6:	601e      	str	r6, [r3, #0]
100013c8:	4642      	mov	r2, r8
100013ca:	6821      	ldr	r1, [r4, #0]
100013cc:	4051      	eors	r1, r2
100013ce:	2203      	movs	r2, #3
100013d0:	400a      	ands	r2, r1
100013d2:	601a      	str	r2, [r3, #0]
100013d4:	2301      	movs	r3, #1
100013d6:	4642      	mov	r2, r8
100013d8:	4093      	lsls	r3, r2
100013da:	68a2      	ldr	r2, [r4, #8]
100013dc:	4213      	tst	r3, r2
100013de:	d0fc      	beq.n	100013da <clock_configure_undivided+0xd6>
100013e0:	e7c1      	b.n	10001366 <clock_configure_undivided+0x62>
100013e2:	46c0      	nop			@ (mov r8, r8)
100013e4:	40008000 	.word	0x40008000
100013e8:	20001ae0 	.word	0x20001ae0

100013ec <clock_get_hz>:
100013ec:	4b01      	ldr	r3, [pc, #4]	@ (100013f4 <clock_get_hz+0x8>)
100013ee:	0080      	lsls	r0, r0, #2
100013f0:	58c0      	ldr	r0, [r0, r3]
100013f2:	4770      	bx	lr
100013f4:	20001ae0 	.word	0x20001ae0

100013f8 <pll_init>:
100013f8:	b5f8      	push	{r3, r4, r5, r6, r7, lr}
100013fa:	0004      	movs	r4, r0
100013fc:	4821      	ldr	r0, [pc, #132]	@ (10001484 <pll_init+0x8c>)
100013fe:	001e      	movs	r6, r3
10001400:	0017      	movs	r7, r2
10001402:	000d      	movs	r5, r1
10001404:	f000 fa4c 	bl	100018a0 <__wrap___aeabi_uidiv>
10001408:	0001      	movs	r1, r0
1000140a:	0038      	movs	r0, r7
1000140c:	f000 fa48 	bl	100018a0 <__wrap___aeabi_uidiv>
10001410:	9b06      	ldr	r3, [sp, #24]
10001412:	0436      	lsls	r6, r6, #16
10001414:	031b      	lsls	r3, r3, #12
10001416:	431e      	orrs	r6, r3
10001418:	6823      	ldr	r3, [r4, #0]
1000141a:	2b00      	cmp	r3, #0
1000141c:	db20      	blt.n	10001460 <pll_init+0x68>
1000141e:	4b1a      	ldr	r3, [pc, #104]	@ (10001488 <pll_init+0x90>)
10001420:	491a      	ldr	r1, [pc, #104]	@ (1000148c <pll_init+0x94>)
10001422:	18e3      	adds	r3, r4, r3
10001424:	1e5a      	subs	r2, r3, #1
10001426:	4193      	sbcs	r3, r2
10001428:	2280      	movs	r2, #128	@ 0x80
1000142a:	0192      	lsls	r2, r2, #6
1000142c:	4694      	mov	ip, r2
1000142e:	425b      	negs	r3, r3
10001430:	0b1b      	lsrs	r3, r3, #12
10001432:	4a17      	ldr	r2, [pc, #92]	@ (10001490 <pll_init+0x98>)
10001434:	031b      	lsls	r3, r3, #12
10001436:	4463      	add	r3, ip
10001438:	6013      	str	r3, [r2, #0]
1000143a:	4a16      	ldr	r2, [pc, #88]	@ (10001494 <pll_init+0x9c>)
1000143c:	6013      	str	r3, [r2, #0]
1000143e:	001f      	movs	r7, r3
10001440:	680a      	ldr	r2, [r1, #0]
10001442:	4397      	bics	r7, r2
10001444:	d1fb      	bne.n	1000143e <pll_init+0x46>
10001446:	4b14      	ldr	r3, [pc, #80]	@ (10001498 <pll_init+0xa0>)
10001448:	6025      	str	r5, [r4, #0]
1000144a:	18e2      	adds	r2, r4, r3
1000144c:	2321      	movs	r3, #33	@ 0x21
1000144e:	60a0      	str	r0, [r4, #8]
10001450:	6013      	str	r3, [r2, #0]
10001452:	6823      	ldr	r3, [r4, #0]
10001454:	2b00      	cmp	r3, #0
10001456:	dafc      	bge.n	10001452 <pll_init+0x5a>
10001458:	2308      	movs	r3, #8
1000145a:	60e6      	str	r6, [r4, #12]
1000145c:	6013      	str	r3, [r2, #0]
1000145e:	bdf8      	pop	{r3, r4, r5, r6, r7, pc}
10001460:	233f      	movs	r3, #63	@ 0x3f
10001462:	6822      	ldr	r2, [r4, #0]
10001464:	4013      	ands	r3, r2
10001466:	42ab      	cmp	r3, r5
10001468:	d1d9      	bne.n	1000141e <pll_init+0x26>
1000146a:	68a3      	ldr	r3, [r4, #8]
1000146c:	051b      	lsls	r3, r3, #20
1000146e:	0d1b      	lsrs	r3, r3, #20
10001470:	4283      	cmp	r3, r0
10001472:	d1d4      	bne.n	1000141e <pll_init+0x26>
10001474:	22ee      	movs	r2, #238	@ 0xee
10001476:	68e3      	ldr	r3, [r4, #12]
10001478:	02d2      	lsls	r2, r2, #11
1000147a:	4013      	ands	r3, r2
1000147c:	42b3      	cmp	r3, r6
1000147e:	d1ce      	bne.n	1000141e <pll_init+0x26>
10001480:	e7ed      	b.n	1000145e <pll_init+0x66>
10001482:	46c0      	nop			@ (mov r8, r8)
10001484:	00b71b00 	.word	0x00b71b00
10001488:	bffd4000 	.word	0xbffd4000
1000148c:	4000c008 	.word	0x4000c008
10001490:	4000e000 	.word	0x4000e000
10001494:	4000f000 	.word	0x4000f000
10001498:	00003004 	.word	0x00003004

1000149c <watchdog_reboot>:
1000149c:	b510      	push	{r4, lr}
1000149e:	2480      	movs	r4, #128	@ 0x80
100014a0:	4b1c      	ldr	r3, [pc, #112]	@ (10001514 <watchdog_reboot+0x78>)
100014a2:	05e4      	lsls	r4, r4, #23
100014a4:	601c      	str	r4, [r3, #0]
100014a6:	2800      	cmp	r0, #0
100014a8:	d01a      	beq.n	100014e0 <watchdog_reboot+0x44>
100014aa:	2301      	movs	r3, #1
100014ac:	4c1a      	ldr	r4, [pc, #104]	@ (10001518 <watchdog_reboot+0x7c>)
100014ae:	4318      	orrs	r0, r3
100014b0:	4b1a      	ldr	r3, [pc, #104]	@ (1000151c <watchdog_reboot+0x80>)
100014b2:	61dc      	str	r4, [r3, #28]
100014b4:	4c1a      	ldr	r4, [pc, #104]	@ (10001520 <watchdog_reboot+0x84>)
100014b6:	4044      	eors	r4, r0
100014b8:	621c      	str	r4, [r3, #32]
100014ba:	6259      	str	r1, [r3, #36]	@ 0x24
100014bc:	6298      	str	r0, [r3, #40]	@ 0x28
100014be:	2180      	movs	r1, #128	@ 0x80
100014c0:	4b14      	ldr	r3, [pc, #80]	@ (10001514 <watchdog_reboot+0x78>)
100014c2:	05c9      	lsls	r1, r1, #23
100014c4:	6019      	str	r1, [r3, #0]
100014c6:	4817      	ldr	r0, [pc, #92]	@ (10001524 <watchdog_reboot+0x88>)
100014c8:	4917      	ldr	r1, [pc, #92]	@ (10001528 <watchdog_reboot+0x8c>)
100014ca:	6008      	str	r0, [r1, #0]
100014cc:	21e0      	movs	r1, #224	@ 0xe0
100014ce:	04c9      	lsls	r1, r1, #19
100014d0:	6019      	str	r1, [r3, #0]
100014d2:	2a00      	cmp	r2, #0
100014d4:	d107      	bne.n	100014e6 <watchdog_reboot+0x4a>
100014d6:	2280      	movs	r2, #128	@ 0x80
100014d8:	4b14      	ldr	r3, [pc, #80]	@ (1000152c <watchdog_reboot+0x90>)
100014da:	0612      	lsls	r2, r2, #24
100014dc:	601a      	str	r2, [r3, #0]
100014de:	bd10      	pop	{r4, pc}
100014e0:	4b0e      	ldr	r3, [pc, #56]	@ (1000151c <watchdog_reboot+0x80>)
100014e2:	61d8      	str	r0, [r3, #28]
100014e4:	e7eb      	b.n	100014be <watchdog_reboot+0x22>
100014e6:	0153      	lsls	r3, r2, #5
100014e8:	1a9b      	subs	r3, r3, r2
100014ea:	009b      	lsls	r3, r3, #2
100014ec:	189a      	adds	r2, r3, r2
100014ee:	2380      	movs	r3, #128	@ 0x80
100014f0:	0112      	lsls	r2, r2, #4
100014f2:	045b      	lsls	r3, r3, #17
100014f4:	429a      	cmp	r2, r3
100014f6:	d209      	bcs.n	1000150c <watchdog_reboot+0x70>
100014f8:	0013      	movs	r3, r2
100014fa:	490d      	ldr	r1, [pc, #52]	@ (10001530 <watchdog_reboot+0x94>)
100014fc:	600b      	str	r3, [r1, #0]
100014fe:	4b07      	ldr	r3, [pc, #28]	@ (1000151c <watchdog_reboot+0x80>)
10001500:	605a      	str	r2, [r3, #4]
10001502:	2280      	movs	r2, #128	@ 0x80
10001504:	4b09      	ldr	r3, [pc, #36]	@ (1000152c <watchdog_reboot+0x90>)
10001506:	05d2      	lsls	r2, r2, #23
10001508:	601a      	str	r2, [r3, #0]
1000150a:	e7e8      	b.n	100014de <watchdog_reboot+0x42>
1000150c:	4b09      	ldr	r3, [pc, #36]	@ (10001534 <watchdog_reboot+0x98>)
1000150e:	001a      	movs	r2, r3
10001510:	e7f3      	b.n	100014fa <watchdog_reboot+0x5e>
10001512:	46c0      	nop			@ (mov r8, r8)
10001514:	4005b000 	.word	0x4005b000
10001518:	b007c0d3 	.word	0xb007c0d3
1000151c:	40058000 	.word	0x40058000
10001520:	4ff83f2d 	.word	0x4ff83f2d
10001524:	0001fffc 	.word	0x0001fffc
10001528:	40012008 	.word	0x40012008
1000152c:	4005a000 	.word	0x4005a000
10001530:	20001f40 	.word	0x20001f40
10001534:	00ffffff 	.word	0x00ffffff

10001538 <tick_start>:
10001538:	2380      	movs	r3, #128	@ 0x80
1000153a:	4a02      	ldr	r2, [pc, #8]	@ (10001544 <tick_start+0xc>)
1000153c:	009b      	lsls	r3, r3, #2
1000153e:	430b      	orrs	r3, r1
10001540:	62d3      	str	r3, [r2, #44]	@ 0x2c
10001542:	4770      	bx	lr
10001544:	40058000 	.word	0x40058000

10001548 <rom_func_lookup>:
10001548:	2300      	movs	r3, #0
1000154a:	b510      	push	{r4, lr}
1000154c:	0001      	movs	r1, r0
1000154e:	8a98      	ldrh	r0, [r3, #20]
10001550:	8b1b      	ldrh	r3, [r3, #24]
10001552:	4798      	blx	r3
10001554:	bd10      	pop	{r4, pc}
10001556:	46c0      	nop			@ (mov r8, r8)

10001558 <rom_data_lookup>:
10001558:	2316      	movs	r3, #22
1000155a:	b510      	push	{r4, lr}
1000155c:	0001      	movs	r1, r0
1000155e:	8818      	ldrh	r0, [r3, #0]
10001560:	3302      	adds	r3, #2
10001562:	881b      	ldrh	r3, [r3, #0]
10001564:	4798      	blx	r3
10001566:	bd10      	pop	{r4, pc}

10001568 <rom_funcs_lookup>:
10001568:	b5f8      	push	{r3, r4, r5, r6, r7, lr}
1000156a:	4647      	mov	r7, r8
1000156c:	46ce      	mov	lr, r9
1000156e:	b580      	push	{r7, lr}
10001570:	1e0f      	subs	r7, r1, #0
10001572:	d018      	beq.n	100015a6 <rom_funcs_lookup+0x3e>
10001574:	2314      	movs	r3, #20
10001576:	4699      	mov	r9, r3
10001578:	3304      	adds	r3, #4
1000157a:	0004      	movs	r4, r0
1000157c:	2500      	movs	r5, #0
1000157e:	2601      	movs	r6, #1
10001580:	4698      	mov	r8, r3
10001582:	464b      	mov	r3, r9
10001584:	8818      	ldrh	r0, [r3, #0]
10001586:	4643      	mov	r3, r8
10001588:	6821      	ldr	r1, [r4, #0]
1000158a:	881b      	ldrh	r3, [r3, #0]
1000158c:	4798      	blx	r3
1000158e:	c401      	stmia	r4!, {r0}
10001590:	1e43      	subs	r3, r0, #1
10001592:	4198      	sbcs	r0, r3
10001594:	3501      	adds	r5, #1
10001596:	4006      	ands	r6, r0
10001598:	42af      	cmp	r7, r5
1000159a:	d1f2      	bne.n	10001582 <rom_funcs_lookup+0x1a>
1000159c:	0030      	movs	r0, r6
1000159e:	bcc0      	pop	{r6, r7}
100015a0:	46b9      	mov	r9, r7
100015a2:	46b0      	mov	r8, r6
100015a4:	bdf8      	pop	{r3, r4, r5, r6, r7, pc}
100015a6:	2601      	movs	r6, #1
100015a8:	e7f8      	b.n	1000159c <rom_funcs_lookup+0x34>
100015aa:	46c0      	nop			@ (mov r8, r8)

100015ac <rom_reset_usb_boot_extra>:
100015ac:	2300      	movs	r3, #0
100015ae:	b570      	push	{r4, r5, r6, lr}
100015b0:	0004      	movs	r4, r0
100015b2:	000d      	movs	r5, r1
100015b4:	8a98      	ldrh	r0, [r3, #20]
100015b6:	4905      	ldr	r1, [pc, #20]	@ (100015cc <rom_reset_usb_boot_extra+0x20>)
100015b8:	8b1b      	ldrh	r3, [r3, #24]
100015ba:	4798      	blx	r3
100015bc:	0003      	movs	r3, r0
100015be:	2000      	movs	r0, #0
100015c0:	2c00      	cmp	r4, #0
100015c2:	db01      	blt.n	100015c8 <rom_reset_usb_boot_extra+0x1c>
100015c4:	3001      	adds	r0, #1
100015c6:	40a0      	lsls	r0, r4
100015c8:	0029      	movs	r1, r5
100015ca:	4798      	blx	r3
100015cc:	00004255 	.word	0x00004255

100015d0 <xosc_init>:
100015d0:	23aa      	movs	r3, #170	@ 0xaa
100015d2:	4a06      	ldr	r2, [pc, #24]	@ (100015ec <xosc_init+0x1c>)
100015d4:	011b      	lsls	r3, r3, #4
100015d6:	6013      	str	r3, [r2, #0]
100015d8:	238d      	movs	r3, #141	@ 0x8d
100015da:	005b      	lsls	r3, r3, #1
100015dc:	60d3      	str	r3, [r2, #12]
100015de:	4904      	ldr	r1, [pc, #16]	@ (100015f0 <xosc_init+0x20>)
100015e0:	4b04      	ldr	r3, [pc, #16]	@ (100015f4 <xosc_init+0x24>)
100015e2:	6019      	str	r1, [r3, #0]
100015e4:	6853      	ldr	r3, [r2, #4]
100015e6:	2b00      	cmp	r3, #0
100015e8:	dafc      	bge.n	100015e4 <xosc_init+0x14>
100015ea:	4770      	bx	lr
100015ec:	40024000 	.word	0x40024000
100015f0:	00fab000 	.word	0x00fab000
100015f4:	40026000 	.word	0x40026000

100015f8 <first_per_core_initializer>:
100015f8:	4770      	bx	lr
100015fa:	46c0      	nop			@ (mov r8, r8)

100015fc <hard_assertion_failure>:
100015fc:	b510      	push	{r4, lr}
100015fe:	4801      	ldr	r0, [pc, #4]	@ (10001604 <hard_assertion_failure+0x8>)
10001600:	f7fe fef2 	bl	100003e8 <panic>
10001604:	10006d08 	.word	0x10006d08

10001608 <runtime_run_initializers>:
10001608:	b570      	push	{r4, r5, r6, lr}
1000160a:	4d07      	ldr	r5, [pc, #28]	@ (10001628 <runtime_run_initializers+0x20>)
1000160c:	4e07      	ldr	r6, [pc, #28]	@ (1000162c <runtime_run_initializers+0x24>)
1000160e:	42b5      	cmp	r5, r6
10001610:	d209      	bcs.n	10001626 <runtime_run_initializers+0x1e>
10001612:	2400      	movs	r4, #0
10001614:	3e01      	subs	r6, #1
10001616:	1b76      	subs	r6, r6, r5
10001618:	08b6      	lsrs	r6, r6, #2
1000161a:	cd08      	ldmia	r5!, {r3}
1000161c:	4798      	blx	r3
1000161e:	0023      	movs	r3, r4
10001620:	3401      	adds	r4, #1
10001622:	42b3      	cmp	r3, r6
10001624:	d1f9      	bne.n	1000161a <runtime_run_initializers+0x12>
10001626:	bd70      	pop	{r4, r5, r6, pc}
10001628:	10006bd8 	.word	0x10006bd8
1000162c:	10006c14 	.word	0x10006c14

10001630 <runtime_init_early_resets>:
10001630:	4b05      	ldr	r3, [pc, #20]	@ (10001648 <runtime_init_early_resets+0x18>)
10001632:	4a06      	ldr	r2, [pc, #24]	@ (1000164c <runtime_init_early_resets+0x1c>)
10001634:	4906      	ldr	r1, [pc, #24]	@ (10001650 <runtime_init_early_resets+0x20>)
10001636:	601a      	str	r2, [r3, #0]
10001638:	4a06      	ldr	r2, [pc, #24]	@ (10001654 <runtime_init_early_resets+0x24>)
1000163a:	4b07      	ldr	r3, [pc, #28]	@ (10001658 <runtime_init_early_resets+0x28>)
1000163c:	601a      	str	r2, [r3, #0]
1000163e:	0010      	movs	r0, r2
10001640:	680b      	ldr	r3, [r1, #0]
10001642:	4398      	bics	r0, r3
10001644:	d1fb      	bne.n	1000163e <runtime_init_early_resets+0xe>
10001646:	4770      	bx	lr
10001648:	4000e000 	.word	0x4000e000
1000164c:	fefbcdbf 	.word	0xfefbcdbf
10001650:	4000c008 	.word	0x4000c008
10001654:	003c7ffe 	.word	0x003c7ffe
10001658:	4000f000 	.word	0x4000f000

1000165c <runtime_init_usb_power_down>:
1000165c:	4b04      	ldr	r3, [pc, #16]	@ (10001670 <runtime_init_usb_power_down+0x14>)
1000165e:	6cdb      	ldr	r3, [r3, #76]	@ 0x4c
10001660:	2b00      	cmp	r3, #0
10001662:	d103      	bne.n	1000166c <runtime_init_usb_power_down+0x10>
10001664:	2280      	movs	r2, #128	@ 0x80
10001666:	4b03      	ldr	r3, [pc, #12]	@ (10001674 <runtime_init_usb_power_down+0x18>)
10001668:	02d2      	lsls	r2, r2, #11
1000166a:	601a      	str	r2, [r3, #0]
1000166c:	4770      	bx	lr
1000166e:	46c0      	nop			@ (mov r8, r8)
10001670:	50110000 	.word	0x50110000
10001674:	5011204c 	.word	0x5011204c

10001678 <runtime_init_post_clock_resets>:
10001678:	4a04      	ldr	r2, [pc, #16]	@ (1000168c <runtime_init_post_clock_resets+0x14>)
1000167a:	4b05      	ldr	r3, [pc, #20]	@ (10001690 <runtime_init_post_clock_resets+0x18>)
1000167c:	601a      	str	r2, [r3, #0]
1000167e:	4a05      	ldr	r2, [pc, #20]	@ (10001694 <runtime_init_post_clock_resets+0x1c>)
10001680:	6813      	ldr	r3, [r2, #0]
10001682:	01db      	lsls	r3, r3, #7
10001684:	3380      	adds	r3, #128	@ 0x80
10001686:	d1fb      	bne.n	10001680 <runtime_init_post_clock_resets+0x8>
10001688:	4770      	bx	lr
1000168a:	46c0      	nop			@ (mov r8, r8)
1000168c:	01ffffff 	.word	0x01ffffff
10001690:	4000f000 	.word	0x4000f000
10001694:	4000c008 	.word	0x4000c008

10001698 <runtime_init_rp2040_gpio_ie_disable>:
10001698:	2240      	movs	r2, #64	@ 0x40
1000169a:	4b03      	ldr	r3, [pc, #12]	@ (100016a8 <runtime_init_rp2040_gpio_ie_disable+0x10>)
1000169c:	679a      	str	r2, [r3, #120]	@ 0x78
1000169e:	675a      	str	r2, [r3, #116]	@ 0x74
100016a0:	671a      	str	r2, [r3, #112]	@ 0x70
100016a2:	66da      	str	r2, [r3, #108]	@ 0x6c
100016a4:	4770      	bx	lr
100016a6:	46c0      	nop			@ (mov r8, r8)
100016a8:	4001f000 	.word	0x4001f000

100016ac <runtime_init_spin_locks_reset>:
100016ac:	b510      	push	{r4, lr}
100016ae:	f7fe ff37 	bl	10000520 <spin_locks_reset>
100016b2:	bd10      	pop	{r4, pc}

100016b4 <runtime_init_install_ram_vector_table>:
100016b4:	b5f8      	push	{r3, r4, r5, r6, r7, lr}
100016b6:	4927      	ldr	r1, [pc, #156]	@ (10001754 <runtime_init_install_ram_vector_table+0xa0>)
100016b8:	4c27      	ldr	r4, [pc, #156]	@ (10001758 <runtime_init_install_ram_vector_table+0xa4>)
100016ba:	4d28      	ldr	r5, [pc, #160]	@ (1000175c <runtime_init_install_ram_vector_table+0xa8>)
100016bc:	1a64      	subs	r4, r4, r1
100016be:	10a6      	asrs	r6, r4, #2
100016c0:	0032      	movs	r2, r6
100016c2:	2e30      	cmp	r6, #48	@ 0x30
100016c4:	d900      	bls.n	100016c8 <runtime_init_install_ram_vector_table+0x14>
100016c6:	2230      	movs	r2, #48	@ 0x30
100016c8:	0028      	movs	r0, r5
100016ca:	0092      	lsls	r2, r2, #2
100016cc:	f000 ff7c 	bl	100025c8 <__wrap___aeabi_memcpy>
100016d0:	2cbc      	cmp	r4, #188	@ 0xbc
100016d2:	d83b      	bhi.n	1000174c <runtime_init_install_ram_vector_table+0x98>
100016d4:	2030      	movs	r0, #48	@ 0x30
100016d6:	232f      	movs	r3, #47	@ 0x2f
100016d8:	192c      	adds	r4, r5, r4
100016da:	0764      	lsls	r4, r4, #29
100016dc:	4a20      	ldr	r2, [pc, #128]	@ (10001760 <runtime_init_install_ram_vector_table+0xac>)
100016de:	1b80      	subs	r0, r0, r6
100016e0:	0fe4      	lsrs	r4, r4, #31
100016e2:	1b9b      	subs	r3, r3, r6
100016e4:	2b05      	cmp	r3, #5
100016e6:	d916      	bls.n	10001716 <runtime_init_install_ram_vector_table+0x62>
100016e8:	0037      	movs	r7, r6
100016ea:	2c00      	cmp	r4, #0
100016ec:	d002      	beq.n	100016f4 <runtime_init_install_ram_vector_table+0x40>
100016ee:	00b3      	lsls	r3, r6, #2
100016f0:	1c77      	adds	r7, r6, #1
100016f2:	50ea      	str	r2, [r5, r3]
100016f4:	1b00      	subs	r0, r0, r4
100016f6:	1933      	adds	r3, r6, r4
100016f8:	009b      	lsls	r3, r3, #2
100016fa:	0841      	lsrs	r1, r0, #1
100016fc:	18eb      	adds	r3, r5, r3
100016fe:	00c9      	lsls	r1, r1, #3
10001700:	18c9      	adds	r1, r1, r3
10001702:	601a      	str	r2, [r3, #0]
10001704:	605a      	str	r2, [r3, #4]
10001706:	3308      	adds	r3, #8
10001708:	4299      	cmp	r1, r3
1000170a:	d1fa      	bne.n	10001702 <runtime_init_install_ram_vector_table+0x4e>
1000170c:	2301      	movs	r3, #1
1000170e:	4203      	tst	r3, r0
10001710:	d01c      	beq.n	1000174c <runtime_init_install_ram_vector_table+0x98>
10001712:	4398      	bics	r0, r3
10001714:	19c6      	adds	r6, r0, r7
10001716:	00b3      	lsls	r3, r6, #2
10001718:	50ea      	str	r2, [r5, r3]
1000171a:	1c73      	adds	r3, r6, #1
1000171c:	2e2f      	cmp	r6, #47	@ 0x2f
1000171e:	d015      	beq.n	1000174c <runtime_init_install_ram_vector_table+0x98>
10001720:	009b      	lsls	r3, r3, #2
10001722:	50ea      	str	r2, [r5, r3]
10001724:	1cb3      	adds	r3, r6, #2
10001726:	2e2e      	cmp	r6, #46	@ 0x2e
10001728:	d010      	beq.n	1000174c <runtime_init_install_ram_vector_table+0x98>
1000172a:	009b      	lsls	r3, r3, #2
1000172c:	50ea      	str	r2, [r5, r3]
1000172e:	1cf3      	adds	r3, r6, #3
10001730:	2e2d      	cmp	r6, #45	@ 0x2d
10001732:	d00b      	beq.n	1000174c <runtime_init_install_ram_vector_table+0x98>
10001734:	009b      	lsls	r3, r3, #2
10001736:	50ea      	str	r2, [r5, r3]
10001738:	1d33      	adds	r3, r6, #4
1000173a:	2e2c      	cmp	r6, #44	@ 0x2c
1000173c:	d006      	beq.n	1000174c <runtime_init_install_ram_vector_table+0x98>
1000173e:	009b      	lsls	r3, r3, #2
10001740:	50ea      	str	r2, [r5, r3]
10001742:	1d73      	adds	r3, r6, #5
10001744:	2e2b      	cmp	r6, #43	@ 0x2b
10001746:	d001      	beq.n	1000174c <runtime_init_install_ram_vector_table+0x98>
10001748:	009b      	lsls	r3, r3, #2
1000174a:	50ea      	str	r2, [r5, r3]
1000174c:	4b05      	ldr	r3, [pc, #20]	@ (10001764 <runtime_init_install_ram_vector_table+0xb0>)
1000174e:	609d      	str	r5, [r3, #8]
10001750:	bdf8      	pop	{r3, r4, r5, r6, r7, pc}
10001752:	46c0      	nop			@ (mov r8, r8)
10001754:	10000100 	.word	0x10000100
10001758:	100001c0 	.word	0x100001c0
1000175c:	20000000 	.word	0x20000000
10001760:	100001c1 	.word	0x100001c1
10001764:	e000ed00 	.word	0xe000ed00

10001768 <runtime_init_clocks>:
10001768:	2300      	movs	r3, #0
1000176a:	b510      	push	{r4, lr}
1000176c:	4c29      	ldr	r4, [pc, #164]	@ (10001814 <runtime_init_clocks+0xac>)
1000176e:	b082      	sub	sp, #8
10001770:	67a3      	str	r3, [r4, #120]	@ 0x78
10001772:	f7ff ff2d 	bl	100015d0 <xosc_init>
10001776:	2201      	movs	r2, #1
10001778:	4b27      	ldr	r3, [pc, #156]	@ (10001818 <runtime_init_clocks+0xb0>)
1000177a:	601a      	str	r2, [r3, #0]
1000177c:	6c63      	ldr	r3, [r4, #68]	@ 0x44
1000177e:	2b01      	cmp	r3, #1
10001780:	d1fc      	bne.n	1000177c <runtime_init_clocks+0x14>
10001782:	2203      	movs	r2, #3
10001784:	4b25      	ldr	r3, [pc, #148]	@ (1000181c <runtime_init_clocks+0xb4>)
10001786:	601a      	str	r2, [r3, #0]
10001788:	4a22      	ldr	r2, [pc, #136]	@ (10001814 <runtime_init_clocks+0xac>)
1000178a:	6b93      	ldr	r3, [r2, #56]	@ 0x38
1000178c:	2b01      	cmp	r3, #1
1000178e:	d1fc      	bne.n	1000178a <runtime_init_clocks+0x22>
10001790:	3301      	adds	r3, #1
10001792:	9300      	str	r3, [sp, #0]
10001794:	2101      	movs	r1, #1
10001796:	4a22      	ldr	r2, [pc, #136]	@ (10001820 <runtime_init_clocks+0xb8>)
10001798:	4822      	ldr	r0, [pc, #136]	@ (10001824 <runtime_init_clocks+0xbc>)
1000179a:	3304      	adds	r3, #4
1000179c:	f7ff fe2c 	bl	100013f8 <pll_init>
100017a0:	2305      	movs	r3, #5
100017a2:	2101      	movs	r1, #1
100017a4:	9300      	str	r3, [sp, #0]
100017a6:	4a20      	ldr	r2, [pc, #128]	@ (10001828 <runtime_init_clocks+0xc0>)
100017a8:	4820      	ldr	r0, [pc, #128]	@ (1000182c <runtime_init_clocks+0xc4>)
100017aa:	f7ff fe25 	bl	100013f8 <pll_init>
100017ae:	2200      	movs	r2, #0
100017b0:	2102      	movs	r1, #2
100017b2:	2004      	movs	r0, #4
100017b4:	4b1e      	ldr	r3, [pc, #120]	@ (10001830 <runtime_init_clocks+0xc8>)
100017b6:	f7ff fda5 	bl	10001304 <clock_configure_undivided>
100017ba:	2200      	movs	r2, #0
100017bc:	2101      	movs	r1, #1
100017be:	2005      	movs	r0, #5
100017c0:	4b1c      	ldr	r3, [pc, #112]	@ (10001834 <runtime_init_clocks+0xcc>)
100017c2:	f7ff fd9f 	bl	10001304 <clock_configure_undivided>
100017c6:	2200      	movs	r2, #0
100017c8:	2100      	movs	r1, #0
100017ca:	2007      	movs	r0, #7
100017cc:	4b1a      	ldr	r3, [pc, #104]	@ (10001838 <runtime_init_clocks+0xd0>)
100017ce:	f7ff fd99 	bl	10001304 <clock_configure_undivided>
100017d2:	2200      	movs	r2, #0
100017d4:	2100      	movs	r1, #0
100017d6:	2008      	movs	r0, #8
100017d8:	4b17      	ldr	r3, [pc, #92]	@ (10001838 <runtime_init_clocks+0xd0>)
100017da:	f7ff fd93 	bl	10001304 <clock_configure_undivided>
100017de:	2380      	movs	r3, #128	@ 0x80
100017e0:	00db      	lsls	r3, r3, #3
100017e2:	9300      	str	r3, [sp, #0]
100017e4:	2200      	movs	r2, #0
100017e6:	2100      	movs	r1, #0
100017e8:	2009      	movs	r0, #9
100017ea:	4b13      	ldr	r3, [pc, #76]	@ (10001838 <runtime_init_clocks+0xd0>)
100017ec:	f7ff fd10 	bl	10001210 <clock_configure_int_divider>
100017f0:	2200      	movs	r2, #0
100017f2:	4b10      	ldr	r3, [pc, #64]	@ (10001834 <runtime_init_clocks+0xcc>)
100017f4:	2100      	movs	r1, #0
100017f6:	2006      	movs	r0, #6
100017f8:	f7ff fd84 	bl	10001304 <clock_configure_undivided>
100017fc:	2004      	movs	r0, #4
100017fe:	f7ff fdf5 	bl	100013ec <clock_get_hz>
10001802:	490e      	ldr	r1, [pc, #56]	@ (1000183c <runtime_init_clocks+0xd4>)
10001804:	f000 f84c 	bl	100018a0 <__wrap___aeabi_uidiv>
10001808:	0001      	movs	r1, r0
1000180a:	2000      	movs	r0, #0
1000180c:	f7ff fe94 	bl	10001538 <tick_start>
10001810:	b002      	add	sp, #8
10001812:	bd10      	pop	{r4, pc}
10001814:	40008000 	.word	0x40008000
10001818:	4000b03c 	.word	0x4000b03c
1000181c:	4000b030 	.word	0x4000b030
10001820:	59682f00 	.word	0x59682f00
10001824:	40028000 	.word	0x40028000
10001828:	47868c00 	.word	0x47868c00
1000182c:	4002c000 	.word	0x4002c000
10001830:	00b71b00 	.word	0x00b71b00
10001834:	07735940 	.word	0x07735940
10001838:	02dc6c00 	.word	0x02dc6c00
1000183c:	000f4240 	.word	0x000f4240

10001840 <__aeabi_bits_init>:
10001840:	4801      	ldr	r0, [pc, #4]	@ (10001848 <__aeabi_bits_init+0x8>)
10001842:	2104      	movs	r1, #4
10001844:	4b01      	ldr	r3, [pc, #4]	@ (1000184c <__aeabi_bits_init+0xc>)
10001846:	4718      	bx	r3
10001848:	20001050 	.word	0x20001050
1000184c:	10001569 	.word	0x10001569

10001850 <__wrap___aeabi_idiv>:
10001850:	4a12      	ldr	r2, [pc, #72]	@ (1000189c <divmod_s32s32_savestate+0x18>)
10001852:	6f93      	ldr	r3, [r2, #120]	@ 0x78
10001854:	089b      	lsrs	r3, r3, #2
10001856:	d215      	bcs.n	10001884 <divmod_s32s32_savestate>

10001858 <divmod_s32s32_unsafe>:
10001858:	6690      	str	r0, [r2, #104]	@ 0x68
1000185a:	66d1      	str	r1, [r2, #108]	@ 0x6c
1000185c:	2900      	cmp	r1, #0
1000185e:	d005      	beq.n	1000186c <divmod_s32s32_unsafe+0x14>
10001860:	e7ff      	b.n	10001862 <divmod_s32s32_unsafe+0xa>
10001862:	e7ff      	b.n	10001864 <divmod_s32s32_unsafe+0xc>
10001864:	e7ff      	b.n	10001866 <divmod_s32s32_unsafe+0xe>
10001866:	6f51      	ldr	r1, [r2, #116]	@ 0x74
10001868:	6f10      	ldr	r0, [r2, #112]	@ 0x70
1000186a:	4770      	bx	lr
1000186c:	b504      	push	{r2, lr}
1000186e:	2180      	movs	r1, #128	@ 0x80
10001870:	0609      	lsls	r1, r1, #24
10001872:	17c2      	asrs	r2, r0, #31
10001874:	4051      	eors	r1, r2
10001876:	2800      	cmp	r0, #0
10001878:	d000      	beq.n	1000187c <divmod_s32s32_unsafe+0x24>
1000187a:	43c8      	mvns	r0, r1
1000187c:	f005 f96c 	bl	10006b58 <____aeabi_idiv0_veneer>
10001880:	2100      	movs	r1, #0
10001882:	bd04      	pop	{r2, pc}

10001884 <divmod_s32s32_savestate>:
10001884:	b5f0      	push	{r4, r5, r6, r7, lr}
10001886:	6e14      	ldr	r4, [r2, #96]	@ 0x60
10001888:	6e55      	ldr	r5, [r2, #100]	@ 0x64
1000188a:	6f57      	ldr	r7, [r2, #116]	@ 0x74
1000188c:	6f16      	ldr	r6, [r2, #112]	@ 0x70
1000188e:	f7ff ffe3 	bl	10001858 <divmod_s32s32_unsafe>
10001892:	6614      	str	r4, [r2, #96]	@ 0x60
10001894:	6655      	str	r5, [r2, #100]	@ 0x64
10001896:	6757      	str	r7, [r2, #116]	@ 0x74
10001898:	6716      	str	r6, [r2, #112]	@ 0x70
1000189a:	bdf0      	pop	{r4, r5, r6, r7, pc}
1000189c:	d0000000 	.word	0xd0000000

100018a0 <__wrap___aeabi_uidiv>:
100018a0:	4a11      	ldr	r2, [pc, #68]	@ (100018e8 <divmod_u32u32_savestate+0x18>)
100018a2:	6f93      	ldr	r3, [r2, #120]	@ 0x78
100018a4:	089b      	lsrs	r3, r3, #2
100018a6:	d213      	bcs.n	100018d0 <divmod_u32u32_savestate>

100018a8 <divmod_u32u32_unsafe>:
100018a8:	6610      	str	r0, [r2, #96]	@ 0x60
100018aa:	6651      	str	r1, [r2, #100]	@ 0x64
100018ac:	2900      	cmp	r1, #0
100018ae:	d005      	beq.n	100018bc <divmod_u32u32_unsafe+0x14>
100018b0:	e7ff      	b.n	100018b2 <divmod_u32u32_unsafe+0xa>
100018b2:	e7ff      	b.n	100018b4 <divmod_u32u32_unsafe+0xc>
100018b4:	e7ff      	b.n	100018b6 <divmod_u32u32_unsafe+0xe>
100018b6:	6f51      	ldr	r1, [r2, #116]	@ 0x74
100018b8:	6f10      	ldr	r0, [r2, #112]	@ 0x70
100018ba:	4770      	bx	lr
100018bc:	b504      	push	{r2, lr}
100018be:	2800      	cmp	r0, #0
100018c0:	d001      	beq.n	100018c6 <divmod_u32u32_unsafe+0x1e>
100018c2:	2000      	movs	r0, #0
100018c4:	43c0      	mvns	r0, r0
100018c6:	f005 f947 	bl	10006b58 <____aeabi_idiv0_veneer>
100018ca:	2100      	movs	r1, #0
100018cc:	bd04      	pop	{r2, pc}
100018ce:	46c0      	nop			@ (mov r8, r8)

100018d0 <divmod_u32u32_savestate>:
100018d0:	b5f0      	push	{r4, r5, r6, r7, lr}
100018d2:	6e14      	ldr	r4, [r2, #96]	@ 0x60
100018d4:	6e55      	ldr	r5, [r2, #100]	@ 0x64
100018d6:	6f57      	ldr	r7, [r2, #116]	@ 0x74
100018d8:	6f16      	ldr	r6, [r2, #112]	@ 0x70
100018da:	f7ff ffe5 	bl	100018a8 <divmod_u32u32_unsafe>
100018de:	6614      	str	r4, [r2, #96]	@ 0x60
100018e0:	6655      	str	r5, [r2, #100]	@ 0x64
100018e2:	6757      	str	r7, [r2, #116]	@ 0x74
100018e4:	6716      	str	r6, [r2, #112]	@ 0x70
100018e6:	bdf0      	pop	{r4, r5, r6, r7, pc}
100018e8:	d0000000 	.word	0xd0000000

100018ec <__wrap___aeabi_ldivmod>:
100018ec:	4694      	mov	ip, r2
100018ee:	4a4a      	ldr	r2, [pc, #296]	@ (10001a18 <udiv0+0x1a>)
100018f0:	6f92      	ldr	r2, [r2, #120]	@ 0x78
100018f2:	0892      	lsrs	r2, r2, #2
100018f4:	4662      	mov	r2, ip
100018f6:	d201      	bcs.n	100018fc <divmod_s64s64_savestate>
100018f8:	e028      	b.n	1000194c <divmod_s64s64_unsafe>
100018fa:	46c0      	nop			@ (mov r8, r8)

100018fc <divmod_s64s64_savestate>:
100018fc:	b5f0      	push	{r4, r5, r6, r7, lr}
100018fe:	4e46      	ldr	r6, [pc, #280]	@ (10001a18 <udiv0+0x1a>)
10001900:	6e34      	ldr	r4, [r6, #96]	@ 0x60
10001902:	6e75      	ldr	r5, [r6, #100]	@ 0x64
10001904:	6f77      	ldr	r7, [r6, #116]	@ 0x74
10001906:	6f36      	ldr	r6, [r6, #112]	@ 0x70
10001908:	f000 f820 	bl	1000194c <divmod_s64s64_unsafe>
1000190c:	4694      	mov	ip, r2
1000190e:	4a42      	ldr	r2, [pc, #264]	@ (10001a18 <udiv0+0x1a>)
10001910:	6614      	str	r4, [r2, #96]	@ 0x60
10001912:	6655      	str	r5, [r2, #100]	@ 0x64
10001914:	6757      	str	r7, [r2, #116]	@ 0x74
10001916:	6716      	str	r6, [r2, #112]	@ 0x70
10001918:	4662      	mov	r2, ip
1000191a:	bdf0      	pop	{r4, r5, r6, r7, pc}

1000191c <__wrap___aeabi_uldivmod>:
1000191c:	4694      	mov	ip, r2
1000191e:	4a3e      	ldr	r2, [pc, #248]	@ (10001a18 <udiv0+0x1a>)
10001920:	6f92      	ldr	r2, [r2, #120]	@ 0x78
10001922:	0892      	lsrs	r2, r2, #2
10001924:	4662      	mov	r2, ip
10001926:	d201      	bcs.n	1000192c <divmod_u64u64_savestate>
10001928:	e054      	b.n	100019d4 <divmod_u64u64_unsafe>
1000192a:	46c0      	nop			@ (mov r8, r8)

1000192c <divmod_u64u64_savestate>:
1000192c:	b5f0      	push	{r4, r5, r6, r7, lr}
1000192e:	4e3a      	ldr	r6, [pc, #232]	@ (10001a18 <udiv0+0x1a>)
10001930:	6e34      	ldr	r4, [r6, #96]	@ 0x60
10001932:	6e75      	ldr	r5, [r6, #100]	@ 0x64
10001934:	6f77      	ldr	r7, [r6, #116]	@ 0x74
10001936:	6f36      	ldr	r6, [r6, #112]	@ 0x70
10001938:	f000 f84c 	bl	100019d4 <divmod_u64u64_unsafe>
1000193c:	4694      	mov	ip, r2
1000193e:	4a36      	ldr	r2, [pc, #216]	@ (10001a18 <udiv0+0x1a>)
10001940:	6614      	str	r4, [r2, #96]	@ 0x60
10001942:	6655      	str	r5, [r2, #100]	@ 0x64
10001944:	6757      	str	r7, [r2, #116]	@ 0x74
10001946:	6716      	str	r6, [r2, #112]	@ 0x70
10001948:	4662      	mov	r2, ip
1000194a:	bdf0      	pop	{r4, r5, r6, r7, pc}

1000194c <divmod_s64s64_unsafe>:
1000194c:	2b00      	cmp	r3, #0
1000194e:	db24      	blt.n	1000199a <l42_1+0x26>
10001950:	d011      	beq.n	10001976 <l42_1+0x2>
10001952:	2900      	cmp	r1, #0
10001954:	da3e      	bge.n	100019d4 <divmod_u64u64_unsafe>
10001956:	b500      	push	{lr}
10001958:	43c9      	mvns	r1, r1
1000195a:	4240      	negs	r0, r0
1000195c:	d100      	bne.n	10001960 <l40_1>
1000195e:	3101      	adds	r1, #1

10001960 <l40_1>:
10001960:	f000 f838 	bl	100019d4 <divmod_u64u64_unsafe>
10001964:	43c9      	mvns	r1, r1
10001966:	4240      	negs	r0, r0
10001968:	d100      	bne.n	1000196c <l41_1>
1000196a:	3101      	adds	r1, #1

1000196c <l41_1>:
1000196c:	43db      	mvns	r3, r3
1000196e:	4252      	negs	r2, r2
10001970:	d100      	bne.n	10001974 <l42_1>
10001972:	3301      	adds	r3, #1

10001974 <l42_1>:
10001974:	bd00      	pop	{pc}
10001976:	2a00      	cmp	r2, #0
10001978:	d1eb      	bne.n	10001952 <divmod_s64s64_unsafe+0x6>
1000197a:	2800      	cmp	r0, #0
1000197c:	d101      	bne.n	10001982 <l42_1+0xe>
1000197e:	2900      	cmp	r1, #0
10001980:	d005      	beq.n	1000198e <l42_1+0x1a>
10001982:	2000      	movs	r0, #0
10001984:	0fc9      	lsrs	r1, r1, #31
10001986:	07c9      	lsls	r1, r1, #31
10001988:	d101      	bne.n	1000198e <l42_1+0x1a>
1000198a:	43c0      	mvns	r0, r0
1000198c:	0841      	lsrs	r1, r0, #1
1000198e:	b500      	push	{lr}
10001990:	f005 f8d2 	bl	10006b38 <____aeabi_ldiv0_veneer>
10001994:	2200      	movs	r2, #0
10001996:	2300      	movs	r3, #0
10001998:	bd00      	pop	{pc}
1000199a:	b500      	push	{lr}
1000199c:	2900      	cmp	r1, #0
1000199e:	db0a      	blt.n	100019b6 <l44_1+0x2>
100019a0:	43db      	mvns	r3, r3
100019a2:	4252      	negs	r2, r2
100019a4:	d100      	bne.n	100019a8 <l43_1>
100019a6:	3301      	adds	r3, #1

100019a8 <l43_1>:
100019a8:	f000 f814 	bl	100019d4 <divmod_u64u64_unsafe>
100019ac:	43c9      	mvns	r1, r1
100019ae:	4240      	negs	r0, r0
100019b0:	d100      	bne.n	100019b4 <l44_1>
100019b2:	3101      	adds	r1, #1

100019b4 <l44_1>:
100019b4:	bd00      	pop	{pc}
100019b6:	43c9      	mvns	r1, r1
100019b8:	4240      	negs	r0, r0
100019ba:	d100      	bne.n	100019be <l45_1>
100019bc:	3101      	adds	r1, #1

100019be <l45_1>:
100019be:	43db      	mvns	r3, r3
100019c0:	4252      	negs	r2, r2
100019c2:	d100      	bne.n	100019c6 <l46_1>
100019c4:	3301      	adds	r3, #1

100019c6 <l46_1>:
100019c6:	f000 f805 	bl	100019d4 <divmod_u64u64_unsafe>
100019ca:	43db      	mvns	r3, r3
100019cc:	4252      	negs	r2, r2
100019ce:	d100      	bne.n	100019d2 <l47_1>
100019d0:	3301      	adds	r3, #1

100019d2 <l47_1>:
100019d2:	bd00      	pop	{pc}

100019d4 <divmod_u64u64_unsafe>:
100019d4:	2900      	cmp	r1, #0
100019d6:	d123      	bne.n	10001a20 <y64>
100019d8:	2b00      	cmp	r3, #0
100019da:	d118      	bne.n	10001a0e <udiv0+0x10>
100019dc:	2a00      	cmp	r2, #0
100019de:	d00c      	beq.n	100019fa <divmod_u64u64_unsafe+0x26>
100019e0:	46bc      	mov	ip, r7
100019e2:	4f0d      	ldr	r7, [pc, #52]	@ (10001a18 <udiv0+0x1a>)
100019e4:	6638      	str	r0, [r7, #96]	@ 0x60
100019e6:	667a      	str	r2, [r7, #100]	@ 0x64
100019e8:	2100      	movs	r1, #0
100019ea:	2300      	movs	r3, #0
100019ec:	e7ff      	b.n	100019ee <divmod_u64u64_unsafe+0x1a>
100019ee:	e7ff      	b.n	100019f0 <divmod_u64u64_unsafe+0x1c>
100019f0:	e7ff      	b.n	100019f2 <divmod_u64u64_unsafe+0x1e>
100019f2:	6f7a      	ldr	r2, [r7, #116]	@ 0x74
100019f4:	6f38      	ldr	r0, [r7, #112]	@ 0x70
100019f6:	4667      	mov	r7, ip
100019f8:	4770      	bx	lr
100019fa:	2800      	cmp	r0, #0
100019fc:	d001      	beq.n	10001a02 <udiv0+0x4>

100019fe <udiv0>:
100019fe:	4807      	ldr	r0, [pc, #28]	@ (10001a1c <udiv0+0x1e>)
10001a00:	0001      	movs	r1, r0
10001a02:	b500      	push	{lr}
10001a04:	f005 f898 	bl	10006b38 <____aeabi_ldiv0_veneer>
10001a08:	2200      	movs	r2, #0
10001a0a:	2300      	movs	r3, #0
10001a0c:	bd00      	pop	{pc}
10001a0e:	0002      	movs	r2, r0
10001a10:	000b      	movs	r3, r1
10001a12:	2000      	movs	r0, #0
10001a14:	2100      	movs	r1, #0
10001a16:	4770      	bx	lr
10001a18:	d0000000 	.word	0xd0000000
10001a1c:	ffffffff 	.word	0xffffffff

10001a20 <y64>:
10001a20:	2b00      	cmp	r3, #0
10001a22:	d000      	beq.n	10001a26 <y64+0x6>
10001a24:	e0bf      	b.n	10001ba6 <y64_x48>
10001a26:	0c13      	lsrs	r3, r2, #16
10001a28:	d128      	bne.n	10001a7c <y64_x32>
10001a2a:	2a00      	cmp	r2, #0
10001a2c:	d0e7      	beq.n	100019fe <udiv0>
10001a2e:	b480      	push	{r7}
10001a30:	4f11      	ldr	r7, [pc, #68]	@ (10001a78 <y64+0x58>)
10001a32:	6639      	str	r1, [r7, #96]	@ 0x60
10001a34:	667a      	str	r2, [r7, #100]	@ 0x64
10001a36:	e7ff      	b.n	10001a38 <y64+0x18>
10001a38:	e7ff      	b.n	10001a3a <y64+0x1a>
10001a3a:	b430      	push	{r4, r5}
10001a3c:	0c04      	lsrs	r4, r0, #16
10001a3e:	6f7b      	ldr	r3, [r7, #116]	@ 0x74
10001a40:	6f39      	ldr	r1, [r7, #112]	@ 0x70
10001a42:	041b      	lsls	r3, r3, #16
10001a44:	4323      	orrs	r3, r4
10001a46:	663b      	str	r3, [r7, #96]	@ 0x60
10001a48:	667a      	str	r2, [r7, #100]	@ 0x64
10001a4a:	e7ff      	b.n	10001a4c <y64+0x2c>
10001a4c:	e7ff      	b.n	10001a4e <y64+0x2e>
10001a4e:	e7ff      	b.n	10001a50 <y64+0x30>
10001a50:	46c0      	nop			@ (mov r8, r8)
10001a52:	b284      	uxth	r4, r0
10001a54:	6f7b      	ldr	r3, [r7, #116]	@ 0x74
10001a56:	6f3d      	ldr	r5, [r7, #112]	@ 0x70
10001a58:	041b      	lsls	r3, r3, #16
10001a5a:	4323      	orrs	r3, r4
10001a5c:	663b      	str	r3, [r7, #96]	@ 0x60
10001a5e:	667a      	str	r2, [r7, #100]	@ 0x64
10001a60:	e7ff      	b.n	10001a62 <y64+0x42>
10001a62:	e7ff      	b.n	10001a64 <y64+0x44>
10001a64:	46c0      	nop			@ (mov r8, r8)
10001a66:	2300      	movs	r3, #0
10001a68:	042c      	lsls	r4, r5, #16
10001a6a:	0c2d      	lsrs	r5, r5, #16
10001a6c:	6f7a      	ldr	r2, [r7, #116]	@ 0x74
10001a6e:	6f38      	ldr	r0, [r7, #112]	@ 0x70
10001a70:	1900      	adds	r0, r0, r4
10001a72:	4169      	adcs	r1, r5
10001a74:	bcb0      	pop	{r4, r5, r7}
10001a76:	4770      	bx	lr
10001a78:	d0000000 	.word	0xd0000000

10001a7c <y64_x32>:
10001a7c:	b5f0      	push	{r4, r5, r6, r7, lr}
10001a7e:	4694      	mov	ip, r2
10001a80:	2500      	movs	r5, #0
10001a82:	0e14      	lsrs	r4, r2, #24
10001a84:	d101      	bne.n	10001a8a <y64_x32+0xe>
10001a86:	0212      	lsls	r2, r2, #8
10001a88:	3508      	adds	r5, #8
10001a8a:	0f14      	lsrs	r4, r2, #28
10001a8c:	d101      	bne.n	10001a92 <y64_x32+0x16>
10001a8e:	0112      	lsls	r2, r2, #4
10001a90:	3504      	adds	r5, #4
10001a92:	0f94      	lsrs	r4, r2, #30
10001a94:	d101      	bne.n	10001a9a <y64_x32+0x1e>
10001a96:	0092      	lsls	r2, r2, #2
10001a98:	3502      	adds	r5, #2
10001a9a:	0fd4      	lsrs	r4, r2, #31
10001a9c:	d101      	bne.n	10001aa2 <y64_x32+0x26>
10001a9e:	0052      	lsls	r2, r2, #1
10001aa0:	3501      	adds	r5, #1
10001aa2:	0bd4      	lsrs	r4, r2, #15
10001aa4:	3401      	adds	r4, #1
10001aa6:	4f25      	ldr	r7, [pc, #148]	@ (10001b3c <y64_x32+0xc0>)
10001aa8:	667c      	str	r4, [r7, #100]	@ 0x64
10001aaa:	4c25      	ldr	r4, [pc, #148]	@ (10001b40 <y64_x32+0xc4>)
10001aac:	663c      	str	r4, [r7, #96]	@ 0x60
10001aae:	0c0e      	lsrs	r6, r1, #16
10001ab0:	b293      	uxth	r3, r2
10001ab2:	e7ff      	b.n	10001ab4 <y64_x32+0x38>
10001ab4:	e7ff      	b.n	10001ab6 <y64_x32+0x3a>
10001ab6:	e7ff      	b.n	10001ab8 <y64_x32+0x3c>
10001ab8:	6f3c      	ldr	r4, [r7, #112]	@ 0x70
10001aba:	4366      	muls	r6, r4
10001abc:	0c36      	lsrs	r6, r6, #16
10001abe:	0377      	lsls	r7, r6, #13
10001ac0:	46be      	mov	lr, r7
10001ac2:	4373      	muls	r3, r6
10001ac4:	0bdf      	lsrs	r7, r3, #15
10001ac6:	045b      	lsls	r3, r3, #17
10001ac8:	1ac0      	subs	r0, r0, r3
10001aca:	41b9      	sbcs	r1, r7
10001acc:	0c13      	lsrs	r3, r2, #16
10001ace:	4373      	muls	r3, r6
10001ad0:	18db      	adds	r3, r3, r3
10001ad2:	1ac9      	subs	r1, r1, r3
10001ad4:	08ce      	lsrs	r6, r1, #3
10001ad6:	4366      	muls	r6, r4
10001ad8:	0c36      	lsrs	r6, r6, #16
10001ada:	44b6      	add	lr, r6
10001adc:	b293      	uxth	r3, r2
10001ade:	4373      	muls	r3, r6
10001ae0:	0f1f      	lsrs	r7, r3, #28
10001ae2:	011b      	lsls	r3, r3, #4
10001ae4:	1ac0      	subs	r0, r0, r3
10001ae6:	41b9      	sbcs	r1, r7
10001ae8:	0c13      	lsrs	r3, r2, #16
10001aea:	4373      	muls	r3, r6
10001aec:	0b1f      	lsrs	r7, r3, #12
10001aee:	051b      	lsls	r3, r3, #20
10001af0:	1ac0      	subs	r0, r0, r3
10001af2:	41b9      	sbcs	r1, r7
10001af4:	0d86      	lsrs	r6, r0, #22
10001af6:	028f      	lsls	r7, r1, #10
10001af8:	433e      	orrs	r6, r7
10001afa:	4366      	muls	r6, r4
10001afc:	0c36      	lsrs	r6, r6, #16
10001afe:	2d09      	cmp	r5, #9
10001b00:	db24      	blt.n	10001b4c <last0>
10001b02:	0a52      	lsrs	r2, r2, #9
10001b04:	4372      	muls	r2, r6
10001b06:	1a80      	subs	r0, r0, r2
10001b08:	0377      	lsls	r7, r6, #13
10001b0a:	0a46      	lsrs	r6, r0, #9
10001b0c:	4366      	muls	r6, r4
10001b0e:	0c36      	lsrs	r6, r6, #16
10001b10:	2316      	movs	r3, #22
10001b12:	1b5b      	subs	r3, r3, r5
10001b14:	40de      	lsrs	r6, r3
10001b16:	40df      	lsrs	r7, r3
10001b18:	19bf      	adds	r7, r7, r6
10001b1a:	4664      	mov	r4, ip
10001b1c:	4366      	muls	r6, r4
10001b1e:	1b82      	subs	r2, r0, r6
10001b20:	4670      	mov	r0, lr
10001b22:	3504      	adds	r5, #4
10001b24:	3306      	adds	r3, #6
10001b26:	0001      	movs	r1, r0
10001b28:	40d9      	lsrs	r1, r3
10001b2a:	40a8      	lsls	r0, r5
10001b2c:	19c0      	adds	r0, r0, r7
10001b2e:	d300      	bcc.n	10001b32 <y64_x32+0xb6>
10001b30:	3101      	adds	r1, #1
10001b32:	42a2      	cmp	r2, r4
10001b34:	d206      	bcs.n	10001b44 <y64_x32+0xc8>
10001b36:	2300      	movs	r3, #0
10001b38:	bdf0      	pop	{r4, r5, r6, r7, pc}
10001b3a:	0000      	.short	0x0000
10001b3c:	d0000000 	.word	0xd0000000
10001b40:	ffffffff 	.word	0xffffffff
10001b44:	1b12      	subs	r2, r2, r4
10001b46:	3001      	adds	r0, #1
10001b48:	d3f3      	bcc.n	10001b32 <y64_x32+0xb6>
10001b4a:	e7f1      	b.n	10001b30 <y64_x32+0xb4>

10001b4c <last0>:
10001b4c:	2709      	movs	r7, #9
10001b4e:	1b7f      	subs	r7, r7, r5
10001b50:	40fe      	lsrs	r6, r7
10001b52:	4664      	mov	r4, ip
10001b54:	b2a2      	uxth	r2, r4
10001b56:	4372      	muls	r2, r6
10001b58:	1a80      	subs	r0, r0, r2
10001b5a:	d200      	bcs.n	10001b5e <last0+0x12>
10001b5c:	3901      	subs	r1, #1
10001b5e:	0c22      	lsrs	r2, r4, #16
10001b60:	4372      	muls	r2, r6
10001b62:	0c13      	lsrs	r3, r2, #16
10001b64:	0412      	lsls	r2, r2, #16
10001b66:	1a82      	subs	r2, r0, r2
10001b68:	4199      	sbcs	r1, r3
10001b6a:	000b      	movs	r3, r1
10001b6c:	4670      	mov	r0, lr
10001b6e:	3504      	adds	r5, #4
10001b70:	3713      	adds	r7, #19
10001b72:	0001      	movs	r1, r0
10001b74:	40f9      	lsrs	r1, r7
10001b76:	40a8      	lsls	r0, r5
10001b78:	1980      	adds	r0, r0, r6
10001b7a:	d300      	bcc.n	10001b7e <last0+0x32>
10001b7c:	3101      	adds	r1, #1
10001b7e:	2b00      	cmp	r3, #0
10001b80:	d102      	bne.n	10001b88 <last0+0x3c>
10001b82:	42a2      	cmp	r2, r4
10001b84:	d20a      	bcs.n	10001b9c <last0+0x50>
10001b86:	bdf0      	pop	{r4, r5, r6, r7, pc}
10001b88:	3001      	adds	r0, #1
10001b8a:	d300      	bcc.n	10001b8e <last0+0x42>
10001b8c:	3101      	adds	r1, #1
10001b8e:	1b12      	subs	r2, r2, r4
10001b90:	d2fa      	bcs.n	10001b88 <last0+0x3c>
10001b92:	3b01      	subs	r3, #1
10001b94:	d1f8      	bne.n	10001b88 <last0+0x3c>
10001b96:	42a2      	cmp	r2, r4
10001b98:	d200      	bcs.n	10001b9c <last0+0x50>
10001b9a:	bdf0      	pop	{r4, r5, r6, r7, pc}
10001b9c:	3001      	adds	r0, #1
10001b9e:	d300      	bcc.n	10001ba2 <last0+0x56>
10001ba0:	3101      	adds	r1, #1
10001ba2:	1b12      	subs	r2, r2, r4
10001ba4:	e7f7      	b.n	10001b96 <last0+0x4a>

10001ba6 <y64_x48>:
10001ba6:	b5f0      	push	{r4, r5, r6, r7, lr}
10001ba8:	0c1c      	lsrs	r4, r3, #16
10001baa:	d000      	beq.n	10001bae <y64_x48+0x8>
10001bac:	e080      	b.n	10001cb0 <y64_x64>
10001bae:	b40c      	push	{r2, r3}
10001bb0:	2500      	movs	r5, #0
10001bb2:	0a1c      	lsrs	r4, r3, #8
10001bb4:	d104      	bne.n	10001bc0 <y64_x48+0x1a>
10001bb6:	021b      	lsls	r3, r3, #8
10001bb8:	0e16      	lsrs	r6, r2, #24
10001bba:	4333      	orrs	r3, r6
10001bbc:	0212      	lsls	r2, r2, #8
10001bbe:	3508      	adds	r5, #8
10001bc0:	0b1c      	lsrs	r4, r3, #12
10001bc2:	d104      	bne.n	10001bce <y64_x48+0x28>
10001bc4:	011b      	lsls	r3, r3, #4
10001bc6:	0f16      	lsrs	r6, r2, #28
10001bc8:	4333      	orrs	r3, r6
10001bca:	0112      	lsls	r2, r2, #4
10001bcc:	3504      	adds	r5, #4
10001bce:	0b9c      	lsrs	r4, r3, #14
10001bd0:	d104      	bne.n	10001bdc <y64_x48+0x36>
10001bd2:	009b      	lsls	r3, r3, #2
10001bd4:	0f96      	lsrs	r6, r2, #30
10001bd6:	4333      	orrs	r3, r6
10001bd8:	0092      	lsls	r2, r2, #2
10001bda:	3502      	adds	r5, #2
10001bdc:	0bdc      	lsrs	r4, r3, #15
10001bde:	d102      	bne.n	10001be6 <y64_x48+0x40>
10001be0:	1892      	adds	r2, r2, r2
10001be2:	415b      	adcs	r3, r3
10001be4:	3501      	adds	r5, #1
10001be6:	001c      	movs	r4, r3
10001be8:	1897      	adds	r7, r2, r2
10001bea:	4164      	adcs	r4, r4
10001bec:	3401      	adds	r4, #1
10001bee:	4f46      	ldr	r7, [pc, #280]	@ (10001d08 <y64_x64+0x58>)
10001bf0:	667c      	str	r4, [r7, #100]	@ 0x64
10001bf2:	4c46      	ldr	r4, [pc, #280]	@ (10001d0c <y64_x64+0x5c>)
10001bf4:	663c      	str	r4, [r7, #96]	@ 0x60
10001bf6:	0c0e      	lsrs	r6, r1, #16
10001bf8:	e7ff      	b.n	10001bfa <y64_x48+0x54>
10001bfa:	e7ff      	b.n	10001bfc <y64_x48+0x56>
10001bfc:	e7ff      	b.n	10001bfe <y64_x48+0x58>
10001bfe:	46c0      	nop			@ (mov r8, r8)
10001c00:	6f3c      	ldr	r4, [r7, #112]	@ 0x70
10001c02:	4366      	muls	r6, r4
10001c04:	0c36      	lsrs	r6, r6, #16
10001c06:	0377      	lsls	r7, r6, #13
10001c08:	46be      	mov	lr, r7
10001c0a:	b297      	uxth	r7, r2
10001c0c:	4377      	muls	r7, r6
10001c0e:	1bc0      	subs	r0, r0, r7
10001c10:	d200      	bcs.n	10001c14 <y64_x48+0x6e>
10001c12:	3901      	subs	r1, #1
10001c14:	1bc0      	subs	r0, r0, r7
10001c16:	d200      	bcs.n	10001c1a <y64_x48+0x74>
10001c18:	3901      	subs	r1, #1
10001c1a:	b29f      	uxth	r7, r3
10001c1c:	4377      	muls	r7, r6
10001c1e:	1bc9      	subs	r1, r1, r7
10001c20:	1bc9      	subs	r1, r1, r7
10001c22:	0c17      	lsrs	r7, r2, #16
10001c24:	4377      	muls	r7, r6
10001c26:	047e      	lsls	r6, r7, #17
10001c28:	0bff      	lsrs	r7, r7, #15
10001c2a:	1b80      	subs	r0, r0, r6
10001c2c:	41b9      	sbcs	r1, r7
10001c2e:	08ce      	lsrs	r6, r1, #3
10001c30:	4366      	muls	r6, r4
10001c32:	0c36      	lsrs	r6, r6, #16
10001c34:	2d0c      	cmp	r5, #12
10001c36:	db33      	blt.n	10001ca0 <last1>
10001c38:	44b6      	add	lr, r6
10001c3a:	0b12      	lsrs	r2, r2, #12
10001c3c:	051f      	lsls	r7, r3, #20
10001c3e:	433a      	orrs	r2, r7
10001c40:	0b1b      	lsrs	r3, r3, #12
10001c42:	b297      	uxth	r7, r2
10001c44:	4377      	muls	r7, r6
10001c46:	1bc0      	subs	r0, r0, r7
10001c48:	d200      	bcs.n	10001c4c <y64_x48+0xa6>
10001c4a:	3901      	subs	r1, #1
10001c4c:	b29f      	uxth	r7, r3
10001c4e:	4377      	muls	r7, r6
10001c50:	1bc9      	subs	r1, r1, r7
10001c52:	0c17      	lsrs	r7, r2, #16
10001c54:	4377      	muls	r7, r6
10001c56:	043e      	lsls	r6, r7, #16
10001c58:	0c3f      	lsrs	r7, r7, #16
10001c5a:	1b80      	subs	r0, r0, r6
10001c5c:	41b9      	sbcs	r1, r7
10001c5e:	0d86      	lsrs	r6, r0, #22
10001c60:	028f      	lsls	r7, r1, #10
10001c62:	433e      	orrs	r6, r7
10001c64:	4366      	muls	r6, r4
10001c66:	2729      	movs	r7, #41	@ 0x29
10001c68:	1b7f      	subs	r7, r7, r5
10001c6a:	40fe      	lsrs	r6, r7
10001c6c:	3d0c      	subs	r5, #12
10001c6e:	4677      	mov	r7, lr
10001c70:	40af      	lsls	r7, r5
10001c72:	19bf      	adds	r7, r7, r6
10001c74:	bc30      	pop	{r4, r5}
10001c76:	b2a2      	uxth	r2, r4
10001c78:	b2ab      	uxth	r3, r5
10001c7a:	4372      	muls	r2, r6
10001c7c:	4373      	muls	r3, r6
10001c7e:	1a80      	subs	r0, r0, r2
10001c80:	4199      	sbcs	r1, r3
10001c82:	0c22      	lsrs	r2, r4, #16
10001c84:	4372      	muls	r2, r6
10001c86:	0c13      	lsrs	r3, r2, #16
10001c88:	0412      	lsls	r2, r2, #16
10001c8a:	1a80      	subs	r0, r0, r2
10001c8c:	4199      	sbcs	r1, r3
10001c8e:	0002      	movs	r2, r0
10001c90:	000b      	movs	r3, r1
10001c92:	3701      	adds	r7, #1
10001c94:	1b00      	subs	r0, r0, r4
10001c96:	41a9      	sbcs	r1, r5
10001c98:	d2f9      	bcs.n	10001c8e <y64_x48+0xe8>
10001c9a:	1e78      	subs	r0, r7, #1
10001c9c:	2100      	movs	r1, #0
10001c9e:	bdf0      	pop	{r4, r5, r6, r7, pc}

10001ca0 <last1>:
10001ca0:	270c      	movs	r7, #12
10001ca2:	1b7f      	subs	r7, r7, r5
10001ca4:	40fe      	lsrs	r6, r7
10001ca6:	4677      	mov	r7, lr
10001ca8:	0b7f      	lsrs	r7, r7, #13
10001caa:	40af      	lsls	r7, r5
10001cac:	19ff      	adds	r7, r7, r7
10001cae:	e7e0      	b.n	10001c72 <y64_x48+0xcc>

10001cb0 <y64_x64>:
10001cb0:	2400      	movs	r4, #0
10001cb2:	1c5d      	adds	r5, r3, #1
10001cb4:	d007      	beq.n	10001cc6 <y64_x64+0x16>
10001cb6:	4f14      	ldr	r7, [pc, #80]	@ (10001d08 <y64_x64+0x58>)
10001cb8:	667d      	str	r5, [r7, #100]	@ 0x64
10001cba:	6639      	str	r1, [r7, #96]	@ 0x60
10001cbc:	e7ff      	b.n	10001cbe <y64_x64+0xe>
10001cbe:	e7ff      	b.n	10001cc0 <y64_x64+0x10>
10001cc0:	e7ff      	b.n	10001cc2 <y64_x64+0x12>
10001cc2:	e7ff      	b.n	10001cc4 <y64_x64+0x14>
10001cc4:	6f3c      	ldr	r4, [r7, #112]	@ 0x70
10001cc6:	b295      	uxth	r5, r2
10001cc8:	b29e      	uxth	r6, r3
10001cca:	4365      	muls	r5, r4
10001ccc:	4366      	muls	r6, r4
10001cce:	1b40      	subs	r0, r0, r5
10001cd0:	41b1      	sbcs	r1, r6
10001cd2:	0c15      	lsrs	r5, r2, #16
10001cd4:	0c1e      	lsrs	r6, r3, #16
10001cd6:	4365      	muls	r5, r4
10001cd8:	4366      	muls	r6, r4
10001cda:	0436      	lsls	r6, r6, #16
10001cdc:	0c2f      	lsrs	r7, r5, #16
10001cde:	433e      	orrs	r6, r7
10001ce0:	042d      	lsls	r5, r5, #16
10001ce2:	1b40      	subs	r0, r0, r5
10001ce4:	41b1      	sbcs	r1, r6
10001ce6:	4299      	cmp	r1, r3
10001ce8:	d204      	bcs.n	10001cf4 <y64_x64+0x44>
10001cea:	0002      	movs	r2, r0
10001cec:	000b      	movs	r3, r1
10001cee:	0020      	movs	r0, r4
10001cf0:	2100      	movs	r1, #0
10001cf2:	bdf0      	pop	{r4, r5, r6, r7, pc}
10001cf4:	d101      	bne.n	10001cfa <y64_x64+0x4a>
10001cf6:	4290      	cmp	r0, r2
10001cf8:	d3f7      	bcc.n	10001cea <y64_x64+0x3a>
10001cfa:	1a80      	subs	r0, r0, r2
10001cfc:	4199      	sbcs	r1, r3
10001cfe:	3401      	adds	r4, #1
10001d00:	4299      	cmp	r1, r3
10001d02:	d3f2      	bcc.n	10001cea <y64_x64+0x3a>
10001d04:	e7f6      	b.n	10001cf4 <y64_x64+0x44>
10001d06:	0000      	.short	0x0000
10001d08:	d0000000 	.word	0xd0000000
10001d0c:	ffffffff 	.word	0xffffffff

10001d10 <__wrap___aeabi_drsub>:
10001d10:	4048      	eors	r0, r1
10001d12:	4041      	eors	r1, r0
10001d14:	4048      	eors	r0, r1

10001d16 <__wrap___aeabi_dsub>:
10001d16:	b418      	push	{r3, r4}
10001d18:	4b1b      	ldr	r3, [pc, #108]	@ (10001d88 <__wrap___aeabi_dmul+0x12>)
10001d1a:	685b      	ldr	r3, [r3, #4]
10001d1c:	46fc      	mov	ip, pc
10001d1e:	9301      	str	r3, [sp, #4]
10001d20:	bd08      	pop	{r3, pc}
10001d22:	df04      	.short	0xdf04
10001d24:	10001fbb 	.word	0x10001fbb

10001d28 <__wrap___aeabi_dadd>:
10001d28:	b418      	push	{r3, r4}
10001d2a:	4b17      	ldr	r3, [pc, #92]	@ (10001d88 <__wrap___aeabi_dmul+0x12>)
10001d2c:	681b      	ldr	r3, [r3, #0]
10001d2e:	46fc      	mov	ip, pc
10001d30:	9301      	str	r3, [sp, #4]
10001d32:	bd08      	pop	{r3, pc}
10001d34:	1fc5df00 	.word	0x1fc5df00
10001d38:	1000      	.short	0x1000

10001d3a <__wrap___aeabi_ddiv>:
10001d3a:	4694      	mov	ip, r2
10001d3c:	4a13      	ldr	r2, [pc, #76]	@ (10001d8c <__wrap___aeabi_dmul+0x16>)
10001d3e:	6f92      	ldr	r2, [r2, #120]	@ 0x78
10001d40:	0892      	lsrs	r2, r2, #2
10001d42:	d209      	bcs.n	10001d58 <ddiv_save_state>
10001d44:	4662      	mov	r2, ip

10001d46 <ddiv_shim_call>:
10001d46:	b418      	push	{r3, r4}
10001d48:	4b0f      	ldr	r3, [pc, #60]	@ (10001d88 <__wrap___aeabi_dmul+0x12>)
10001d4a:	68db      	ldr	r3, [r3, #12]
10001d4c:	46fc      	mov	ip, pc
10001d4e:	9301      	str	r3, [sp, #4]
10001d50:	bd08      	pop	{r3, pc}
10001d52:	df0c      	.short	0xdf0c
10001d54:	1000227d 	.word	0x1000227d

10001d58 <ddiv_save_state>:
10001d58:	4a0c      	ldr	r2, [pc, #48]	@ (10001d8c <__wrap___aeabi_dmul+0x16>)
10001d5a:	b5f0      	push	{r4, r5, r6, r7, lr}
10001d5c:	6e14      	ldr	r4, [r2, #96]	@ 0x60
10001d5e:	6e55      	ldr	r5, [r2, #100]	@ 0x64
10001d60:	6f57      	ldr	r7, [r2, #116]	@ 0x74
10001d62:	6f16      	ldr	r6, [r2, #112]	@ 0x70
10001d64:	4662      	mov	r2, ip
10001d66:	f7ff ffee 	bl	10001d46 <ddiv_shim_call>
10001d6a:	4a08      	ldr	r2, [pc, #32]	@ (10001d8c <__wrap___aeabi_dmul+0x16>)
10001d6c:	6614      	str	r4, [r2, #96]	@ 0x60
10001d6e:	6655      	str	r5, [r2, #100]	@ 0x64
10001d70:	6757      	str	r7, [r2, #116]	@ 0x74
10001d72:	6716      	str	r6, [r2, #112]	@ 0x70
10001d74:	bdf0      	pop	{r4, r5, r6, r7, pc}

10001d76 <__wrap___aeabi_dmul>:
10001d76:	b418      	push	{r3, r4}
10001d78:	4b03      	ldr	r3, [pc, #12]	@ (10001d88 <__wrap___aeabi_dmul+0x12>)
10001d7a:	689b      	ldr	r3, [r3, #8]
10001d7c:	46fc      	mov	ip, pc
10001d7e:	9301      	str	r3, [sp, #4]
10001d80:	bd08      	pop	{r3, pc}
10001d82:	df08      	.short	0xdf08
10001d84:	10002121 	.word	0x10002121
10001d88:	20001238 	.word	0x20001238
10001d8c:	d0000000 	.word	0xd0000000

10001d90 <__wrap___aeabi_cdrcmple>:
10001d90:	b5ff      	push	{r0, r1, r2, r3, r4, r5, r6, r7, lr}
10001d92:	4050      	eors	r0, r2
10001d94:	4042      	eors	r2, r0
10001d96:	4050      	eors	r0, r2
10001d98:	4059      	eors	r1, r3
10001d9a:	404b      	eors	r3, r1
10001d9c:	4059      	eors	r1, r3
10001d9e:	e000      	b.n	10001da2 <__aeabi_dfcmple_guts>

10001da0 <__wrap___aeabi_cdcmpeq>:
10001da0:	b5ff      	push	{r0, r1, r2, r3, r4, r5, r6, r7, lr}

10001da2 <__aeabi_dfcmple_guts>:
10001da2:	4f15      	ldr	r7, [pc, #84]	@ (10001df8 <__aeabi_dfcmple_guts+0x56>)
10001da4:	004c      	lsls	r4, r1, #1
10001da6:	0d64      	lsrs	r4, r4, #21
10001da8:	d003      	beq.n	10001db2 <__aeabi_dfcmple_guts+0x10>
10001daa:	42bc      	cmp	r4, r7
10001dac:	d104      	bne.n	10001db8 <__aeabi_dfcmple_guts+0x16>
10001dae:	030c      	lsls	r4, r1, #12
10001db0:	d814      	bhi.n	10001ddc <__aeabi_dfcmple_guts+0x3a>
10001db2:	2000      	movs	r0, #0
10001db4:	0d09      	lsrs	r1, r1, #20
10001db6:	0509      	lsls	r1, r1, #20
10001db8:	005c      	lsls	r4, r3, #1
10001dba:	0d64      	lsrs	r4, r4, #21
10001dbc:	d003      	beq.n	10001dc6 <__aeabi_dfcmple_guts+0x24>
10001dbe:	42bc      	cmp	r4, r7
10001dc0:	d104      	bne.n	10001dcc <__aeabi_dfcmple_guts+0x2a>
10001dc2:	031c      	lsls	r4, r3, #12
10001dc4:	d80a      	bhi.n	10001ddc <__aeabi_dfcmple_guts+0x3a>
10001dc6:	2200      	movs	r2, #0
10001dc8:	0d1b      	lsrs	r3, r3, #20
10001dca:	051b      	lsls	r3, r3, #20
10001dcc:	2601      	movs	r6, #1
10001dce:	404b      	eors	r3, r1
10001dd0:	d409      	bmi.n	10001de6 <__aeabi_dfcmple_guts+0x44>
10001dd2:	404b      	eors	r3, r1
10001dd4:	d503      	bpl.n	10001dde <__aeabi_dfcmple_guts+0x3c>
10001dd6:	428b      	cmp	r3, r1
10001dd8:	d100      	bne.n	10001ddc <__aeabi_dfcmple_guts+0x3a>
10001dda:	4282      	cmp	r2, r0
10001ddc:	bdff      	pop	{r0, r1, r2, r3, r4, r5, r6, r7, pc}
10001dde:	4299      	cmp	r1, r3
10001de0:	d1fc      	bne.n	10001ddc <__aeabi_dfcmple_guts+0x3a>
10001de2:	4290      	cmp	r0, r2
10001de4:	bdff      	pop	{r0, r1, r2, r3, r4, r5, r6, r7, pc}
10001de6:	430b      	orrs	r3, r1
10001de8:	18db      	adds	r3, r3, r3
10001dea:	4303      	orrs	r3, r0
10001dec:	4313      	orrs	r3, r2
10001dee:	d0f5      	beq.n	10001ddc <__aeabi_dfcmple_guts+0x3a>
10001df0:	43c9      	mvns	r1, r1
10001df2:	1849      	adds	r1, r1, r1
10001df4:	bdff      	pop	{r0, r1, r2, r3, r4, r5, r6, r7, pc}
10001df6:	0000      	.short	0x0000
10001df8:	000007ff 	.word	0x000007ff

10001dfc <__wrap___aeabi_dcmplt>:
10001dfc:	b500      	push	{lr}
10001dfe:	f7ff ffcf 	bl	10001da0 <__wrap___aeabi_cdcmpeq>
10001e02:	4180      	sbcs	r0, r0
10001e04:	bd00      	pop	{pc}
10001e06:	46c0      	nop			@ (mov r8, r8)

10001e08 <__wrap___aeabi_dcmple>:
10001e08:	b500      	push	{lr}
10001e0a:	f7ff ffc9 	bl	10001da0 <__wrap___aeabi_cdcmpeq>
10001e0e:	d901      	bls.n	10001e14 <__wrap___aeabi_dcmple+0xc>
10001e10:	2000      	movs	r0, #0
10001e12:	bd00      	pop	{pc}
10001e14:	2001      	movs	r0, #1
10001e16:	bd00      	pop	{pc}

10001e18 <__wrap___aeabi_dcmpge>:
10001e18:	b500      	push	{lr}
10001e1a:	f7ff ffb9 	bl	10001d90 <__wrap___aeabi_cdrcmple>
10001e1e:	d901      	bls.n	10001e24 <__wrap___aeabi_dcmpge+0xc>
10001e20:	2000      	movs	r0, #0
10001e22:	bd00      	pop	{pc}
10001e24:	2001      	movs	r0, #1
10001e26:	bd00      	pop	{pc}

10001e28 <__wrap___aeabi_dcmpgt>:
10001e28:	b500      	push	{lr}
10001e2a:	f7ff ffb1 	bl	10001d90 <__wrap___aeabi_cdrcmple>
10001e2e:	4180      	sbcs	r0, r0
10001e30:	bd00      	pop	{pc}

10001e32 <__wrap___aeabi_dcmpun>:
10001e32:	2001      	movs	r0, #1
10001e34:	0540      	lsls	r0, r0, #21
10001e36:	004a      	lsls	r2, r1, #1
10001e38:	1812      	adds	r2, r2, r0
10001e3a:	d804      	bhi.n	10001e46 <__wrap___aeabi_dcmpun+0x14>
10001e3c:	005a      	lsls	r2, r3, #1
10001e3e:	1812      	adds	r2, r2, r0
10001e40:	d801      	bhi.n	10001e46 <__wrap___aeabi_dcmpun+0x14>
10001e42:	2000      	movs	r0, #0
10001e44:	4770      	bx	lr
10001e46:	2001      	movs	r0, #1
10001e48:	4770      	bx	lr
	...

10001e4c <__wrap___aeabi_ui2d>:
10001e4c:	2100      	movs	r1, #0
10001e4e:	2800      	cmp	r0, #0
10001e50:	d105      	bne.n	10001e5e <__wrap___aeabi_i2d+0xa>
10001e52:	4770      	bx	lr

10001e54 <__wrap___aeabi_i2d>:
10001e54:	17c1      	asrs	r1, r0, #31
10001e56:	4048      	eors	r0, r1
10001e58:	1a40      	subs	r0, r0, r1
10001e5a:	d0fa      	beq.n	10001e52 <__wrap___aeabi_ui2d+0x6>
10001e5c:	07c9      	lsls	r1, r1, #31
10001e5e:	b513      	push	{r0, r1, r4, lr}
10001e60:	4b06      	ldr	r3, [pc, #24]	@ (10001e7c <__wrap___aeabi_i2d+0x28>)
10001e62:	681b      	ldr	r3, [r3, #0]
10001e64:	4798      	blx	r3
10001e66:	bc0c      	pop	{r2, r3}
10001e68:	1c44      	adds	r4, r0, #1
10001e6a:	40a2      	lsls	r2, r4
10001e6c:	0510      	lsls	r0, r2, #20
10001e6e:	0b12      	lsrs	r2, r2, #12
10001e70:	4903      	ldr	r1, [pc, #12]	@ (10001e80 <__wrap___aeabi_i2d+0x2c>)
10001e72:	1b09      	subs	r1, r1, r4
10001e74:	0509      	lsls	r1, r1, #20
10001e76:	4319      	orrs	r1, r3
10001e78:	4311      	orrs	r1, r2
10001e7a:	bd10      	pop	{r4, pc}
10001e7c:	20001f80 	.word	0x20001f80
10001e80:	0000041f 	.word	0x0000041f

10001e84 <__wrap___aeabi_d2iz>:
10001e84:	b510      	push	{r4, lr}
10001e86:	004c      	lsls	r4, r1, #1
10001e88:	0d62      	lsrs	r2, r4, #21
10001e8a:	2380      	movs	r3, #128	@ 0x80
10001e8c:	18d2      	adds	r2, r2, r3
10001e8e:	00db      	lsls	r3, r3, #3
10001e90:	1ad2      	subs	r2, r2, r3
10001e92:	055b      	lsls	r3, r3, #21
10001e94:	2a7e      	cmp	r2, #126	@ 0x7e
10001e96:	dd10      	ble.n	10001eba <__wrap___aeabi_d2iz+0x36>
10001e98:	3a9e      	subs	r2, #158	@ 0x9e
10001e9a:	da13      	bge.n	10001ec4 <__wrap___aeabi_d2iz+0x40>
10001e9c:	17cc      	asrs	r4, r1, #31
10001e9e:	0309      	lsls	r1, r1, #12
10001ea0:	0849      	lsrs	r1, r1, #1
10001ea2:	4319      	orrs	r1, r3
10001ea4:	4252      	negs	r2, r2
10001ea6:	40d1      	lsrs	r1, r2
10001ea8:	0064      	lsls	r4, r4, #1
10001eaa:	3401      	adds	r4, #1
10001eac:	3215      	adds	r2, #21
10001eae:	2a20      	cmp	r2, #32
10001eb0:	da05      	bge.n	10001ebe <__wrap___aeabi_d2iz+0x3a>
10001eb2:	40d0      	lsrs	r0, r2
10001eb4:	4308      	orrs	r0, r1
10001eb6:	4360      	muls	r0, r4
10001eb8:	bd10      	pop	{r4, pc}
10001eba:	2000      	movs	r0, #0
10001ebc:	bd10      	pop	{r4, pc}
10001ebe:	4608      	mov	r0, r1
10001ec0:	4360      	muls	r0, r4
10001ec2:	bd10      	pop	{r4, pc}
10001ec4:	0fc8      	lsrs	r0, r1, #31
10001ec6:	18c0      	adds	r0, r0, r3
10001ec8:	3801      	subs	r0, #1
10001eca:	bd10      	pop	{r4, pc}

10001ecc <__wrap___aeabi_d2uiz>:
10001ecc:	b418      	push	{r3, r4}
10001ece:	4b04      	ldr	r3, [pc, #16]	@ (10001ee0 <__wrap___aeabi_d2uiz+0x14>)
10001ed0:	6a5b      	ldr	r3, [r3, #36]	@ 0x24
10001ed2:	46fc      	mov	ip, pc
10001ed4:	9301      	str	r3, [sp, #4]
10001ed6:	bd08      	pop	{r3, pc}
10001ed8:	242ddf24 	.word	0x242ddf24
10001edc:	00001000 	.word	0x00001000
10001ee0:	20001238 	.word	0x20001238

10001ee4 <__aeabi_double_init>:
10001ee4:	2313      	movs	r3, #19
10001ee6:	b570      	push	{r4, r5, r6, lr}
10001ee8:	781d      	ldrb	r5, [r3, #0]
10001eea:	2d01      	cmp	r5, #1
10001eec:	d019      	beq.n	10001f22 <__aeabi_double_init+0x3e>
10001eee:	dd14      	ble.n	10001f1a <__aeabi_double_init+0x36>
10001ef0:	481f      	ldr	r0, [pc, #124]	@ (10001f70 <__aeabi_double_init+0x8c>)
10001ef2:	f7ff fb31 	bl	10001558 <rom_data_lookup>
10001ef6:	0006      	movs	r6, r0
10001ef8:	481e      	ldr	r0, [pc, #120]	@ (10001f74 <__aeabi_double_init+0x90>)
10001efa:	f7ff fb2d 	bl	10001558 <rom_data_lookup>
10001efe:	4c1e      	ldr	r4, [pc, #120]	@ (10001f78 <__aeabi_double_init+0x94>)
10001f00:	2280      	movs	r2, #128	@ 0x80
10001f02:	0031      	movs	r1, r6
10001f04:	0020      	movs	r0, r4
10001f06:	f000 fb5f 	bl	100025c8 <__wrap___aeabi_memcpy>
10001f0a:	2d02      	cmp	r5, #2
10001f0c:	d02d      	beq.n	10001f6a <__aeabi_double_init+0x86>
10001f0e:	481b      	ldr	r0, [pc, #108]	@ (10001f7c <__aeabi_double_init+0x98>)
10001f10:	f7ff fb1a 	bl	10001548 <rom_func_lookup>
10001f14:	4b1a      	ldr	r3, [pc, #104]	@ (10001f80 <__aeabi_double_init+0x9c>)
10001f16:	6018      	str	r0, [r3, #0]
10001f18:	bd70      	pop	{r4, r5, r6, pc}
10001f1a:	4b1a      	ldr	r3, [pc, #104]	@ (10001f84 <__aeabi_double_init+0xa0>)
10001f1c:	4c16      	ldr	r4, [pc, #88]	@ (10001f78 <__aeabi_double_init+0x94>)
10001f1e:	64a3      	str	r3, [r4, #72]	@ 0x48
10001f20:	e7f5      	b.n	10001f0e <__aeabi_double_init+0x2a>
10001f22:	4b18      	ldr	r3, [pc, #96]	@ (10001f84 <__aeabi_double_init+0xa0>)
10001f24:	4c14      	ldr	r4, [pc, #80]	@ (10001f78 <__aeabi_double_init+0x94>)
10001f26:	6023      	str	r3, [r4, #0]
10001f28:	6063      	str	r3, [r4, #4]
10001f2a:	60a3      	str	r3, [r4, #8]
10001f2c:	60e3      	str	r3, [r4, #12]
10001f2e:	6123      	str	r3, [r4, #16]
10001f30:	6163      	str	r3, [r4, #20]
10001f32:	61a3      	str	r3, [r4, #24]
10001f34:	61e3      	str	r3, [r4, #28]
10001f36:	6223      	str	r3, [r4, #32]
10001f38:	6263      	str	r3, [r4, #36]	@ 0x24
10001f3a:	62a3      	str	r3, [r4, #40]	@ 0x28
10001f3c:	62e3      	str	r3, [r4, #44]	@ 0x2c
10001f3e:	6323      	str	r3, [r4, #48]	@ 0x30
10001f40:	6363      	str	r3, [r4, #52]	@ 0x34
10001f42:	63a3      	str	r3, [r4, #56]	@ 0x38
10001f44:	63e3      	str	r3, [r4, #60]	@ 0x3c
10001f46:	6423      	str	r3, [r4, #64]	@ 0x40
10001f48:	6463      	str	r3, [r4, #68]	@ 0x44
10001f4a:	64a3      	str	r3, [r4, #72]	@ 0x48
10001f4c:	64e3      	str	r3, [r4, #76]	@ 0x4c
10001f4e:	6523      	str	r3, [r4, #80]	@ 0x50
10001f50:	6563      	str	r3, [r4, #84]	@ 0x54
10001f52:	65a3      	str	r3, [r4, #88]	@ 0x58
10001f54:	65e3      	str	r3, [r4, #92]	@ 0x5c
10001f56:	6623      	str	r3, [r4, #96]	@ 0x60
10001f58:	6663      	str	r3, [r4, #100]	@ 0x64
10001f5a:	66a3      	str	r3, [r4, #104]	@ 0x68
10001f5c:	66e3      	str	r3, [r4, #108]	@ 0x6c
10001f5e:	6723      	str	r3, [r4, #112]	@ 0x70
10001f60:	6763      	str	r3, [r4, #116]	@ 0x74
10001f62:	67a3      	str	r3, [r4, #120]	@ 0x78
10001f64:	67e3      	str	r3, [r4, #124]	@ 0x7c
10001f66:	64a3      	str	r3, [r4, #72]	@ 0x48
10001f68:	e7d1      	b.n	10001f0e <__aeabi_double_init+0x2a>
10001f6a:	4b06      	ldr	r3, [pc, #24]	@ (10001f84 <__aeabi_double_init+0xa0>)
10001f6c:	64a3      	str	r3, [r4, #72]	@ 0x48
10001f6e:	e7ce      	b.n	10001f0e <__aeabi_double_init+0x2a>
10001f70:	00004453 	.word	0x00004453
10001f74:	00004653 	.word	0x00004653
10001f78:	20001238 	.word	0x20001238
10001f7c:	0000334c 	.word	0x0000334c
10001f80:	20001f80 	.word	0x20001f80
10001f84:	10001f89 	.word	0x10001f89

10001f88 <double_table_shim_on_use_helper>:
10001f88:	b507      	push	{r0, r1, r2, lr}
10001f8a:	4660      	mov	r0, ip
10001f8c:	8801      	ldrh	r1, [r0, #0]
10001f8e:	0a0a      	lsrs	r2, r1, #8
10001f90:	3002      	adds	r0, #2
10001f92:	2adf      	cmp	r2, #223	@ 0xdf
10001f94:	d1fa      	bne.n	10001f8c <double_table_shim_on_use_helper+0x4>
10001f96:	b2c9      	uxtb	r1, r1
10001f98:	0882      	lsrs	r2, r0, #2
10001f9a:	d304      	bcc.n	10001fa6 <double_table_shim_on_use_helper+0x1e>
10001f9c:	8802      	ldrh	r2, [r0, #0]
10001f9e:	8840      	ldrh	r0, [r0, #2]
10001fa0:	0400      	lsls	r0, r0, #16
10001fa2:	4310      	orrs	r0, r2
10001fa4:	e000      	b.n	10001fa8 <double_table_shim_on_use_helper+0x20>
10001fa6:	6800      	ldr	r0, [r0, #0]
10001fa8:	4a01      	ldr	r2, [pc, #4]	@ (10001fb0 <double_table_shim_on_use_helper+0x28>)
10001faa:	5050      	str	r0, [r2, r1]
10001fac:	9003      	str	r0, [sp, #12]
10001fae:	bd07      	pop	{r0, r1, r2, pc}
10001fb0:	20001238 	.word	0x20001238

10001fb4 <drsub_shim>:
10001fb4:	b40f      	push	{r0, r1, r2, r3}
10001fb6:	bc03      	pop	{r0, r1}
10001fb8:	bc0c      	pop	{r2, r3}

10001fba <dsub_shim>:
10001fba:	b5f0      	push	{r4, r5, r6, r7, lr}
10001fbc:	2401      	movs	r4, #1
10001fbe:	07e4      	lsls	r4, r4, #31
10001fc0:	4063      	eors	r3, r4
10001fc2:	e000      	b.n	10001fc6 <da_entry>

10001fc4 <dadd_shim>:
10001fc4:	b5f0      	push	{r4, r5, r6, r7, lr}

10001fc6 <da_entry>:
10001fc6:	0d0c      	lsrs	r4, r1, #20
10001fc8:	0fcf      	lsrs	r7, r1, #31
10001fca:	1e66      	subs	r6, r4, #1
10001fcc:	0536      	lsls	r6, r6, #20
10001fce:	1b89      	subs	r1, r1, r6
10001fd0:	0564      	lsls	r4, r4, #21
10001fd2:	d303      	bcc.n	10001fdc <l8_1>
10001fd4:	43c9      	mvns	r1, r1
10001fd6:	4240      	negs	r0, r0
10001fd8:	d300      	bcc.n	10001fdc <l8_1>
10001fda:	3101      	adds	r1, #1

10001fdc <l8_1>:
10001fdc:	0d64      	lsrs	r4, r4, #21
10001fde:	d003      	beq.n	10001fe8 <l8_2>
10001fe0:	1c66      	adds	r6, r4, #1
10001fe2:	0af6      	lsrs	r6, r6, #11
10001fe4:	d007      	beq.n	10001ff6 <l8_3>
10001fe6:	1be4      	subs	r4, r4, r7

10001fe8 <l8_2>:
10001fe8:	2000      	movs	r0, #0
10001fea:	007f      	lsls	r7, r7, #1
10001fec:	1c79      	adds	r1, r7, #1
10001fee:	0789      	lsls	r1, r1, #30
10001ff0:	1289      	asrs	r1, r1, #10
10001ff2:	3c80      	subs	r4, #128	@ 0x80
10001ff4:	0324      	lsls	r4, r4, #12

10001ff6 <l8_3>:
10001ff6:	0d1d      	lsrs	r5, r3, #20
10001ff8:	0fdf      	lsrs	r7, r3, #31
10001ffa:	1e6e      	subs	r6, r5, #1
10001ffc:	0536      	lsls	r6, r6, #20
10001ffe:	1b9b      	subs	r3, r3, r6
10002000:	056d      	lsls	r5, r5, #21
10002002:	d303      	bcc.n	1000200c <l9_1>
10002004:	43db      	mvns	r3, r3
10002006:	4252      	negs	r2, r2
10002008:	d300      	bcc.n	1000200c <l9_1>
1000200a:	3301      	adds	r3, #1

1000200c <l9_1>:
1000200c:	0d6d      	lsrs	r5, r5, #21
1000200e:	d003      	beq.n	10002018 <l9_2>
10002010:	1c6e      	adds	r6, r5, #1
10002012:	0af6      	lsrs	r6, r6, #11
10002014:	d007      	beq.n	10002026 <l9_3>
10002016:	1bed      	subs	r5, r5, r7

10002018 <l9_2>:
10002018:	2200      	movs	r2, #0
1000201a:	007f      	lsls	r7, r7, #1
1000201c:	1c7b      	adds	r3, r7, #1
1000201e:	079b      	lsls	r3, r3, #30
10002020:	129b      	asrs	r3, r3, #10
10002022:	3d80      	subs	r5, #128	@ 0x80
10002024:	032d      	lsls	r5, r5, #12

10002026 <l9_3>:
10002026:	1b2f      	subs	r7, r5, r4
10002028:	1b66      	subs	r6, r4, r5
1000202a:	d458      	bmi.n	100020de <da_ygtx>
1000202c:	46a4      	mov	ip, r4
1000202e:	2e20      	cmp	r6, #32
10002030:	da46      	bge.n	100020c0 <da_xrgty>
10002032:	3720      	adds	r7, #32
10002034:	0014      	movs	r4, r2
10002036:	40bc      	lsls	r4, r7

10002038 <da_xgty0>:
10002038:	001d      	movs	r5, r3
1000203a:	40bd      	lsls	r5, r7
1000203c:	40f2      	lsrs	r2, r6
1000203e:	4133      	asrs	r3, r6
10002040:	432a      	orrs	r2, r5

10002042 <da_add>:
10002042:	1880      	adds	r0, r0, r2
10002044:	4159      	adcs	r1, r3

10002046 <da_pack>:
10002046:	0fcb      	lsrs	r3, r1, #31
10002048:	d005      	beq.n	10002056 <da_pack+0x10>
1000204a:	43c9      	mvns	r1, r1
1000204c:	43c0      	mvns	r0, r0
1000204e:	2200      	movs	r2, #0
10002050:	4264      	negs	r4, r4
10002052:	4150      	adcs	r0, r2
10002054:	4151      	adcs	r1, r2
10002056:	4662      	mov	r2, ip
10002058:	0d4d      	lsrs	r5, r1, #21
1000205a:	d128      	bne.n	100020ae <da_0>
1000205c:	0d0d      	lsrs	r5, r1, #20
1000205e:	d107      	bne.n	10002070 <da_1>
10002060:	2800      	cmp	r0, #0
10002062:	d01f      	beq.n	100020a4 <da_5>

10002064 <da_2>:
10002064:	1924      	adds	r4, r4, r4
10002066:	4140      	adcs	r0, r0
10002068:	4149      	adcs	r1, r1
1000206a:	3a01      	subs	r2, #1
1000206c:	0d0d      	lsrs	r5, r1, #20
1000206e:	d0f9      	beq.n	10002064 <da_2>

10002070 <da_1>:
10002070:	0064      	lsls	r4, r4, #1
10002072:	d306      	bcc.n	10002082 <da_3>

10002074 <da_4>:
10002074:	3001      	adds	r0, #1
10002076:	d300      	bcc.n	1000207a <da_4+0x6>
10002078:	3101      	adds	r1, #1
1000207a:	2c00      	cmp	r4, #0
1000207c:	d101      	bne.n	10002082 <da_3>
1000207e:	0840      	lsrs	r0, r0, #1
10002080:	0040      	lsls	r0, r0, #1

10002082 <da_3>:
10002082:	3a01      	subs	r2, #1
10002084:	d40b      	bmi.n	1000209e <da_6>
10002086:	1c94      	adds	r4, r2, #2
10002088:	0ae4      	lsrs	r4, r4, #11
1000208a:	d104      	bne.n	10002096 <da_7>
1000208c:	0512      	lsls	r2, r2, #20
1000208e:	4411      	add	r1, r2
10002090:	07db      	lsls	r3, r3, #31
10002092:	4419      	add	r1, r3
10002094:	bdf0      	pop	{r4, r5, r6, r7, pc}

10002096 <da_7>:
10002096:	07d9      	lsls	r1, r3, #31
10002098:	4b20      	ldr	r3, [pc, #128]	@ (1000211c <da_xmgty+0x4>)
1000209a:	4319      	orrs	r1, r3
1000209c:	e000      	b.n	100020a0 <da_6+0x2>

1000209e <da_6>:
1000209e:	07d9      	lsls	r1, r3, #31
100020a0:	2000      	movs	r0, #0
100020a2:	bdf0      	pop	{r4, r5, r6, r7, pc}

100020a4 <da_5>:
100020a4:	2900      	cmp	r1, #0
100020a6:	d1dd      	bne.n	10002064 <da_2>
100020a8:	2c00      	cmp	r4, #0
100020aa:	d1db      	bne.n	10002064 <da_2>
100020ac:	bdf0      	pop	{r4, r5, r6, r7, pc}

100020ae <da_0>:
100020ae:	3201      	adds	r2, #1
100020b0:	07c6      	lsls	r6, r0, #31
100020b2:	0840      	lsrs	r0, r0, #1
100020b4:	07cd      	lsls	r5, r1, #31
100020b6:	4328      	orrs	r0, r5
100020b8:	0849      	lsrs	r1, r1, #1
100020ba:	2e00      	cmp	r6, #0
100020bc:	d0e1      	beq.n	10002082 <da_3>
100020be:	e7d9      	b.n	10002074 <da_4>

100020c0 <da_xrgty>:
100020c0:	2e3c      	cmp	r6, #60	@ 0x3c
100020c2:	da29      	bge.n	10002118 <da_xmgty>
100020c4:	3e20      	subs	r6, #32
100020c6:	3740      	adds	r7, #64	@ 0x40
100020c8:	0014      	movs	r4, r2
100020ca:	40bc      	lsls	r4, r7
100020cc:	d000      	beq.n	100020d0 <da_xrgty+0x10>
100020ce:	2401      	movs	r4, #1
100020d0:	40f2      	lsrs	r2, r6
100020d2:	4314      	orrs	r4, r2
100020d4:	001a      	movs	r2, r3
100020d6:	40bb      	lsls	r3, r7
100020d8:	431c      	orrs	r4, r3
100020da:	17d3      	asrs	r3, r2, #31
100020dc:	e7ac      	b.n	10002038 <da_xgty0>

100020de <da_ygtx>:
100020de:	46ac      	mov	ip, r5
100020e0:	2f20      	cmp	r7, #32
100020e2:	da08      	bge.n	100020f6 <da_yrgtx>
100020e4:	3620      	adds	r6, #32
100020e6:	0004      	movs	r4, r0
100020e8:	40b4      	lsls	r4, r6

100020ea <da_ygtx0>:
100020ea:	000d      	movs	r5, r1
100020ec:	40b5      	lsls	r5, r6
100020ee:	40f8      	lsrs	r0, r7
100020f0:	4139      	asrs	r1, r7
100020f2:	4328      	orrs	r0, r5
100020f4:	e7a5      	b.n	10002042 <da_add>

100020f6 <da_yrgtx>:
100020f6:	2f3c      	cmp	r7, #60	@ 0x3c
100020f8:	da0c      	bge.n	10002114 <da_ymgtx>
100020fa:	3f20      	subs	r7, #32
100020fc:	3640      	adds	r6, #64	@ 0x40
100020fe:	0004      	movs	r4, r0
10002100:	40b4      	lsls	r4, r6
10002102:	d000      	beq.n	10002106 <da_yrgtx+0x10>
10002104:	2401      	movs	r4, #1
10002106:	40f8      	lsrs	r0, r7
10002108:	4304      	orrs	r4, r0
1000210a:	0008      	movs	r0, r1
1000210c:	40b1      	lsls	r1, r6
1000210e:	430c      	orrs	r4, r1
10002110:	17c1      	asrs	r1, r0, #31
10002112:	e7ea      	b.n	100020ea <da_ygtx0>

10002114 <da_ymgtx>:
10002114:	0010      	movs	r0, r2
10002116:	0019      	movs	r1, r3

10002118 <da_xmgty>:
10002118:	2400      	movs	r4, #0
1000211a:	e794      	b.n	10002046 <da_pack>
1000211c:	7ff00000 	.word	0x7ff00000

10002120 <dmul_shim>:
10002120:	b5f0      	push	{r4, r5, r6, r7, lr}
10002122:	0d0c      	lsrs	r4, r1, #20
10002124:	1e66      	subs	r6, r4, #1
10002126:	0536      	lsls	r6, r6, #20
10002128:	1b89      	subs	r1, r1, r6
1000212a:	0ae6      	lsrs	r6, r4, #11
1000212c:	0564      	lsls	r4, r4, #21
1000212e:	0d64      	lsrs	r4, r4, #21
10002130:	d002      	beq.n	10002138 <l12_1>
10002132:	1c65      	adds	r5, r4, #1
10002134:	0aed      	lsrs	r5, r5, #11
10002136:	d004      	beq.n	10002142 <l12_2>

10002138 <l12_1>:
10002138:	2000      	movs	r0, #0
1000213a:	2101      	movs	r1, #1
1000213c:	0509      	lsls	r1, r1, #20
1000213e:	3c80      	subs	r4, #128	@ 0x80
10002140:	0324      	lsls	r4, r4, #12

10002142 <l12_2>:
10002142:	46a4      	mov	ip, r4
10002144:	0d1c      	lsrs	r4, r3, #20
10002146:	1e67      	subs	r7, r4, #1
10002148:	053f      	lsls	r7, r7, #20
1000214a:	1bdb      	subs	r3, r3, r7
1000214c:	0ae7      	lsrs	r7, r4, #11
1000214e:	0564      	lsls	r4, r4, #21
10002150:	0d64      	lsrs	r4, r4, #21
10002152:	d002      	beq.n	1000215a <l13_1>
10002154:	1c65      	adds	r5, r4, #1
10002156:	0aed      	lsrs	r5, r5, #11
10002158:	d004      	beq.n	10002164 <l13_2>

1000215a <l13_1>:
1000215a:	2200      	movs	r2, #0
1000215c:	2301      	movs	r3, #1
1000215e:	051b      	lsls	r3, r3, #20
10002160:	3c80      	subs	r4, #128	@ 0x80
10002162:	0324      	lsls	r4, r4, #12

10002164 <l13_2>:
10002164:	4077      	eors	r7, r6
10002166:	4464      	add	r4, ip
10002168:	b497      	push	{r0, r1, r2, r4, r7}
1000216a:	b284      	uxth	r4, r0
1000216c:	b296      	uxth	r6, r2
1000216e:	4374      	muls	r4, r6
10002170:	0c07      	lsrs	r7, r0, #16
10002172:	437e      	muls	r6, r7
10002174:	0c15      	lsrs	r5, r2, #16
10002176:	436f      	muls	r7, r5
10002178:	b280      	uxth	r0, r0
1000217a:	4368      	muls	r0, r5
1000217c:	1836      	adds	r6, r6, r0
1000217e:	d302      	bcc.n	10002186 <l14_1>
10002180:	2001      	movs	r0, #1
10002182:	0400      	lsls	r0, r0, #16
10002184:	183f      	adds	r7, r7, r0

10002186 <l14_1>:
10002186:	0430      	lsls	r0, r6, #16
10002188:	0c35      	lsrs	r5, r6, #16
1000218a:	1900      	adds	r0, r0, r4
1000218c:	417d      	adcs	r5, r7
1000218e:	4684      	mov	ip, r0
10002190:	b288      	uxth	r0, r1
10002192:	b29a      	uxth	r2, r3
10002194:	4350      	muls	r0, r2
10002196:	0c0c      	lsrs	r4, r1, #16
10002198:	4362      	muls	r2, r4
1000219a:	0c1f      	lsrs	r7, r3, #16
1000219c:	437c      	muls	r4, r7
1000219e:	b28e      	uxth	r6, r1
100021a0:	437e      	muls	r6, r7
100021a2:	1992      	adds	r2, r2, r6
100021a4:	d302      	bcc.n	100021ac <l15_1>
100021a6:	2601      	movs	r6, #1
100021a8:	0436      	lsls	r6, r6, #16
100021aa:	19a4      	adds	r4, r4, r6

100021ac <l15_1>:
100021ac:	0416      	lsls	r6, r2, #16
100021ae:	0c17      	lsrs	r7, r2, #16
100021b0:	1836      	adds	r6, r6, r0
100021b2:	4167      	adcs	r7, r4
100021b4:	bc01      	pop	{r0}
100021b6:	b281      	uxth	r1, r0
100021b8:	b29a      	uxth	r2, r3
100021ba:	4351      	muls	r1, r2
100021bc:	0c04      	lsrs	r4, r0, #16
100021be:	4362      	muls	r2, r4
100021c0:	0c1b      	lsrs	r3, r3, #16
100021c2:	435c      	muls	r4, r3
100021c4:	b280      	uxth	r0, r0
100021c6:	4358      	muls	r0, r3
100021c8:	1812      	adds	r2, r2, r0
100021ca:	d302      	bcc.n	100021d2 <l16_1>
100021cc:	2001      	movs	r0, #1
100021ce:	0400      	lsls	r0, r0, #16
100021d0:	1824      	adds	r4, r4, r0

100021d2 <l16_1>:
100021d2:	0410      	lsls	r0, r2, #16
100021d4:	0c13      	lsrs	r3, r2, #16
100021d6:	1840      	adds	r0, r0, r1
100021d8:	4163      	adcs	r3, r4
100021da:	182d      	adds	r5, r5, r0
100021dc:	415e      	adcs	r6, r3
100021de:	2000      	movs	r0, #0
100021e0:	4147      	adcs	r7, r0
100021e2:	bc06      	pop	{r1, r2}
100021e4:	b288      	uxth	r0, r1
100021e6:	b293      	uxth	r3, r2
100021e8:	4358      	muls	r0, r3
100021ea:	0c0c      	lsrs	r4, r1, #16
100021ec:	4363      	muls	r3, r4
100021ee:	0c12      	lsrs	r2, r2, #16
100021f0:	4354      	muls	r4, r2
100021f2:	b289      	uxth	r1, r1
100021f4:	4351      	muls	r1, r2
100021f6:	185b      	adds	r3, r3, r1
100021f8:	d302      	bcc.n	10002200 <l17_1>
100021fa:	2101      	movs	r1, #1
100021fc:	0409      	lsls	r1, r1, #16
100021fe:	1864      	adds	r4, r4, r1

10002200 <l17_1>:
10002200:	0419      	lsls	r1, r3, #16
10002202:	0c1a      	lsrs	r2, r3, #16
10002204:	1809      	adds	r1, r1, r0
10002206:	4162      	adcs	r2, r4
10002208:	186d      	adds	r5, r5, r1
1000220a:	4156      	adcs	r6, r2
1000220c:	2000      	movs	r0, #0
1000220e:	4147      	adcs	r7, r0
10002210:	bc18      	pop	{r3, r4}
10002212:	02f9      	lsls	r1, r7, #11
10002214:	0d72      	lsrs	r2, r6, #21
10002216:	4311      	orrs	r1, r2
10002218:	02f0      	lsls	r0, r6, #11
1000221a:	0d6a      	lsrs	r2, r5, #21
1000221c:	4310      	orrs	r0, r2
1000221e:	02ed      	lsls	r5, r5, #11
10002220:	0d0a      	lsrs	r2, r1, #20
10002222:	d103      	bne.n	1000222c <l17_1+0x2c>
10002224:	196d      	adds	r5, r5, r5
10002226:	4140      	adcs	r0, r0
10002228:	4149      	adcs	r1, r1
1000222a:	3b01      	subs	r3, #1
1000222c:	4e12      	ldr	r6, [pc, #72]	@ (10002278 <dm_1+0xa>)
1000222e:	1b9b      	subs	r3, r3, r6
10002230:	0076      	lsls	r6, r6, #1
10002232:	42b3      	cmp	r3, r6
10002234:	d20e      	bcs.n	10002254 <dm_0>
10002236:	006d      	lsls	r5, r5, #1
10002238:	d307      	bcc.n	1000224a <l17_1+0x4a>
1000223a:	3001      	adds	r0, #1
1000223c:	2600      	movs	r6, #0
1000223e:	4171      	adcs	r1, r6
10002240:	4666      	mov	r6, ip
10002242:	4335      	orrs	r5, r6
10002244:	d101      	bne.n	1000224a <l17_1+0x4a>
10002246:	0840      	lsrs	r0, r0, #1
10002248:	0040      	lsls	r0, r0, #1
1000224a:	051b      	lsls	r3, r3, #20
1000224c:	18c9      	adds	r1, r1, r3

1000224e <dm_2>:
1000224e:	07e4      	lsls	r4, r4, #31
10002250:	4421      	add	r1, r4
10002252:	bdf0      	pop	{r4, r5, r6, r7, pc}

10002254 <dm_0>:
10002254:	da0b      	bge.n	1000226e <dm_1>
10002256:	3301      	adds	r3, #1
10002258:	d106      	bne.n	10002268 <dm_0+0x14>
1000225a:	3001      	adds	r0, #1
1000225c:	d104      	bne.n	10002268 <dm_0+0x14>
1000225e:	3101      	adds	r1, #1
10002260:	0d4f      	lsrs	r7, r1, #21
10002262:	d001      	beq.n	10002268 <dm_0+0x14>
10002264:	0849      	lsrs	r1, r1, #1
10002266:	e7f2      	b.n	1000224e <dm_2>
10002268:	07e1      	lsls	r1, r4, #31
1000226a:	2000      	movs	r0, #0
1000226c:	bdf0      	pop	{r4, r5, r6, r7, pc}

1000226e <dm_1>:
1000226e:	3601      	adds	r6, #1
10002270:	0531      	lsls	r1, r6, #20
10002272:	2000      	movs	r0, #0
10002274:	e7eb      	b.n	1000224e <dm_2>
10002276:	0000      	.short	0x0000
10002278:	000003ff 	.word	0x000003ff

1000227c <ddiv_shim>:
1000227c:	b5f0      	push	{r4, r5, r6, r7, lr}

1000227e <ddiv0>:
1000227e:	0d1c      	lsrs	r4, r3, #20
10002280:	1e67      	subs	r7, r4, #1
10002282:	053f      	lsls	r7, r7, #20
10002284:	1bdb      	subs	r3, r3, r7
10002286:	0ae7      	lsrs	r7, r4, #11
10002288:	0564      	lsls	r4, r4, #21
1000228a:	0d64      	lsrs	r4, r4, #21
1000228c:	d002      	beq.n	10002294 <l20_1>
1000228e:	1c66      	adds	r6, r4, #1
10002290:	0af6      	lsrs	r6, r6, #11
10002292:	d004      	beq.n	1000229e <l20_2>

10002294 <l20_1>:
10002294:	2200      	movs	r2, #0
10002296:	2301      	movs	r3, #1
10002298:	051b      	lsls	r3, r3, #20
1000229a:	3c80      	subs	r4, #128	@ 0x80
1000229c:	0324      	lsls	r4, r4, #12

1000229e <l20_2>:
1000229e:	25d0      	movs	r5, #208	@ 0xd0
100022a0:	062d      	lsls	r5, r5, #24
100022a2:	2600      	movs	r6, #0
100022a4:	43f6      	mvns	r6, r6
100022a6:	662e      	str	r6, [r5, #96]	@ 0x60
100022a8:	091e      	lsrs	r6, r3, #4
100022aa:	666e      	str	r6, [r5, #100]	@ 0x64
100022ac:	0fce      	lsrs	r6, r1, #31
100022ae:	19f6      	adds	r6, r6, r7
100022b0:	46b4      	mov	ip, r6
100022b2:	0049      	lsls	r1, r1, #1
100022b4:	0d4f      	lsrs	r7, r1, #21
100022b6:	d002      	beq.n	100022be <l20_2+0x20>
100022b8:	1c7e      	adds	r6, r7, #1
100022ba:	0af6      	lsrs	r6, r6, #11
100022bc:	d003      	beq.n	100022c6 <l20_2+0x28>
100022be:	2000      	movs	r0, #0
100022c0:	2100      	movs	r1, #0
100022c2:	3f40      	subs	r7, #64	@ 0x40
100022c4:	033f      	lsls	r7, r7, #12
100022c6:	1b3e      	subs	r6, r7, r4
100022c8:	00b6      	lsls	r6, r6, #2
100022ca:	44b4      	add	ip, r6
100022cc:	3f01      	subs	r7, #1
100022ce:	057f      	lsls	r7, r7, #21
100022d0:	1bc9      	subs	r1, r1, r7
100022d2:	0849      	lsrs	r1, r1, #1
100022d4:	6f2e      	ldr	r6, [r5, #112]	@ 0x70
100022d6:	3601      	adds	r6, #1
100022d8:	0876      	lsrs	r6, r6, #1
100022da:	029c      	lsls	r4, r3, #10
100022dc:	0d95      	lsrs	r5, r2, #22
100022de:	4325      	orrs	r5, r4
100022e0:	4375      	muls	r5, r6
100022e2:	13ed      	asrs	r5, r5, #15
100022e4:	4375      	muls	r5, r6
100022e6:	13ad      	asrs	r5, r5, #14
100022e8:	3501      	adds	r5, #1
100022ea:	106d      	asrs	r5, r5, #1
100022ec:	03f6      	lsls	r6, r6, #15
100022ee:	1b76      	subs	r6, r6, r5
100022f0:	b40c      	push	{r2, r3}
100022f2:	02cc      	lsls	r4, r1, #11
100022f4:	0d45      	lsrs	r5, r0, #21
100022f6:	432c      	orrs	r4, r5
100022f8:	b2a2      	uxth	r2, r4
100022fa:	b2b3      	uxth	r3, r6
100022fc:	435a      	muls	r2, r3
100022fe:	0c27      	lsrs	r7, r4, #16
10002300:	437b      	muls	r3, r7
10002302:	0c35      	lsrs	r5, r6, #16
10002304:	436f      	muls	r7, r5
10002306:	b2a4      	uxth	r4, r4
10002308:	436c      	muls	r4, r5
1000230a:	191b      	adds	r3, r3, r4
1000230c:	d302      	bcc.n	10002314 <l21_1>
1000230e:	2401      	movs	r4, #1
10002310:	0424      	lsls	r4, r4, #16
10002312:	193f      	adds	r7, r7, r4

10002314 <l21_1>:
10002314:	041c      	lsls	r4, r3, #16
10002316:	0c1d      	lsrs	r5, r3, #16
10002318:	18a4      	adds	r4, r4, r2
1000231a:	417d      	adcs	r5, r7
1000231c:	1924      	adds	r4, r4, r4
1000231e:	416d      	adcs	r5, r5
10002320:	9a00      	ldr	r2, [sp, #0]
10002322:	b291      	uxth	r1, r2
10002324:	b2ac      	uxth	r4, r5
10002326:	4361      	muls	r1, r4
10002328:	0c17      	lsrs	r7, r2, #16
1000232a:	437c      	muls	r4, r7
1000232c:	0c2b      	lsrs	r3, r5, #16
1000232e:	435f      	muls	r7, r3
10002330:	b292      	uxth	r2, r2
10002332:	435a      	muls	r2, r3
10002334:	18a4      	adds	r4, r4, r2
10002336:	d302      	bcc.n	1000233e <l22_1>
10002338:	2201      	movs	r2, #1
1000233a:	0412      	lsls	r2, r2, #16
1000233c:	18bf      	adds	r7, r7, r2

1000233e <l22_1>:
1000233e:	0422      	lsls	r2, r4, #16
10002340:	0c23      	lsrs	r3, r4, #16
10002342:	1852      	adds	r2, r2, r1
10002344:	417b      	adcs	r3, r7
10002346:	9c01      	ldr	r4, [sp, #4]
10002348:	436c      	muls	r4, r5
1000234a:	191b      	adds	r3, r3, r4
1000234c:	0e52      	lsrs	r2, r2, #25
1000234e:	01d9      	lsls	r1, r3, #7
10002350:	430a      	orrs	r2, r1
10002352:	0144      	lsls	r4, r0, #5
10002354:	1aa0      	subs	r0, r4, r2
10002356:	b281      	uxth	r1, r0
10002358:	b2b2      	uxth	r2, r6
1000235a:	4351      	muls	r1, r2
1000235c:	1403      	asrs	r3, r0, #16
1000235e:	435a      	muls	r2, r3
10002360:	0c36      	lsrs	r6, r6, #16
10002362:	4373      	muls	r3, r6
10002364:	b287      	uxth	r7, r0
10002366:	4377      	muls	r7, r6
10002368:	17d6      	asrs	r6, r2, #31
1000236a:	19d2      	adds	r2, r2, r7
1000236c:	2700      	movs	r7, #0
1000236e:	417e      	adcs	r6, r7
10002370:	0436      	lsls	r6, r6, #16
10002372:	199b      	adds	r3, r3, r6
10002374:	0417      	lsls	r7, r2, #16
10002376:	0c16      	lsrs	r6, r2, #16
10002378:	187f      	adds	r7, r7, r1
1000237a:	415e      	adcs	r6, r3
1000237c:	1673      	asrs	r3, r6, #25
1000237e:	18ed      	adds	r5, r5, r3
10002380:	01f3      	lsls	r3, r6, #7
10002382:	2600      	movs	r6, #0
10002384:	3380      	adds	r3, #128	@ 0x80
10002386:	4175      	adcs	r5, r6
10002388:	0fa9      	lsrs	r1, r5, #30
1000238a:	d106      	bne.n	1000239a <dd_0>
1000238c:	0064      	lsls	r4, r4, #1
1000238e:	0a69      	lsrs	r1, r5, #9
10002390:	05e8      	lsls	r0, r5, #23
10002392:	0a5b      	lsrs	r3, r3, #9
10002394:	4318      	orrs	r0, r3
10002396:	d209      	bcs.n	100023ac <dd_1>
10002398:	e02f      	b.n	100023fa <dd_2>

1000239a <dd_0>:
1000239a:	2204      	movs	r2, #4
1000239c:	4494      	add	ip, r2
1000239e:	3380      	adds	r3, #128	@ 0x80
100023a0:	4175      	adcs	r5, r6
100023a2:	0aa9      	lsrs	r1, r5, #10
100023a4:	05a8      	lsls	r0, r5, #22
100023a6:	0a9b      	lsrs	r3, r3, #10
100023a8:	4318      	orrs	r0, r3
100023aa:	d326      	bcc.n	100023fa <dd_2>

100023ac <dd_1>:
100023ac:	4140      	adcs	r0, r0
100023ae:	4149      	adcs	r1, r1
100023b0:	0424      	lsls	r4, r4, #16
100023b2:	9a00      	ldr	r2, [sp, #0]
100023b4:	9b01      	ldr	r3, [sp, #4]
100023b6:	000d      	movs	r5, r1
100023b8:	4355      	muls	r5, r2
100023ba:	1b64      	subs	r4, r4, r5
100023bc:	4343      	muls	r3, r0
100023be:	1ae4      	subs	r4, r4, r3
100023c0:	b295      	uxth	r5, r2
100023c2:	b286      	uxth	r6, r0
100023c4:	4375      	muls	r5, r6
100023c6:	0c17      	lsrs	r7, r2, #16
100023c8:	437e      	muls	r6, r7
100023ca:	0c03      	lsrs	r3, r0, #16
100023cc:	435f      	muls	r7, r3
100023ce:	b292      	uxth	r2, r2
100023d0:	435a      	muls	r2, r3
100023d2:	18b6      	adds	r6, r6, r2
100023d4:	d302      	bcc.n	100023dc <l24_1>
100023d6:	2201      	movs	r2, #1
100023d8:	0412      	lsls	r2, r2, #16
100023da:	18bf      	adds	r7, r7, r2

100023dc <l24_1>:
100023dc:	0432      	lsls	r2, r6, #16
100023de:	0c33      	lsrs	r3, r6, #16
100023e0:	1952      	adds	r2, r2, r5
100023e2:	417b      	adcs	r3, r7
100023e4:	4252      	negs	r2, r2
100023e6:	419c      	sbcs	r4, r3
100023e8:	2c00      	cmp	r4, #0
100023ea:	d402      	bmi.n	100023f2 <l24_1+0x16>
100023ec:	2200      	movs	r2, #0
100023ee:	3001      	adds	r0, #1
100023f0:	4151      	adcs	r1, r2
100023f2:	0840      	lsrs	r0, r0, #1
100023f4:	07ca      	lsls	r2, r1, #31
100023f6:	4310      	orrs	r0, r2
100023f8:	0849      	lsrs	r1, r1, #1

100023fa <dd_2>:
100023fa:	b002      	add	sp, #8
100023fc:	4662      	mov	r2, ip
100023fe:	07d7      	lsls	r7, r2, #31
10002400:	1092      	asrs	r2, r2, #2
10002402:	4b08      	ldr	r3, [pc, #32]	@ (10002424 <dd_4+0x6>)
10002404:	18d2      	adds	r2, r2, r3
10002406:	4b08      	ldr	r3, [pc, #32]	@ (10002428 <dd_4+0xa>)
10002408:	429a      	cmp	r2, r3
1000240a:	d203      	bcs.n	10002414 <dd_3>
1000240c:	0512      	lsls	r2, r2, #20
1000240e:	1889      	adds	r1, r1, r2

10002410 <dd_5>:
10002410:	19c9      	adds	r1, r1, r7
10002412:	bdf0      	pop	{r4, r5, r6, r7, pc}

10002414 <dd_3>:
10002414:	2000      	movs	r0, #0
10002416:	2a00      	cmp	r2, #0
10002418:	dc01      	bgt.n	1000241e <dd_4>
1000241a:	0039      	movs	r1, r7
1000241c:	bdf0      	pop	{r4, r5, r6, r7, pc}

1000241e <dd_4>:
1000241e:	3301      	adds	r3, #1
10002420:	0519      	lsls	r1, r3, #20
10002422:	e7f5      	b.n	10002410 <dd_5>
10002424:	000003fd 	.word	0x000003fd
10002428:	000007fe 	.word	0x000007fe

1000242c <double2uint_shim>:
1000242c:	2200      	movs	r2, #0

1000242e <double2ufix_shim>:
1000242e:	b500      	push	{lr}
10002430:	3220      	adds	r2, #32
10002432:	f000 f804 	bl	1000243e <double2ufix64_shim>
10002436:	0008      	movs	r0, r1
10002438:	bd00      	pop	{pc}
	...

1000243c <double2uint64_shim>:
1000243c:	2200      	movs	r2, #0

1000243e <double2ufix64_shim>:
1000243e:	150b      	asrs	r3, r1, #20
10002440:	d40a      	bmi.n	10002458 <ret_dzero>

10002442 <d2fix>:
10002442:	b510      	push	{r4, lr}
10002444:	4694      	mov	ip, r2
10002446:	f000 f831 	bl	100024ac <dunpacks>
1000244a:	1414      	asrs	r4, r2, #16
1000244c:	3401      	adds	r4, #1
1000244e:	da00      	bge.n	10002452 <d2fix+0x10>
10002450:	2100      	movs	r1, #0
10002452:	17cb      	asrs	r3, r1, #31
10002454:	4c14      	ldr	r4, [pc, #80]	@ (100024a8 <d2fix_a+0x4a>)
10002456:	4720      	bx	r4

10002458 <ret_dzero>:
10002458:	2000      	movs	r0, #0
1000245a:	2100      	movs	r1, #0
1000245c:	4770      	bx	lr

1000245e <d2fix_a>:
1000245e:	4462      	add	r2, ip
10002460:	3a34      	subs	r2, #52	@ 0x34
10002462:	d40c      	bmi.n	1000247e <d2fix_a+0x20>
10002464:	2a0c      	cmp	r2, #12
10002466:	da07      	bge.n	10002478 <d2fix_a+0x1a>
10002468:	0004      	movs	r4, r0
1000246a:	4091      	lsls	r1, r2
1000246c:	4090      	lsls	r0, r2
1000246e:	4252      	negs	r2, r2
10002470:	3220      	adds	r2, #32
10002472:	40d4      	lsrs	r4, r2
10002474:	4321      	orrs	r1, r4
10002476:	bd10      	pop	{r4, pc}
10002478:	43d8      	mvns	r0, r3
1000247a:	43d9      	mvns	r1, r3
1000247c:	bd10      	pop	{r4, pc}
1000247e:	3220      	adds	r2, #32
10002480:	d407      	bmi.n	10002492 <d2fix_a+0x34>
10002482:	460c      	mov	r4, r1
10002484:	4094      	lsls	r4, r2
10002486:	4252      	negs	r2, r2
10002488:	3220      	adds	r2, #32
1000248a:	4111      	asrs	r1, r2
1000248c:	40d0      	lsrs	r0, r2
1000248e:	4320      	orrs	r0, r4
10002490:	bd10      	pop	{r4, pc}
10002492:	0008      	movs	r0, r1
10002494:	17c9      	asrs	r1, r1, #31
10002496:	3220      	adds	r2, #32
10002498:	d403      	bmi.n	100024a2 <d2fix_a+0x44>
1000249a:	4252      	negs	r2, r2
1000249c:	3220      	adds	r2, #32
1000249e:	4110      	asrs	r0, r2
100024a0:	bd10      	pop	{r4, pc}
100024a2:	0018      	movs	r0, r3
100024a4:	0019      	movs	r1, r3
100024a6:	bd10      	pop	{r4, pc}
100024a8:	1000245f 	.word	0x1000245f

100024ac <dunpacks>:
100024ac:	0d0a      	lsrs	r2, r1, #20
100024ae:	0fcc      	lsrs	r4, r1, #31
100024b0:	1e53      	subs	r3, r2, #1
100024b2:	051b      	lsls	r3, r3, #20
100024b4:	1ac9      	subs	r1, r1, r3
100024b6:	0552      	lsls	r2, r2, #21
100024b8:	d303      	bcc.n	100024c2 <l60_1>
100024ba:	43c9      	mvns	r1, r1
100024bc:	4240      	negs	r0, r0
100024be:	d300      	bcc.n	100024c2 <l60_1>
100024c0:	3101      	adds	r1, #1

100024c2 <l60_1>:
100024c2:	0d52      	lsrs	r2, r2, #21
100024c4:	d003      	beq.n	100024ce <l60_2>
100024c6:	1c53      	adds	r3, r2, #1
100024c8:	0adb      	lsrs	r3, r3, #11
100024ca:	d007      	beq.n	100024dc <l60_3>
100024cc:	1b12      	subs	r2, r2, r4

100024ce <l60_2>:
100024ce:	2000      	movs	r0, #0
100024d0:	0064      	lsls	r4, r4, #1
100024d2:	1c61      	adds	r1, r4, #1
100024d4:	0789      	lsls	r1, r1, #30
100024d6:	1289      	asrs	r1, r1, #10
100024d8:	3a80      	subs	r2, #128	@ 0x80
100024da:	0312      	lsls	r2, r2, #12

100024dc <l60_3>:
100024dc:	4b01      	ldr	r3, [pc, #4]	@ (100024e4 <l60_3+0x8>)
100024de:	1ad2      	subs	r2, r2, r3
100024e0:	4770      	bx	lr
100024e2:	0000      	.short	0x0000
100024e4:	000003ff 	.word	0x000003ff

100024e8 <__wrap___aeabi_lmul>:
100024e8:	4351      	muls	r1, r2
100024ea:	4343      	muls	r3, r0
100024ec:	18c9      	adds	r1, r1, r3
100024ee:	468c      	mov	ip, r1
100024f0:	0c11      	lsrs	r1, r2, #16
100024f2:	b283      	uxth	r3, r0
100024f4:	434b      	muls	r3, r1
100024f6:	b410      	push	{r4}
100024f8:	0c04      	lsrs	r4, r0, #16
100024fa:	4361      	muls	r1, r4
100024fc:	b292      	uxth	r2, r2
100024fe:	b280      	uxth	r0, r0
10002500:	4350      	muls	r0, r2
10002502:	4362      	muls	r2, r4
10002504:	041c      	lsls	r4, r3, #16
10002506:	0c1b      	lsrs	r3, r3, #16
10002508:	1900      	adds	r0, r0, r4
1000250a:	bc10      	pop	{r4}
1000250c:	4159      	adcs	r1, r3
1000250e:	0413      	lsls	r3, r2, #16
10002510:	0c12      	lsrs	r2, r2, #16
10002512:	18c0      	adds	r0, r0, r3
10002514:	4151      	adcs	r1, r2
10002516:	4461      	add	r1, ip
10002518:	4770      	bx	lr
	...

1000251c <__aeabi_float_init>:
1000251c:	2313      	movs	r3, #19
1000251e:	b510      	push	{r4, lr}
10002520:	4812      	ldr	r0, [pc, #72]	@ (1000256c <__aeabi_float_init+0x50>)
10002522:	781c      	ldrb	r4, [r3, #0]
10002524:	f7ff f818 	bl	10001558 <rom_data_lookup>
10002528:	0001      	movs	r1, r0
1000252a:	2c01      	cmp	r4, #1
1000252c:	d00a      	beq.n	10002544 <__aeabi_float_init+0x28>
1000252e:	dd03      	ble.n	10002538 <__aeabi_float_init+0x1c>
10002530:	2280      	movs	r2, #128	@ 0x80
10002532:	480f      	ldr	r0, [pc, #60]	@ (10002570 <__aeabi_float_init+0x54>)
10002534:	f000 f848 	bl	100025c8 <__wrap___aeabi_memcpy>
10002538:	480e      	ldr	r0, [pc, #56]	@ (10002574 <__aeabi_float_init+0x58>)
1000253a:	f7ff f805 	bl	10001548 <rom_func_lookup>
1000253e:	4b0e      	ldr	r3, [pc, #56]	@ (10002578 <__aeabi_float_init+0x5c>)
10002540:	6018      	str	r0, [r3, #0]
10002542:	bd10      	pop	{r4, pc}
10002544:	4c0a      	ldr	r4, [pc, #40]	@ (10002570 <__aeabi_float_init+0x54>)
10002546:	2254      	movs	r2, #84	@ 0x54
10002548:	0020      	movs	r0, r4
1000254a:	f000 f83d 	bl	100025c8 <__wrap___aeabi_memcpy>
1000254e:	4b0b      	ldr	r3, [pc, #44]	@ (1000257c <__aeabi_float_init+0x60>)
10002550:	6563      	str	r3, [r4, #84]	@ 0x54
10002552:	65a3      	str	r3, [r4, #88]	@ 0x58
10002554:	65e3      	str	r3, [r4, #92]	@ 0x5c
10002556:	6623      	str	r3, [r4, #96]	@ 0x60
10002558:	6663      	str	r3, [r4, #100]	@ 0x64
1000255a:	66a3      	str	r3, [r4, #104]	@ 0x68
1000255c:	66e3      	str	r3, [r4, #108]	@ 0x6c
1000255e:	6723      	str	r3, [r4, #112]	@ 0x70
10002560:	6763      	str	r3, [r4, #116]	@ 0x74
10002562:	67a3      	str	r3, [r4, #120]	@ 0x78
10002564:	67e3      	str	r3, [r4, #124]	@ 0x7c
10002566:	6223      	str	r3, [r4, #32]
10002568:	61e3      	str	r3, [r4, #28]
1000256a:	e7e5      	b.n	10002538 <__aeabi_float_init+0x1c>
1000256c:	00004653 	.word	0x00004653
10002570:	20001338 	.word	0x20001338
10002574:	0000334c 	.word	0x0000334c
10002578:	20001f80 	.word	0x20001f80
1000257c:	10002581 	.word	0x10002581

10002580 <float_table_shim_on_use_helper>:
10002580:	b507      	push	{r0, r1, r2, lr}
10002582:	4660      	mov	r0, ip
10002584:	8801      	ldrh	r1, [r0, #0]
10002586:	0a0a      	lsrs	r2, r1, #8
10002588:	3002      	adds	r0, #2
1000258a:	2adf      	cmp	r2, #223	@ 0xdf
1000258c:	d1fa      	bne.n	10002584 <float_table_shim_on_use_helper+0x4>
1000258e:	b2c9      	uxtb	r1, r1
10002590:	0882      	lsrs	r2, r0, #2
10002592:	d304      	bcc.n	1000259e <float_table_shim_on_use_helper+0x1e>
10002594:	8802      	ldrh	r2, [r0, #0]
10002596:	8840      	ldrh	r0, [r0, #2]
10002598:	0400      	lsls	r0, r0, #16
1000259a:	4310      	orrs	r0, r2
1000259c:	e000      	b.n	100025a0 <float_table_shim_on_use_helper+0x20>
1000259e:	6800      	ldr	r0, [r0, #0]
100025a0:	4a01      	ldr	r2, [pc, #4]	@ (100025a8 <float_table_shim_on_use_helper+0x28>)
100025a2:	5050      	str	r0, [r2, r1]
100025a4:	9003      	str	r0, [sp, #12]
100025a6:	bd07      	pop	{r0, r1, r2, pc}
100025a8:	20001338 	.word	0x20001338

100025ac <__aeabi_mem_init>:
100025ac:	4801      	ldr	r0, [pc, #4]	@ (100025b4 <__aeabi_mem_init+0x8>)
100025ae:	2104      	movs	r1, #4
100025b0:	4b01      	ldr	r3, [pc, #4]	@ (100025b8 <__aeabi_mem_init+0xc>)
100025b2:	4718      	bx	r3
100025b4:	20001060 	.word	0x20001060
100025b8:	10001569 	.word	0x10001569

100025bc <__wrap_memset>:
100025bc:	4b01      	ldr	r3, [pc, #4]	@ (100025c4 <__wrap_memset+0x8>)
100025be:	681b      	ldr	r3, [r3, #0]
100025c0:	4718      	bx	r3
100025c2:	0000      	.short	0x0000
100025c4:	20001060 	.word	0x20001060

100025c8 <__wrap___aeabi_memcpy>:
100025c8:	4b01      	ldr	r3, [pc, #4]	@ (100025d0 <__wrap___aeabi_memcpy+0x8>)
100025ca:	685b      	ldr	r3, [r3, #4]
100025cc:	4718      	bx	r3
100025ce:	0000      	.short	0x0000
100025d0:	20001060 	.word	0x20001060

100025d4 <_out_null>:
100025d4:	4770      	bx	lr
100025d6:	46c0      	nop			@ (mov r8, r8)

100025d8 <_out_rev>:
100025d8:	b5f8      	push	{r3, r4, r5, r6, r7, lr}
100025da:	4657      	mov	r7, sl
100025dc:	46de      	mov	lr, fp
100025de:	464e      	mov	r6, r9
100025e0:	4645      	mov	r5, r8
100025e2:	b5e0      	push	{r5, r6, r7, lr}
100025e4:	4699      	mov	r9, r3
100025e6:	9b0a      	ldr	r3, [sp, #40]	@ 0x28
100025e8:	0007      	movs	r7, r0
100025ea:	469a      	mov	sl, r3
100025ec:	9b0d      	ldr	r3, [sp, #52]	@ 0x34
100025ee:	4688      	mov	r8, r1
100025f0:	4693      	mov	fp, r2
100025f2:	9c0b      	ldr	r4, [sp, #44]	@ 0x2c
100025f4:	079b      	lsls	r3, r3, #30
100025f6:	d13b      	bne.n	10002670 <_out_rev+0x98>
100025f8:	9b0c      	ldr	r3, [sp, #48]	@ 0x30
100025fa:	429c      	cmp	r4, r3
100025fc:	d23d      	bcs.n	1000267a <_out_rev+0xa2>
100025fe:	1b1e      	subs	r6, r3, r4
10002600:	940b      	str	r4, [sp, #44]	@ 0x2c
10002602:	0015      	movs	r5, r2
10002604:	000c      	movs	r4, r1
10002606:	445e      	add	r6, fp
10002608:	002a      	movs	r2, r5
1000260a:	464b      	mov	r3, r9
1000260c:	3501      	adds	r5, #1
1000260e:	0021      	movs	r1, r4
10002610:	2020      	movs	r0, #32
10002612:	47b8      	blx	r7
10002614:	42b5      	cmp	r5, r6
10002616:	d1f7      	bne.n	10002608 <_out_rev+0x30>
10002618:	46a0      	mov	r8, r4
1000261a:	9c0b      	ldr	r4, [sp, #44]	@ 0x2c
1000261c:	2c00      	cmp	r4, #0
1000261e:	d020      	beq.n	10002662 <_out_rev+0x8a>
10002620:	4645      	mov	r5, r8
10002622:	1936      	adds	r6, r6, r4
10002624:	4653      	mov	r3, sl
10002626:	1b32      	subs	r2, r6, r4
10002628:	3c01      	subs	r4, #1
1000262a:	5d18      	ldrb	r0, [r3, r4]
1000262c:	0029      	movs	r1, r5
1000262e:	464b      	mov	r3, r9
10002630:	47b8      	blx	r7
10002632:	2c00      	cmp	r4, #0
10002634:	d1f6      	bne.n	10002624 <_out_rev+0x4c>
10002636:	002b      	movs	r3, r5
10002638:	0035      	movs	r5, r6
1000263a:	4698      	mov	r8, r3
1000263c:	9b0d      	ldr	r3, [sp, #52]	@ 0x34
1000263e:	079b      	lsls	r3, r3, #30
10002640:	d50f      	bpl.n	10002662 <_out_rev+0x8a>
10002642:	465b      	mov	r3, fp
10002644:	1aec      	subs	r4, r5, r3
10002646:	9b0c      	ldr	r3, [sp, #48]	@ 0x30
10002648:	42a3      	cmp	r3, r4
1000264a:	d90a      	bls.n	10002662 <_out_rev+0x8a>
1000264c:	4646      	mov	r6, r8
1000264e:	4698      	mov	r8, r3
10002650:	002a      	movs	r2, r5
10002652:	464b      	mov	r3, r9
10002654:	0031      	movs	r1, r6
10002656:	2020      	movs	r0, #32
10002658:	3401      	adds	r4, #1
1000265a:	47b8      	blx	r7
1000265c:	3501      	adds	r5, #1
1000265e:	4544      	cmp	r4, r8
10002660:	d3f6      	bcc.n	10002650 <_out_rev+0x78>
10002662:	0028      	movs	r0, r5
10002664:	bcf0      	pop	{r4, r5, r6, r7}
10002666:	46bb      	mov	fp, r7
10002668:	46b2      	mov	sl, r6
1000266a:	46a9      	mov	r9, r5
1000266c:	46a0      	mov	r8, r4
1000266e:	bdf8      	pop	{r3, r4, r5, r6, r7, pc}
10002670:	0016      	movs	r6, r2
10002672:	0015      	movs	r5, r2
10002674:	2c00      	cmp	r4, #0
10002676:	d1d3      	bne.n	10002620 <_out_rev+0x48>
10002678:	e7e0      	b.n	1000263c <_out_rev+0x64>
1000267a:	0016      	movs	r6, r2
1000267c:	0015      	movs	r5, r2
1000267e:	2c00      	cmp	r4, #0
10002680:	d1ce      	bne.n	10002620 <_out_rev+0x48>
10002682:	e7ee      	b.n	10002662 <_out_rev+0x8a>

10002684 <_ntoa_format>:
10002684:	b5f0      	push	{r4, r5, r6, r7, lr}
10002686:	4645      	mov	r5, r8
10002688:	46de      	mov	lr, fp
1000268a:	4657      	mov	r7, sl
1000268c:	464e      	mov	r6, r9
1000268e:	b5e0      	push	{r5, r6, r7, lr}
10002690:	b085      	sub	sp, #20
10002692:	469c      	mov	ip, r3
10002694:	ab10      	add	r3, sp, #64	@ 0x40
10002696:	781b      	ldrb	r3, [r3, #0]
10002698:	9f14      	ldr	r7, [sp, #80]	@ 0x50
1000269a:	4693      	mov	fp, r2
1000269c:	4698      	mov	r8, r3
1000269e:	9c0f      	ldr	r4, [sp, #60]	@ 0x3c
100026a0:	9e12      	ldr	r6, [sp, #72]	@ 0x48
100026a2:	9d13      	ldr	r5, [sp, #76]	@ 0x4c
100026a4:	07bb      	lsls	r3, r7, #30
100026a6:	d44c      	bmi.n	10002742 <_ntoa_format+0xbe>
100026a8:	2d00      	cmp	r5, #0
100026aa:	d142      	bne.n	10002732 <_ntoa_format+0xae>
100026ac:	42b4      	cmp	r4, r6
100026ae:	d248      	bcs.n	10002742 <_ntoa_format+0xbe>
100026b0:	2301      	movs	r3, #1
100026b2:	403b      	ands	r3, r7
100026b4:	4699      	mov	r9, r3
100026b6:	9b0e      	ldr	r3, [sp, #56]	@ 0x38
100026b8:	3b01      	subs	r3, #1
100026ba:	469a      	mov	sl, r3
100026bc:	2330      	movs	r3, #48	@ 0x30
100026be:	e004      	b.n	100026ca <_ntoa_format+0x46>
100026c0:	4652      	mov	r2, sl
100026c2:	3401      	adds	r4, #1
100026c4:	5513      	strb	r3, [r2, r4]
100026c6:	42a6      	cmp	r6, r4
100026c8:	d901      	bls.n	100026ce <_ntoa_format+0x4a>
100026ca:	2c20      	cmp	r4, #32
100026cc:	d1f8      	bne.n	100026c0 <_ntoa_format+0x3c>
100026ce:	464b      	mov	r3, r9
100026d0:	2b00      	cmp	r3, #0
100026d2:	d100      	bne.n	100026d6 <_ntoa_format+0x52>
100026d4:	e083      	b.n	100027de <_ntoa_format+0x15a>
100026d6:	9b0e      	ldr	r3, [sp, #56]	@ 0x38
100026d8:	3b01      	subs	r3, #1
100026da:	4699      	mov	r9, r3
100026dc:	2330      	movs	r3, #48	@ 0x30
100026de:	42a5      	cmp	r5, r4
100026e0:	d805      	bhi.n	100026ee <_ntoa_format+0x6a>
100026e2:	e02e      	b.n	10002742 <_ntoa_format+0xbe>
100026e4:	464a      	mov	r2, r9
100026e6:	3401      	adds	r4, #1
100026e8:	5513      	strb	r3, [r2, r4]
100026ea:	42ac      	cmp	r4, r5
100026ec:	d029      	beq.n	10002742 <_ntoa_format+0xbe>
100026ee:	2c20      	cmp	r4, #32
100026f0:	d1f8      	bne.n	100026e4 <_ntoa_format+0x60>
100026f2:	06fb      	lsls	r3, r7, #27
100026f4:	d50c      	bpl.n	10002710 <_ntoa_format+0x8c>
100026f6:	057b      	lsls	r3, r7, #21
100026f8:	d454      	bmi.n	100027a4 <_ntoa_format+0x120>
100026fa:	42a6      	cmp	r6, r4
100026fc:	d063      	beq.n	100027c6 <_ntoa_format+0x142>
100026fe:	42a5      	cmp	r5, r4
10002700:	d061      	beq.n	100027c6 <_ntoa_format+0x142>
10002702:	9b11      	ldr	r3, [sp, #68]	@ 0x44
10002704:	2b10      	cmp	r3, #16
10002706:	d050      	beq.n	100027aa <_ntoa_format+0x126>
10002708:	2b02      	cmp	r3, #2
1000270a:	d057      	beq.n	100027bc <_ntoa_format+0x138>
1000270c:	2c20      	cmp	r4, #32
1000270e:	d132      	bne.n	10002776 <_ntoa_format+0xf2>
10002710:	2320      	movs	r3, #32
10002712:	9301      	str	r3, [sp, #4]
10002714:	9b0e      	ldr	r3, [sp, #56]	@ 0x38
10002716:	465a      	mov	r2, fp
10002718:	9300      	str	r3, [sp, #0]
1000271a:	9703      	str	r7, [sp, #12]
1000271c:	4663      	mov	r3, ip
1000271e:	9502      	str	r5, [sp, #8]
10002720:	f7ff ff5a 	bl	100025d8 <_out_rev>
10002724:	b005      	add	sp, #20
10002726:	bcf0      	pop	{r4, r5, r6, r7}
10002728:	46bb      	mov	fp, r7
1000272a:	46b2      	mov	sl, r6
1000272c:	46a9      	mov	r9, r5
1000272e:	46a0      	mov	r8, r4
10002730:	bdf0      	pop	{r4, r5, r6, r7, pc}
10002732:	2301      	movs	r3, #1
10002734:	403b      	ands	r3, r7
10002736:	4699      	mov	r9, r3
10002738:	2301      	movs	r3, #1
1000273a:	423b      	tst	r3, r7
1000273c:	d12a      	bne.n	10002794 <_ntoa_format+0x110>
1000273e:	42b4      	cmp	r4, r6
10002740:	d3b9      	bcc.n	100026b6 <_ntoa_format+0x32>
10002742:	06fb      	lsls	r3, r7, #27
10002744:	d51c      	bpl.n	10002780 <_ntoa_format+0xfc>
10002746:	057b      	lsls	r3, r7, #21
10002748:	d4db      	bmi.n	10002702 <_ntoa_format+0x7e>
1000274a:	2c00      	cmp	r4, #0
1000274c:	d1d5      	bne.n	100026fa <_ntoa_format+0x76>
1000274e:	9b11      	ldr	r3, [sp, #68]	@ 0x44
10002750:	2b10      	cmp	r3, #16
10002752:	d05b      	beq.n	1000280c <_ntoa_format+0x188>
10002754:	9b11      	ldr	r3, [sp, #68]	@ 0x44
10002756:	2b02      	cmp	r3, #2
10002758:	d06b      	beq.n	10002832 <_ntoa_format+0x1ae>
1000275a:	2330      	movs	r3, #48	@ 0x30
1000275c:	2401      	movs	r4, #1
1000275e:	9a0e      	ldr	r2, [sp, #56]	@ 0x38
10002760:	7013      	strb	r3, [r2, #0]
10002762:	4643      	mov	r3, r8
10002764:	2b00      	cmp	r3, #0
10002766:	d110      	bne.n	1000278a <_ntoa_format+0x106>
10002768:	077b      	lsls	r3, r7, #29
1000276a:	d53e      	bpl.n	100027ea <_ntoa_format+0x166>
1000276c:	262b      	movs	r6, #43	@ 0x2b
1000276e:	9a0e      	ldr	r2, [sp, #56]	@ 0x38
10002770:	1c63      	adds	r3, r4, #1
10002772:	5516      	strb	r6, [r2, r4]
10002774:	e7cd      	b.n	10002712 <_ntoa_format+0x8e>
10002776:	0023      	movs	r3, r4
10002778:	3401      	adds	r4, #1
1000277a:	2630      	movs	r6, #48	@ 0x30
1000277c:	9a0e      	ldr	r2, [sp, #56]	@ 0x38
1000277e:	54d6      	strb	r6, [r2, r3]
10002780:	2c20      	cmp	r4, #32
10002782:	d0c5      	beq.n	10002710 <_ntoa_format+0x8c>
10002784:	4643      	mov	r3, r8
10002786:	2b00      	cmp	r3, #0
10002788:	d0ee      	beq.n	10002768 <_ntoa_format+0xe4>
1000278a:	262d      	movs	r6, #45	@ 0x2d
1000278c:	9a0e      	ldr	r2, [sp, #56]	@ 0x38
1000278e:	1c63      	adds	r3, r4, #1
10002790:	5516      	strb	r6, [r2, r4]
10002792:	e7be      	b.n	10002712 <_ntoa_format+0x8e>
10002794:	4643      	mov	r3, r8
10002796:	2b00      	cmp	r3, #0
10002798:	d02f      	beq.n	100027fa <_ntoa_format+0x176>
1000279a:	3d01      	subs	r5, #1
1000279c:	42b4      	cmp	r4, r6
1000279e:	d200      	bcs.n	100027a2 <_ntoa_format+0x11e>
100027a0:	e789      	b.n	100026b6 <_ntoa_format+0x32>
100027a2:	e798      	b.n	100026d6 <_ntoa_format+0x52>
100027a4:	9b11      	ldr	r3, [sp, #68]	@ 0x44
100027a6:	2b10      	cmp	r3, #16
100027a8:	d1b2      	bne.n	10002710 <_ntoa_format+0x8c>
100027aa:	06bb      	lsls	r3, r7, #26
100027ac:	d537      	bpl.n	1000281e <_ntoa_format+0x19a>
100027ae:	2c20      	cmp	r4, #32
100027b0:	d0ae      	beq.n	10002710 <_ntoa_format+0x8c>
100027b2:	2358      	movs	r3, #88	@ 0x58
100027b4:	9a0e      	ldr	r2, [sp, #56]	@ 0x38
100027b6:	5513      	strb	r3, [r2, r4]
100027b8:	3401      	adds	r4, #1
100027ba:	e7a7      	b.n	1000270c <_ntoa_format+0x88>
100027bc:	2c20      	cmp	r4, #32
100027be:	d0a7      	beq.n	10002710 <_ntoa_format+0x8c>
100027c0:	0023      	movs	r3, r4
100027c2:	3401      	adds	r4, #1
100027c4:	e007      	b.n	100027d6 <_ntoa_format+0x152>
100027c6:	1e63      	subs	r3, r4, #1
100027c8:	2c01      	cmp	r4, #1
100027ca:	d0c0      	beq.n	1000274e <_ntoa_format+0xca>
100027cc:	9a11      	ldr	r2, [sp, #68]	@ 0x44
100027ce:	2a10      	cmp	r2, #16
100027d0:	d031      	beq.n	10002836 <_ntoa_format+0x1b2>
100027d2:	2a02      	cmp	r2, #2
100027d4:	d1d1      	bne.n	1000277a <_ntoa_format+0xf6>
100027d6:	2662      	movs	r6, #98	@ 0x62
100027d8:	9a0e      	ldr	r2, [sp, #56]	@ 0x38
100027da:	54d6      	strb	r6, [r2, r3]
100027dc:	e796      	b.n	1000270c <_ntoa_format+0x88>
100027de:	06fb      	lsls	r3, r7, #27
100027e0:	d5ce      	bpl.n	10002780 <_ntoa_format+0xfc>
100027e2:	057b      	lsls	r3, r7, #21
100027e4:	d400      	bmi.n	100027e8 <_ntoa_format+0x164>
100027e6:	e788      	b.n	100026fa <_ntoa_format+0x76>
100027e8:	e78b      	b.n	10002702 <_ntoa_format+0x7e>
100027ea:	0023      	movs	r3, r4
100027ec:	073e      	lsls	r6, r7, #28
100027ee:	d590      	bpl.n	10002712 <_ntoa_format+0x8e>
100027f0:	2620      	movs	r6, #32
100027f2:	9a0e      	ldr	r2, [sp, #56]	@ 0x38
100027f4:	3301      	adds	r3, #1
100027f6:	5516      	strb	r6, [r2, r4]
100027f8:	e78b      	b.n	10002712 <_ntoa_format+0x8e>
100027fa:	230c      	movs	r3, #12
100027fc:	403b      	ands	r3, r7
100027fe:	1e5a      	subs	r2, r3, #1
10002800:	4193      	sbcs	r3, r2
10002802:	1aed      	subs	r5, r5, r3
10002804:	42b4      	cmp	r4, r6
10002806:	d200      	bcs.n	1000280a <_ntoa_format+0x186>
10002808:	e755      	b.n	100026b6 <_ntoa_format+0x32>
1000280a:	e764      	b.n	100026d6 <_ntoa_format+0x52>
1000280c:	06bb      	lsls	r3, r7, #26
1000280e:	d40e      	bmi.n	1000282e <_ntoa_format+0x1aa>
10002810:	2378      	movs	r3, #120	@ 0x78
10002812:	9a0e      	ldr	r2, [sp, #56]	@ 0x38
10002814:	2402      	movs	r4, #2
10002816:	7013      	strb	r3, [r2, #0]
10002818:	2330      	movs	r3, #48	@ 0x30
1000281a:	7053      	strb	r3, [r2, #1]
1000281c:	e7a1      	b.n	10002762 <_ntoa_format+0xde>
1000281e:	2c20      	cmp	r4, #32
10002820:	d100      	bne.n	10002824 <_ntoa_format+0x1a0>
10002822:	e775      	b.n	10002710 <_ntoa_format+0x8c>
10002824:	2378      	movs	r3, #120	@ 0x78
10002826:	9a0e      	ldr	r2, [sp, #56]	@ 0x38
10002828:	5513      	strb	r3, [r2, r4]
1000282a:	3401      	adds	r4, #1
1000282c:	e76e      	b.n	1000270c <_ntoa_format+0x88>
1000282e:	2358      	movs	r3, #88	@ 0x58
10002830:	e7ef      	b.n	10002812 <_ntoa_format+0x18e>
10002832:	3360      	adds	r3, #96	@ 0x60
10002834:	e7ed      	b.n	10002812 <_ntoa_format+0x18e>
10002836:	9a0e      	ldr	r2, [sp, #56]	@ 0x38
10002838:	1ea6      	subs	r6, r4, #2
1000283a:	4691      	mov	r9, r2
1000283c:	444e      	add	r6, r9
1000283e:	06ba      	lsls	r2, r7, #26
10002840:	d502      	bpl.n	10002848 <_ntoa_format+0x1c4>
10002842:	2258      	movs	r2, #88	@ 0x58
10002844:	7032      	strb	r2, [r6, #0]
10002846:	e798      	b.n	1000277a <_ntoa_format+0xf6>
10002848:	2278      	movs	r2, #120	@ 0x78
1000284a:	7032      	strb	r2, [r6, #0]
1000284c:	e795      	b.n	1000277a <_ntoa_format+0xf6>
1000284e:	46c0      	nop			@ (mov r8, r8)

10002850 <_out_char>:
10002850:	b510      	push	{r4, lr}
10002852:	2800      	cmp	r0, #0
10002854:	d100      	bne.n	10002858 <_out_char+0x8>
10002856:	bd10      	pop	{r4, pc}
10002858:	f001 fc7e 	bl	10004158 <__wrap_putchar>
1000285c:	e7fb      	b.n	10002856 <_out_char+0x6>
1000285e:	46c0      	nop			@ (mov r8, r8)

10002860 <_out_fct>:
10002860:	000b      	movs	r3, r1
10002862:	b510      	push	{r4, lr}
10002864:	2800      	cmp	r0, #0
10002866:	d002      	beq.n	1000286e <_out_fct+0xe>
10002868:	6849      	ldr	r1, [r1, #4]
1000286a:	681b      	ldr	r3, [r3, #0]
1000286c:	4798      	blx	r3
1000286e:	bd10      	pop	{r4, pc}

10002870 <_ftoa>:
10002870:	b5f0      	push	{r4, r5, r6, r7, lr}
10002872:	4657      	mov	r7, sl
10002874:	46de      	mov	lr, fp
10002876:	464e      	mov	r6, r9
10002878:	4645      	mov	r5, r8
1000287a:	b5e0      	push	{r5, r6, r7, lr}
1000287c:	b095      	sub	sp, #84	@ 0x54
1000287e:	4683      	mov	fp, r0
10002880:	000f      	movs	r7, r1
10002882:	4692      	mov	sl, r2
10002884:	4698      	mov	r8, r3
10002886:	9a1e      	ldr	r2, [sp, #120]	@ 0x78
10002888:	9b1f      	ldr	r3, [sp, #124]	@ 0x7c
1000288a:	0010      	movs	r0, r2
1000288c:	0019      	movs	r1, r3
1000288e:	9e20      	ldr	r6, [sp, #128]	@ 0x80
10002890:	f7ff facf 	bl	10001e32 <__wrap___aeabi_dcmpun>
10002894:	2800      	cmp	r0, #0
10002896:	d000      	beq.n	1000289a <_ftoa+0x2a>
10002898:	e1ea      	b.n	10002c70 <_ftoa+0x400>
1000289a:	981e      	ldr	r0, [sp, #120]	@ 0x78
1000289c:	991f      	ldr	r1, [sp, #124]	@ 0x7c
1000289e:	2201      	movs	r2, #1
100028a0:	4bc5      	ldr	r3, [pc, #788]	@ (10002bb8 <_ftoa+0x348>)
100028a2:	4252      	negs	r2, r2
100028a4:	f7ff faaa 	bl	10001dfc <__wrap___aeabi_dcmplt>
100028a8:	2800      	cmp	r0, #0
100028aa:	d000      	beq.n	100028ae <_ftoa+0x3e>
100028ac:	e114      	b.n	10002ad8 <_ftoa+0x268>
100028ae:	981e      	ldr	r0, [sp, #120]	@ 0x78
100028b0:	991f      	ldr	r1, [sp, #124]	@ 0x7c
100028b2:	2201      	movs	r2, #1
100028b4:	4bc1      	ldr	r3, [pc, #772]	@ (10002bbc <_ftoa+0x34c>)
100028b6:	4252      	negs	r2, r2
100028b8:	f7ff fab6 	bl	10001e28 <__wrap___aeabi_dcmpgt>
100028bc:	2800      	cmp	r0, #0
100028be:	d000      	beq.n	100028c2 <_ftoa+0x52>
100028c0:	e0e9      	b.n	10002a96 <_ftoa+0x226>
100028c2:	981e      	ldr	r0, [sp, #120]	@ 0x78
100028c4:	991f      	ldr	r1, [sp, #124]	@ 0x7c
100028c6:	2200      	movs	r2, #0
100028c8:	4bbd      	ldr	r3, [pc, #756]	@ (10002bc0 <_ftoa+0x350>)
100028ca:	f7ff faad 	bl	10001e28 <__wrap___aeabi_dcmpgt>
100028ce:	2800      	cmp	r0, #0
100028d0:	d000      	beq.n	100028d4 <_ftoa+0x64>
100028d2:	e0c8      	b.n	10002a66 <_ftoa+0x1f6>
100028d4:	981e      	ldr	r0, [sp, #120]	@ 0x78
100028d6:	991f      	ldr	r1, [sp, #124]	@ 0x7c
100028d8:	2200      	movs	r2, #0
100028da:	4bba      	ldr	r3, [pc, #744]	@ (10002bc4 <_ftoa+0x354>)
100028dc:	f7ff fa8e 	bl	10001dfc <__wrap___aeabi_dcmplt>
100028e0:	2800      	cmp	r0, #0
100028e2:	d000      	beq.n	100028e6 <_ftoa+0x76>
100028e4:	e0bf      	b.n	10002a66 <_ftoa+0x1f6>
100028e6:	981e      	ldr	r0, [sp, #120]	@ 0x78
100028e8:	991f      	ldr	r1, [sp, #124]	@ 0x7c
100028ea:	2200      	movs	r2, #0
100028ec:	2300      	movs	r3, #0
100028ee:	f7ff fa85 	bl	10001dfc <__wrap___aeabi_dcmplt>
100028f2:	2800      	cmp	r0, #0
100028f4:	d000      	beq.n	100028f8 <_ftoa+0x88>
100028f6:	e0e4      	b.n	10002ac2 <_ftoa+0x252>
100028f8:	2300      	movs	r3, #0
100028fa:	930b      	str	r3, [sp, #44]	@ 0x2c
100028fc:	9b22      	ldr	r3, [sp, #136]	@ 0x88
100028fe:	055b      	lsls	r3, r3, #21
10002900:	d400      	bmi.n	10002904 <_ftoa+0x94>
10002902:	2606      	movs	r6, #6
10002904:	2400      	movs	r4, #0
10002906:	2330      	movs	r3, #48	@ 0x30
10002908:	e007      	b.n	1000291a <_ftoa+0xaa>
1000290a:	2117      	movs	r1, #23
1000290c:	aa06      	add	r2, sp, #24
1000290e:	3401      	adds	r4, #1
10002910:	1852      	adds	r2, r2, r1
10002912:	5513      	strb	r3, [r2, r4]
10002914:	3e01      	subs	r6, #1
10002916:	2c20      	cmp	r4, #32
10002918:	d001      	beq.n	1000291e <_ftoa+0xae>
1000291a:	2e09      	cmp	r6, #9
1000291c:	d8f5      	bhi.n	1000290a <_ftoa+0x9a>
1000291e:	981e      	ldr	r0, [sp, #120]	@ 0x78
10002920:	991f      	ldr	r1, [sp, #124]	@ 0x7c
10002922:	f7ff faaf 	bl	10001e84 <__wrap___aeabi_d2iz>
10002926:	4ba8      	ldr	r3, [pc, #672]	@ (10002bc8 <_ftoa+0x358>)
10002928:	00f2      	lsls	r2, r6, #3
1000292a:	189b      	adds	r3, r3, r2
1000292c:	681a      	ldr	r2, [r3, #0]
1000292e:	685b      	ldr	r3, [r3, #4]
10002930:	0005      	movs	r5, r0
10002932:	9208      	str	r2, [sp, #32]
10002934:	9309      	str	r3, [sp, #36]	@ 0x24
10002936:	f7ff fa8d 	bl	10001e54 <__wrap___aeabi_i2d>
1000293a:	0002      	movs	r2, r0
1000293c:	000b      	movs	r3, r1
1000293e:	981e      	ldr	r0, [sp, #120]	@ 0x78
10002940:	991f      	ldr	r1, [sp, #124]	@ 0x7c
10002942:	f7ff f9e8 	bl	10001d16 <__wrap___aeabi_dsub>
10002946:	9a08      	ldr	r2, [sp, #32]
10002948:	9b09      	ldr	r3, [sp, #36]	@ 0x24
1000294a:	f7ff fa14 	bl	10001d76 <__wrap___aeabi_dmul>
1000294e:	9006      	str	r0, [sp, #24]
10002950:	9107      	str	r1, [sp, #28]
10002952:	f7ff fabb 	bl	10001ecc <__wrap___aeabi_d2uiz>
10002956:	4681      	mov	r9, r0
10002958:	f7ff fa78 	bl	10001e4c <__wrap___aeabi_ui2d>
1000295c:	0002      	movs	r2, r0
1000295e:	000b      	movs	r3, r1
10002960:	9806      	ldr	r0, [sp, #24]
10002962:	9907      	ldr	r1, [sp, #28]
10002964:	f7ff f9d7 	bl	10001d16 <__wrap___aeabi_dsub>
10002968:	2200      	movs	r2, #0
1000296a:	4b98      	ldr	r3, [pc, #608]	@ (10002bcc <_ftoa+0x35c>)
1000296c:	9006      	str	r0, [sp, #24]
1000296e:	9107      	str	r1, [sp, #28]
10002970:	f7ff fa5a 	bl	10001e28 <__wrap___aeabi_dcmpgt>
10002974:	2800      	cmp	r0, #0
10002976:	d100      	bne.n	1000297a <_ftoa+0x10a>
10002978:	e10d      	b.n	10002b96 <_ftoa+0x326>
1000297a:	2301      	movs	r3, #1
1000297c:	469c      	mov	ip, r3
1000297e:	44e1      	add	r9, ip
10002980:	4648      	mov	r0, r9
10002982:	f7ff fa63 	bl	10001e4c <__wrap___aeabi_ui2d>
10002986:	0002      	movs	r2, r0
10002988:	000b      	movs	r3, r1
1000298a:	9808      	ldr	r0, [sp, #32]
1000298c:	9909      	ldr	r1, [sp, #36]	@ 0x24
1000298e:	f7ff fa3b 	bl	10001e08 <__wrap___aeabi_dcmple>
10002992:	2800      	cmp	r0, #0
10002994:	d002      	beq.n	1000299c <_ftoa+0x12c>
10002996:	2300      	movs	r3, #0
10002998:	4699      	mov	r9, r3
1000299a:	3501      	adds	r5, #1
1000299c:	2e00      	cmp	r6, #0
1000299e:	d100      	bne.n	100029a2 <_ftoa+0x132>
100029a0:	e0d9      	b.n	10002b56 <_ftoa+0x2e6>
100029a2:	9506      	str	r5, [sp, #24]
100029a4:	464d      	mov	r5, r9
100029a6:	46b9      	mov	r9, r7
100029a8:	e014      	b.n	100029d4 <_ftoa+0x164>
100029aa:	aa06      	add	r2, sp, #24
100029ac:	4694      	mov	ip, r2
100029ae:	2317      	movs	r3, #23
100029b0:	210a      	movs	r1, #10
100029b2:	4463      	add	r3, ip
100029b4:	0028      	movs	r0, r5
100029b6:	3401      	adds	r4, #1
100029b8:	191f      	adds	r7, r3, r4
100029ba:	f7fe ff71 	bl	100018a0 <__wrap___aeabi_uidiv>
100029be:	3130      	adds	r1, #48	@ 0x30
100029c0:	7039      	strb	r1, [r7, #0]
100029c2:	0028      	movs	r0, r5
100029c4:	210a      	movs	r1, #10
100029c6:	3e01      	subs	r6, #1
100029c8:	f7fe ff6a 	bl	100018a0 <__wrap___aeabi_uidiv>
100029cc:	2d09      	cmp	r5, #9
100029ce:	d800      	bhi.n	100029d2 <_ftoa+0x162>
100029d0:	e117      	b.n	10002c02 <_ftoa+0x392>
100029d2:	0005      	movs	r5, r0
100029d4:	2c20      	cmp	r4, #32
100029d6:	d1e8      	bne.n	100029aa <_ftoa+0x13a>
100029d8:	464f      	mov	r7, r9
100029da:	9d06      	ldr	r5, [sp, #24]
100029dc:	2420      	movs	r4, #32
100029de:	ae0c      	add	r6, sp, #48	@ 0x30
100029e0:	aa06      	add	r2, sp, #24
100029e2:	2317      	movs	r3, #23
100029e4:	4694      	mov	ip, r2
100029e6:	4463      	add	r3, ip
100029e8:	4699      	mov	r9, r3
100029ea:	465b      	mov	r3, fp
100029ec:	46b3      	mov	fp, r6
100029ee:	9306      	str	r3, [sp, #24]
100029f0:	e00f      	b.n	10002a12 <_ftoa+0x1a2>
100029f2:	464b      	mov	r3, r9
100029f4:	0028      	movs	r0, r5
100029f6:	210a      	movs	r1, #10
100029f8:	3401      	adds	r4, #1
100029fa:	18e6      	adds	r6, r4, r3
100029fc:	f7fe ff28 	bl	10001850 <__wrap___aeabi_idiv>
10002a00:	3130      	adds	r1, #48	@ 0x30
10002a02:	0028      	movs	r0, r5
10002a04:	7031      	strb	r1, [r6, #0]
10002a06:	210a      	movs	r1, #10
10002a08:	f7fe ff22 	bl	10001850 <__wrap___aeabi_idiv>
10002a0c:	1e05      	subs	r5, r0, #0
10002a0e:	d100      	bne.n	10002a12 <_ftoa+0x1a2>
10002a10:	e0e4      	b.n	10002bdc <_ftoa+0x36c>
10002a12:	2c20      	cmp	r4, #32
10002a14:	d1ed      	bne.n	100029f2 <_ftoa+0x182>
10002a16:	9b06      	ldr	r3, [sp, #24]
10002a18:	465e      	mov	r6, fp
10002a1a:	469b      	mov	fp, r3
10002a1c:	2303      	movs	r3, #3
10002a1e:	9a22      	ldr	r2, [sp, #136]	@ 0x88
10002a20:	4013      	ands	r3, r2
10002a22:	2b01      	cmp	r3, #1
10002a24:	d118      	bne.n	10002a58 <_ftoa+0x1e8>
10002a26:	9b21      	ldr	r3, [sp, #132]	@ 0x84
10002a28:	2b00      	cmp	r3, #0
10002a2a:	d015      	beq.n	10002a58 <_ftoa+0x1e8>
10002a2c:	9b0b      	ldr	r3, [sp, #44]	@ 0x2c
10002a2e:	2b00      	cmp	r3, #0
10002a30:	d100      	bne.n	10002a34 <_ftoa+0x1c4>
10002a32:	e0fd      	b.n	10002c30 <_ftoa+0x3c0>
10002a34:	9b21      	ldr	r3, [sp, #132]	@ 0x84
10002a36:	3b01      	subs	r3, #1
10002a38:	9321      	str	r3, [sp, #132]	@ 0x84
10002a3a:	2b20      	cmp	r3, #32
10002a3c:	d90c      	bls.n	10002a58 <_ftoa+0x1e8>
10002a3e:	2330      	movs	r3, #48	@ 0x30
10002a40:	9a21      	ldr	r2, [sp, #132]	@ 0x84
10002a42:	e007      	b.n	10002a54 <_ftoa+0x1e4>
10002a44:	2017      	movs	r0, #23
10002a46:	a906      	add	r1, sp, #24
10002a48:	3401      	adds	r4, #1
10002a4a:	1809      	adds	r1, r1, r0
10002a4c:	550b      	strb	r3, [r1, r4]
10002a4e:	4294      	cmp	r4, r2
10002a50:	d300      	bcc.n	10002a54 <_ftoa+0x1e4>
10002a52:	e0cc      	b.n	10002bee <_ftoa+0x37e>
10002a54:	2c20      	cmp	r4, #32
10002a56:	d1f5      	bne.n	10002a44 <_ftoa+0x1d4>
10002a58:	9b22      	ldr	r3, [sp, #136]	@ 0x88
10002a5a:	9401      	str	r4, [sp, #4]
10002a5c:	9303      	str	r3, [sp, #12]
10002a5e:	9b21      	ldr	r3, [sp, #132]	@ 0x84
10002a60:	9600      	str	r6, [sp, #0]
10002a62:	9302      	str	r3, [sp, #8]
10002a64:	e022      	b.n	10002aac <_ftoa+0x23c>
10002a66:	9b22      	ldr	r3, [sp, #136]	@ 0x88
10002a68:	4652      	mov	r2, sl
10002a6a:	9304      	str	r3, [sp, #16]
10002a6c:	9b21      	ldr	r3, [sp, #132]	@ 0x84
10002a6e:	0039      	movs	r1, r7
10002a70:	9303      	str	r3, [sp, #12]
10002a72:	4658      	mov	r0, fp
10002a74:	9b1e      	ldr	r3, [sp, #120]	@ 0x78
10002a76:	9c1f      	ldr	r4, [sp, #124]	@ 0x7c
10002a78:	9602      	str	r6, [sp, #8]
10002a7a:	9300      	str	r3, [sp, #0]
10002a7c:	9401      	str	r4, [sp, #4]
10002a7e:	4643      	mov	r3, r8
10002a80:	f000 f94a 	bl	10002d18 <_etoa>
10002a84:	0004      	movs	r4, r0
10002a86:	0020      	movs	r0, r4
10002a88:	b015      	add	sp, #84	@ 0x54
10002a8a:	bcf0      	pop	{r4, r5, r6, r7}
10002a8c:	46bb      	mov	fp, r7
10002a8e:	46b2      	mov	sl, r6
10002a90:	46a9      	mov	r9, r5
10002a92:	46a0      	mov	r8, r4
10002a94:	bdf0      	pop	{r4, r5, r6, r7, pc}
10002a96:	9b22      	ldr	r3, [sp, #136]	@ 0x88
10002a98:	075b      	lsls	r3, r3, #29
10002a9a:	d40f      	bmi.n	10002abc <_ftoa+0x24c>
10002a9c:	2203      	movs	r2, #3
10002a9e:	4b4c      	ldr	r3, [pc, #304]	@ (10002bd0 <_ftoa+0x360>)
10002aa0:	9922      	ldr	r1, [sp, #136]	@ 0x88
10002aa2:	9201      	str	r2, [sp, #4]
10002aa4:	9103      	str	r1, [sp, #12]
10002aa6:	9921      	ldr	r1, [sp, #132]	@ 0x84
10002aa8:	9300      	str	r3, [sp, #0]
10002aaa:	9102      	str	r1, [sp, #8]
10002aac:	4643      	mov	r3, r8
10002aae:	4652      	mov	r2, sl
10002ab0:	0039      	movs	r1, r7
10002ab2:	4658      	mov	r0, fp
10002ab4:	f7ff fd90 	bl	100025d8 <_out_rev>
10002ab8:	0004      	movs	r4, r0
10002aba:	e7e4      	b.n	10002a86 <_ftoa+0x216>
10002abc:	2204      	movs	r2, #4
10002abe:	4b45      	ldr	r3, [pc, #276]	@ (10002bd4 <_ftoa+0x364>)
10002ac0:	e7ee      	b.n	10002aa0 <_ftoa+0x230>
10002ac2:	9a1e      	ldr	r2, [sp, #120]	@ 0x78
10002ac4:	9b1f      	ldr	r3, [sp, #124]	@ 0x7c
10002ac6:	2000      	movs	r0, #0
10002ac8:	2100      	movs	r1, #0
10002aca:	f7ff f924 	bl	10001d16 <__wrap___aeabi_dsub>
10002ace:	2301      	movs	r3, #1
10002ad0:	901e      	str	r0, [sp, #120]	@ 0x78
10002ad2:	911f      	str	r1, [sp, #124]	@ 0x7c
10002ad4:	930b      	str	r3, [sp, #44]	@ 0x2c
10002ad6:	e711      	b.n	100028fc <_ftoa+0x8c>
10002ad8:	9b22      	ldr	r3, [sp, #136]	@ 0x88
10002ada:	4654      	mov	r4, sl
10002adc:	079b      	lsls	r3, r3, #30
10002ade:	d111      	bne.n	10002b04 <_ftoa+0x294>
10002ae0:	9b21      	ldr	r3, [sp, #132]	@ 0x84
10002ae2:	2b04      	cmp	r3, #4
10002ae4:	d90e      	bls.n	10002b04 <_ftoa+0x294>
10002ae6:	9b21      	ldr	r3, [sp, #132]	@ 0x84
10002ae8:	4655      	mov	r5, sl
10002aea:	469c      	mov	ip, r3
10002aec:	465e      	mov	r6, fp
10002aee:	3c04      	subs	r4, #4
10002af0:	4464      	add	r4, ip
10002af2:	002a      	movs	r2, r5
10002af4:	4643      	mov	r3, r8
10002af6:	3501      	adds	r5, #1
10002af8:	0039      	movs	r1, r7
10002afa:	2020      	movs	r0, #32
10002afc:	47b0      	blx	r6
10002afe:	42a5      	cmp	r5, r4
10002b00:	d1f7      	bne.n	10002af2 <_ftoa+0x282>
10002b02:	46b3      	mov	fp, r6
10002b04:	4d34      	ldr	r5, [pc, #208]	@ (10002bd8 <_ftoa+0x368>)
10002b06:	0026      	movs	r6, r4
10002b08:	1f2b      	subs	r3, r5, #4
10002b0a:	4699      	mov	r9, r3
10002b0c:	465b      	mov	r3, fp
10002b0e:	46a3      	mov	fp, r4
10002b10:	001c      	movs	r4, r3
10002b12:	0032      	movs	r2, r6
10002b14:	78e8      	ldrb	r0, [r5, #3]
10002b16:	4643      	mov	r3, r8
10002b18:	0039      	movs	r1, r7
10002b1a:	3d01      	subs	r5, #1
10002b1c:	47a0      	blx	r4
10002b1e:	3601      	adds	r6, #1
10002b20:	454d      	cmp	r5, r9
10002b22:	d1f6      	bne.n	10002b12 <_ftoa+0x2a2>
10002b24:	0023      	movs	r3, r4
10002b26:	465c      	mov	r4, fp
10002b28:	469b      	mov	fp, r3
10002b2a:	9b22      	ldr	r3, [sp, #136]	@ 0x88
10002b2c:	3404      	adds	r4, #4
10002b2e:	079b      	lsls	r3, r3, #30
10002b30:	d5a9      	bpl.n	10002a86 <_ftoa+0x216>
10002b32:	4653      	mov	r3, sl
10002b34:	9a21      	ldr	r2, [sp, #132]	@ 0x84
10002b36:	1ae3      	subs	r3, r4, r3
10002b38:	429a      	cmp	r2, r3
10002b3a:	d9a4      	bls.n	10002a86 <_ftoa+0x216>
10002b3c:	465e      	mov	r6, fp
10002b3e:	0015      	movs	r5, r2
10002b40:	0022      	movs	r2, r4
10002b42:	4643      	mov	r3, r8
10002b44:	0039      	movs	r1, r7
10002b46:	2020      	movs	r0, #32
10002b48:	47b0      	blx	r6
10002b4a:	4653      	mov	r3, sl
10002b4c:	3401      	adds	r4, #1
10002b4e:	1ae3      	subs	r3, r4, r3
10002b50:	429d      	cmp	r5, r3
10002b52:	d8f5      	bhi.n	10002b40 <_ftoa+0x2d0>
10002b54:	e797      	b.n	10002a86 <_ftoa+0x216>
10002b56:	0028      	movs	r0, r5
10002b58:	f7ff f97c 	bl	10001e54 <__wrap___aeabi_i2d>
10002b5c:	0002      	movs	r2, r0
10002b5e:	000b      	movs	r3, r1
10002b60:	981e      	ldr	r0, [sp, #120]	@ 0x78
10002b62:	991f      	ldr	r1, [sp, #124]	@ 0x7c
10002b64:	f7ff f8d7 	bl	10001d16 <__wrap___aeabi_dsub>
10002b68:	2200      	movs	r2, #0
10002b6a:	4b18      	ldr	r3, [pc, #96]	@ (10002bcc <_ftoa+0x35c>)
10002b6c:	9006      	str	r0, [sp, #24]
10002b6e:	9107      	str	r1, [sp, #28]
10002b70:	f7ff f944 	bl	10001dfc <__wrap___aeabi_dcmplt>
10002b74:	ae0c      	add	r6, sp, #48	@ 0x30
10002b76:	2800      	cmp	r0, #0
10002b78:	d000      	beq.n	10002b7c <_ftoa+0x30c>
10002b7a:	e731      	b.n	100029e0 <_ftoa+0x170>
10002b7c:	9806      	ldr	r0, [sp, #24]
10002b7e:	9907      	ldr	r1, [sp, #28]
10002b80:	2200      	movs	r2, #0
10002b82:	4b12      	ldr	r3, [pc, #72]	@ (10002bcc <_ftoa+0x35c>)
10002b84:	f7ff f950 	bl	10001e28 <__wrap___aeabi_dcmpgt>
10002b88:	2800      	cmp	r0, #0
10002b8a:	d000      	beq.n	10002b8e <_ftoa+0x31e>
10002b8c:	e728      	b.n	100029e0 <_ftoa+0x170>
10002b8e:	2301      	movs	r3, #1
10002b90:	3501      	adds	r5, #1
10002b92:	439d      	bics	r5, r3
10002b94:	e724      	b.n	100029e0 <_ftoa+0x170>
10002b96:	2200      	movs	r2, #0
10002b98:	9806      	ldr	r0, [sp, #24]
10002b9a:	9907      	ldr	r1, [sp, #28]
10002b9c:	4b0b      	ldr	r3, [pc, #44]	@ (10002bcc <_ftoa+0x35c>)
10002b9e:	f7ff f92d 	bl	10001dfc <__wrap___aeabi_dcmplt>
10002ba2:	2800      	cmp	r0, #0
10002ba4:	d000      	beq.n	10002ba8 <_ftoa+0x338>
10002ba6:	e6f9      	b.n	1000299c <_ftoa+0x12c>
10002ba8:	464b      	mov	r3, r9
10002baa:	2b00      	cmp	r3, #0
10002bac:	d15c      	bne.n	10002c68 <_ftoa+0x3f8>
10002bae:	2301      	movs	r3, #1
10002bb0:	469c      	mov	ip, r3
10002bb2:	44e1      	add	r9, ip
10002bb4:	e6f2      	b.n	1000299c <_ftoa+0x12c>
10002bb6:	46c0      	nop			@ (mov r8, r8)
10002bb8:	ffefffff 	.word	0xffefffff
10002bbc:	7fefffff 	.word	0x7fefffff
10002bc0:	41cdcd65 	.word	0x41cdcd65
10002bc4:	c1cdcd65 	.word	0xc1cdcd65
10002bc8:	10007008 	.word	0x10007008
10002bcc:	3fe00000 	.word	0x3fe00000
10002bd0:	10006d60 	.word	0x10006d60
10002bd4:	10006d58 	.word	0x10006d58
10002bd8:	10006d68 	.word	0x10006d68
10002bdc:	9b06      	ldr	r3, [sp, #24]
10002bde:	465e      	mov	r6, fp
10002be0:	469b      	mov	fp, r3
10002be2:	2303      	movs	r3, #3
10002be4:	9a22      	ldr	r2, [sp, #136]	@ 0x88
10002be6:	4013      	ands	r3, r2
10002be8:	2b01      	cmp	r3, #1
10002bea:	d100      	bne.n	10002bee <_ftoa+0x37e>
10002bec:	e081      	b.n	10002cf2 <_ftoa+0x482>
10002bee:	2c20      	cmp	r4, #32
10002bf0:	d100      	bne.n	10002bf4 <_ftoa+0x384>
10002bf2:	e731      	b.n	10002a58 <_ftoa+0x1e8>
10002bf4:	9b0b      	ldr	r3, [sp, #44]	@ 0x2c
10002bf6:	2b00      	cmp	r3, #0
10002bf8:	d027      	beq.n	10002c4a <_ftoa+0x3da>
10002bfa:	232d      	movs	r3, #45	@ 0x2d
10002bfc:	5533      	strb	r3, [r6, r4]
10002bfe:	3401      	adds	r4, #1
10002c00:	e72a      	b.n	10002a58 <_ftoa+0x1e8>
10002c02:	464f      	mov	r7, r9
10002c04:	9d06      	ldr	r5, [sp, #24]
10002c06:	2c20      	cmp	r4, #32
10002c08:	d100      	bne.n	10002c0c <_ftoa+0x39c>
10002c0a:	e6e7      	b.n	100029dc <_ftoa+0x16c>
10002c0c:	2230      	movs	r2, #48	@ 0x30
10002c0e:	1933      	adds	r3, r6, r4
10002c10:	e007      	b.n	10002c22 <_ftoa+0x3b2>
10002c12:	2017      	movs	r0, #23
10002c14:	a906      	add	r1, sp, #24
10002c16:	3401      	adds	r4, #1
10002c18:	1809      	adds	r1, r1, r0
10002c1a:	550a      	strb	r2, [r1, r4]
10002c1c:	2c20      	cmp	r4, #32
10002c1e:	d100      	bne.n	10002c22 <_ftoa+0x3b2>
10002c20:	e6dc      	b.n	100029dc <_ftoa+0x16c>
10002c22:	42a3      	cmp	r3, r4
10002c24:	d1f5      	bne.n	10002c12 <_ftoa+0x3a2>
10002c26:	222e      	movs	r2, #46	@ 0x2e
10002c28:	ae0c      	add	r6, sp, #48	@ 0x30
10002c2a:	3401      	adds	r4, #1
10002c2c:	54f2      	strb	r2, [r6, r3]
10002c2e:	e6d7      	b.n	100029e0 <_ftoa+0x170>
10002c30:	230c      	movs	r3, #12
10002c32:	9a22      	ldr	r2, [sp, #136]	@ 0x88
10002c34:	4213      	tst	r3, r2
10002c36:	d057      	beq.n	10002ce8 <_ftoa+0x478>
10002c38:	9b21      	ldr	r3, [sp, #132]	@ 0x84
10002c3a:	3b01      	subs	r3, #1
10002c3c:	9321      	str	r3, [sp, #132]	@ 0x84
10002c3e:	42a3      	cmp	r3, r4
10002c40:	d900      	bls.n	10002c44 <_ftoa+0x3d4>
10002c42:	e6fc      	b.n	10002a3e <_ftoa+0x1ce>
10002c44:	2c20      	cmp	r4, #32
10002c46:	d100      	bne.n	10002c4a <_ftoa+0x3da>
10002c48:	e706      	b.n	10002a58 <_ftoa+0x1e8>
10002c4a:	9b22      	ldr	r3, [sp, #136]	@ 0x88
10002c4c:	075b      	lsls	r3, r3, #29
10002c4e:	d503      	bpl.n	10002c58 <_ftoa+0x3e8>
10002c50:	232b      	movs	r3, #43	@ 0x2b
10002c52:	5533      	strb	r3, [r6, r4]
10002c54:	3401      	adds	r4, #1
10002c56:	e6ff      	b.n	10002a58 <_ftoa+0x1e8>
10002c58:	9b22      	ldr	r3, [sp, #136]	@ 0x88
10002c5a:	071b      	lsls	r3, r3, #28
10002c5c:	d400      	bmi.n	10002c60 <_ftoa+0x3f0>
10002c5e:	e6fb      	b.n	10002a58 <_ftoa+0x1e8>
10002c60:	2320      	movs	r3, #32
10002c62:	5533      	strb	r3, [r6, r4]
10002c64:	3401      	adds	r4, #1
10002c66:	e6f7      	b.n	10002a58 <_ftoa+0x1e8>
10002c68:	07db      	lsls	r3, r3, #31
10002c6a:	d400      	bmi.n	10002c6e <_ftoa+0x3fe>
10002c6c:	e696      	b.n	1000299c <_ftoa+0x12c>
10002c6e:	e79e      	b.n	10002bae <_ftoa+0x33e>
10002c70:	9b22      	ldr	r3, [sp, #136]	@ 0x88
10002c72:	4655      	mov	r5, sl
10002c74:	079b      	lsls	r3, r3, #30
10002c76:	d111      	bne.n	10002c9c <_ftoa+0x42c>
10002c78:	9b21      	ldr	r3, [sp, #132]	@ 0x84
10002c7a:	2b03      	cmp	r3, #3
10002c7c:	d90e      	bls.n	10002c9c <_ftoa+0x42c>
10002c7e:	9b21      	ldr	r3, [sp, #132]	@ 0x84
10002c80:	4654      	mov	r4, sl
10002c82:	469c      	mov	ip, r3
10002c84:	465e      	mov	r6, fp
10002c86:	3d03      	subs	r5, #3
10002c88:	4465      	add	r5, ip
10002c8a:	0022      	movs	r2, r4
10002c8c:	4643      	mov	r3, r8
10002c8e:	3401      	adds	r4, #1
10002c90:	0039      	movs	r1, r7
10002c92:	2020      	movs	r0, #32
10002c94:	47b0      	blx	r6
10002c96:	42ac      	cmp	r4, r5
10002c98:	d1f7      	bne.n	10002c8a <_ftoa+0x41a>
10002c9a:	46b3      	mov	fp, r6
10002c9c:	46b9      	mov	r9, r7
10002c9e:	465f      	mov	r7, fp
10002ca0:	4e1c      	ldr	r6, [pc, #112]	@ (10002d14 <_ftoa+0x4a4>)
10002ca2:	1cec      	adds	r4, r5, #3
10002ca4:	002a      	movs	r2, r5
10002ca6:	78b0      	ldrb	r0, [r6, #2]
10002ca8:	4643      	mov	r3, r8
10002caa:	4649      	mov	r1, r9
10002cac:	3501      	adds	r5, #1
10002cae:	47b8      	blx	r7
10002cb0:	3e01      	subs	r6, #1
10002cb2:	42ac      	cmp	r4, r5
10002cb4:	d1f6      	bne.n	10002ca4 <_ftoa+0x434>
10002cb6:	9b22      	ldr	r3, [sp, #136]	@ 0x88
10002cb8:	46bb      	mov	fp, r7
10002cba:	464f      	mov	r7, r9
10002cbc:	079b      	lsls	r3, r3, #30
10002cbe:	d400      	bmi.n	10002cc2 <_ftoa+0x452>
10002cc0:	e6e1      	b.n	10002a86 <_ftoa+0x216>
10002cc2:	4653      	mov	r3, sl
10002cc4:	9a21      	ldr	r2, [sp, #132]	@ 0x84
10002cc6:	1ae3      	subs	r3, r4, r3
10002cc8:	429a      	cmp	r2, r3
10002cca:	d800      	bhi.n	10002cce <_ftoa+0x45e>
10002ccc:	e6db      	b.n	10002a86 <_ftoa+0x216>
10002cce:	465e      	mov	r6, fp
10002cd0:	0015      	movs	r5, r2
10002cd2:	0022      	movs	r2, r4
10002cd4:	4643      	mov	r3, r8
10002cd6:	0039      	movs	r1, r7
10002cd8:	2020      	movs	r0, #32
10002cda:	47b0      	blx	r6
10002cdc:	4653      	mov	r3, sl
10002cde:	3401      	adds	r4, #1
10002ce0:	1ae3      	subs	r3, r4, r3
10002ce2:	42ab      	cmp	r3, r5
10002ce4:	d3f5      	bcc.n	10002cd2 <_ftoa+0x462>
10002ce6:	e6ce      	b.n	10002a86 <_ftoa+0x216>
10002ce8:	9b21      	ldr	r3, [sp, #132]	@ 0x84
10002cea:	42a3      	cmp	r3, r4
10002cec:	d900      	bls.n	10002cf0 <_ftoa+0x480>
10002cee:	e6a6      	b.n	10002a3e <_ftoa+0x1ce>
10002cf0:	e6b2      	b.n	10002a58 <_ftoa+0x1e8>
10002cf2:	9b21      	ldr	r3, [sp, #132]	@ 0x84
10002cf4:	2b00      	cmp	r3, #0
10002cf6:	d100      	bne.n	10002cfa <_ftoa+0x48a>
10002cf8:	e779      	b.n	10002bee <_ftoa+0x37e>
10002cfa:	9b0b      	ldr	r3, [sp, #44]	@ 0x2c
10002cfc:	2b00      	cmp	r3, #0
10002cfe:	d097      	beq.n	10002c30 <_ftoa+0x3c0>
10002d00:	9b21      	ldr	r3, [sp, #132]	@ 0x84
10002d02:	3b01      	subs	r3, #1
10002d04:	9321      	str	r3, [sp, #132]	@ 0x84
10002d06:	429c      	cmp	r4, r3
10002d08:	d200      	bcs.n	10002d0c <_ftoa+0x49c>
10002d0a:	e698      	b.n	10002a3e <_ftoa+0x1ce>
10002d0c:	2c20      	cmp	r4, #32
10002d0e:	d000      	beq.n	10002d12 <_ftoa+0x4a2>
10002d10:	e773      	b.n	10002bfa <_ftoa+0x38a>
10002d12:	e6a1      	b.n	10002a58 <_ftoa+0x1e8>
10002d14:	10006d64 	.word	0x10006d64

10002d18 <_etoa>:
10002d18:	b5f0      	push	{r4, r5, r6, r7, lr}
10002d1a:	46de      	mov	lr, fp
10002d1c:	4657      	mov	r7, sl
10002d1e:	464e      	mov	r6, r9
10002d20:	4645      	mov	r5, r8
10002d22:	b5e0      	push	{r5, r6, r7, lr}
10002d24:	b099      	sub	sp, #100	@ 0x64
10002d26:	4681      	mov	r9, r0
10002d28:	468b      	mov	fp, r1
10002d2a:	4692      	mov	sl, r2
10002d2c:	4698      	mov	r8, r3
10002d2e:	9a22      	ldr	r2, [sp, #136]	@ 0x88
10002d30:	9b23      	ldr	r3, [sp, #140]	@ 0x8c
10002d32:	0010      	movs	r0, r2
10002d34:	0019      	movs	r1, r3
10002d36:	f7ff f87c 	bl	10001e32 <__wrap___aeabi_dcmpun>
10002d3a:	2800      	cmp	r0, #0
10002d3c:	d000      	beq.n	10002d40 <_etoa+0x28>
10002d3e:	e0ca      	b.n	10002ed6 <_etoa+0x1be>
10002d40:	9822      	ldr	r0, [sp, #136]	@ 0x88
10002d42:	9923      	ldr	r1, [sp, #140]	@ 0x8c
10002d44:	2201      	movs	r2, #1
10002d46:	4b82      	ldr	r3, [pc, #520]	@ (10002f50 <_etoa+0x238>)
10002d48:	4252      	negs	r2, r2
10002d4a:	f7ff f86d 	bl	10001e28 <__wrap___aeabi_dcmpgt>
10002d4e:	2800      	cmp	r0, #0
10002d50:	d000      	beq.n	10002d54 <_etoa+0x3c>
10002d52:	e0c0      	b.n	10002ed6 <_etoa+0x1be>
10002d54:	9822      	ldr	r0, [sp, #136]	@ 0x88
10002d56:	9923      	ldr	r1, [sp, #140]	@ 0x8c
10002d58:	2201      	movs	r2, #1
10002d5a:	4b7e      	ldr	r3, [pc, #504]	@ (10002f54 <_etoa+0x23c>)
10002d5c:	4252      	negs	r2, r2
10002d5e:	f7ff f84d 	bl	10001dfc <__wrap___aeabi_dcmplt>
10002d62:	2800      	cmp	r0, #0
10002d64:	d000      	beq.n	10002d68 <_etoa+0x50>
10002d66:	e0b6      	b.n	10002ed6 <_etoa+0x1be>
10002d68:	9822      	ldr	r0, [sp, #136]	@ 0x88
10002d6a:	9923      	ldr	r1, [sp, #140]	@ 0x8c
10002d6c:	2200      	movs	r2, #0
10002d6e:	2300      	movs	r3, #0
10002d70:	f7ff f844 	bl	10001dfc <__wrap___aeabi_dcmplt>
10002d74:	2800      	cmp	r0, #0
10002d76:	d000      	beq.n	10002d7a <_etoa+0x62>
10002d78:	e1c9      	b.n	1000310e <_etoa+0x3f6>
10002d7a:	9b22      	ldr	r3, [sp, #136]	@ 0x88
10002d7c:	9c23      	ldr	r4, [sp, #140]	@ 0x8c
10002d7e:	9308      	str	r3, [sp, #32]
10002d80:	9409      	str	r4, [sp, #36]	@ 0x24
10002d82:	9808      	ldr	r0, [sp, #32]
10002d84:	9909      	ldr	r1, [sp, #36]	@ 0x24
10002d86:	2380      	movs	r3, #128	@ 0x80
10002d88:	9a26      	ldr	r2, [sp, #152]	@ 0x98
10002d8a:	00db      	lsls	r3, r3, #3
10002d8c:	401a      	ands	r2, r3
10002d8e:	920d      	str	r2, [sp, #52]	@ 0x34
10002d90:	2280      	movs	r2, #128	@ 0x80
10002d92:	9c26      	ldr	r4, [sp, #152]	@ 0x98
10002d94:	0112      	lsls	r2, r2, #4
10002d96:	4014      	ands	r4, r2
10002d98:	0022      	movs	r2, r4
10002d9a:	940b      	str	r4, [sp, #44]	@ 0x2c
10002d9c:	9c26      	ldr	r4, [sp, #152]	@ 0x98
10002d9e:	0007      	movs	r7, r0
10002da0:	000e      	movs	r6, r1
10002da2:	421c      	tst	r4, r3
10002da4:	d000      	beq.n	10002da8 <_etoa+0x90>
10002da6:	e0ad      	b.n	10002f04 <_etoa+0x1ec>
10002da8:	000b      	movs	r3, r1
10002daa:	4303      	orrs	r3, r0
10002dac:	d000      	beq.n	10002db0 <_etoa+0x98>
10002dae:	e0d5      	b.n	10002f5c <_etoa+0x244>
10002db0:	2a00      	cmp	r2, #0
10002db2:	d000      	beq.n	10002db6 <_etoa+0x9e>
10002db4:	e20a      	b.n	100031cc <_etoa+0x4b4>
10002db6:	0022      	movs	r2, r4
10002db8:	3306      	adds	r3, #6
10002dba:	9324      	str	r3, [sp, #144]	@ 0x90
10002dbc:	2302      	movs	r3, #2
10002dbe:	4013      	ands	r3, r2
10002dc0:	930c      	str	r3, [sp, #48]	@ 0x30
10002dc2:	2302      	movs	r3, #2
10002dc4:	4213      	tst	r3, r2
10002dc6:	d000      	beq.n	10002dca <_etoa+0xb2>
10002dc8:	e202      	b.n	100031d0 <_etoa+0x4b8>
10002dca:	9b25      	ldr	r3, [sp, #148]	@ 0x94
10002dcc:	2b04      	cmp	r3, #4
10002dce:	d200      	bcs.n	10002dd2 <_etoa+0xba>
10002dd0:	e20f      	b.n	100031f2 <_etoa+0x4da>
10002dd2:	3b04      	subs	r3, #4
10002dd4:	930b      	str	r3, [sp, #44]	@ 0x2c
10002dd6:	2300      	movs	r3, #0
10002dd8:	2504      	movs	r5, #4
10002dda:	930a      	str	r3, [sp, #40]	@ 0x28
10002ddc:	2200      	movs	r2, #0
10002dde:	9822      	ldr	r0, [sp, #136]	@ 0x88
10002de0:	9923      	ldr	r1, [sp, #140]	@ 0x8c
10002de2:	2300      	movs	r3, #0
10002de4:	f7ff f80a 	bl	10001dfc <__wrap___aeabi_dcmplt>
10002de8:	2800      	cmp	r0, #0
10002dea:	d000      	beq.n	10002dee <_etoa+0xd6>
10002dec:	e203      	b.n	100031f6 <_etoa+0x4de>
10002dee:	4b5a      	ldr	r3, [pc, #360]	@ (10002f58 <_etoa+0x240>)
10002df0:	9a26      	ldr	r2, [sp, #152]	@ 0x98
10002df2:	4013      	ands	r3, r2
10002df4:	9304      	str	r3, [sp, #16]
10002df6:	9b0b      	ldr	r3, [sp, #44]	@ 0x2c
10002df8:	9303      	str	r3, [sp, #12]
10002dfa:	9b24      	ldr	r3, [sp, #144]	@ 0x90
10002dfc:	9302      	str	r3, [sp, #8]
10002dfe:	9b08      	ldr	r3, [sp, #32]
10002e00:	9c09      	ldr	r4, [sp, #36]	@ 0x24
10002e02:	9300      	str	r3, [sp, #0]
10002e04:	9401      	str	r4, [sp, #4]
10002e06:	4659      	mov	r1, fp
10002e08:	4643      	mov	r3, r8
10002e0a:	4652      	mov	r2, sl
10002e0c:	4648      	mov	r0, r9
10002e0e:	f7ff fd2f 	bl	10002870 <_ftoa>
10002e12:	0002      	movs	r2, r0
10002e14:	2020      	movs	r0, #32
10002e16:	9b26      	ldr	r3, [sp, #152]	@ 0x98
10002e18:	271f      	movs	r7, #31
10002e1a:	4003      	ands	r3, r0
10002e1c:	4259      	negs	r1, r3
10002e1e:	414b      	adcs	r3, r1
10002e20:	425b      	negs	r3, r3
10002e22:	4018      	ands	r0, r3
10002e24:	1c53      	adds	r3, r2, #1
10002e26:	9308      	str	r3, [sp, #32]
10002e28:	4659      	mov	r1, fp
10002e2a:	4643      	mov	r3, r8
10002e2c:	3045      	adds	r0, #69	@ 0x45
10002e2e:	47c8      	blx	r9
10002e30:	9a0a      	ldr	r2, [sp, #40]	@ 0x28
10002e32:	17d3      	asrs	r3, r2, #31
10002e34:	18d4      	adds	r4, r2, r3
10002e36:	405c      	eors	r4, r3
10002e38:	0fd3      	lsrs	r3, r2, #31
10002e3a:	930a      	str	r3, [sp, #40]	@ 0x28
10002e3c:	1e6b      	subs	r3, r5, #1
10002e3e:	930b      	str	r3, [sp, #44]	@ 0x2c
10002e40:	ab08      	add	r3, sp, #32
10002e42:	469c      	mov	ip, r3
10002e44:	2500      	movs	r5, #0
10002e46:	4467      	add	r7, ip
10002e48:	e001      	b.n	10002e4e <_etoa+0x136>
10002e4a:	2d20      	cmp	r5, #32
10002e4c:	d00f      	beq.n	10002e6e <_etoa+0x156>
10002e4e:	0020      	movs	r0, r4
10002e50:	210a      	movs	r1, #10
10002e52:	f7fe fd25 	bl	100018a0 <__wrap___aeabi_uidiv>
10002e56:	3501      	adds	r5, #1
10002e58:	197e      	adds	r6, r7, r5
10002e5a:	3130      	adds	r1, #48	@ 0x30
10002e5c:	7031      	strb	r1, [r6, #0]
10002e5e:	0020      	movs	r0, r4
10002e60:	210a      	movs	r1, #10
10002e62:	f7fe fd1d 	bl	100018a0 <__wrap___aeabi_uidiv>
10002e66:	0026      	movs	r6, r4
10002e68:	0004      	movs	r4, r0
10002e6a:	2e09      	cmp	r6, #9
10002e6c:	d8ed      	bhi.n	10002e4a <_etoa+0x132>
10002e6e:	2305      	movs	r3, #5
10002e70:	9306      	str	r3, [sp, #24]
10002e72:	9b0b      	ldr	r3, [sp, #44]	@ 0x2c
10002e74:	4659      	mov	r1, fp
10002e76:	9305      	str	r3, [sp, #20]
10002e78:	2300      	movs	r3, #0
10002e7a:	9304      	str	r3, [sp, #16]
10002e7c:	330a      	adds	r3, #10
10002e7e:	9303      	str	r3, [sp, #12]
10002e80:	9b0a      	ldr	r3, [sp, #40]	@ 0x28
10002e82:	4648      	mov	r0, r9
10002e84:	9302      	str	r3, [sp, #8]
10002e86:	ab10      	add	r3, sp, #64	@ 0x40
10002e88:	9300      	str	r3, [sp, #0]
10002e8a:	9a08      	ldr	r2, [sp, #32]
10002e8c:	4643      	mov	r3, r8
10002e8e:	9501      	str	r5, [sp, #4]
10002e90:	f7ff fbf8 	bl	10002684 <_ntoa_format>
10002e94:	9b0c      	ldr	r3, [sp, #48]	@ 0x30
10002e96:	2b00      	cmp	r3, #0
10002e98:	d02d      	beq.n	10002ef6 <_etoa+0x1de>
10002e9a:	4653      	mov	r3, sl
10002e9c:	1ac4      	subs	r4, r0, r3
10002e9e:	9b25      	ldr	r3, [sp, #148]	@ 0x94
10002ea0:	42a3      	cmp	r3, r4
10002ea2:	d928      	bls.n	10002ef6 <_etoa+0x1de>
10002ea4:	464d      	mov	r5, r9
10002ea6:	465f      	mov	r7, fp
10002ea8:	4681      	mov	r9, r0
10002eaa:	001e      	movs	r6, r3
10002eac:	4653      	mov	r3, sl
10002eae:	0039      	movs	r1, r7
10002eb0:	191a      	adds	r2, r3, r4
10002eb2:	2020      	movs	r0, #32
10002eb4:	4643      	mov	r3, r8
10002eb6:	3401      	adds	r4, #1
10002eb8:	47a8      	blx	r5
10002eba:	42a6      	cmp	r6, r4
10002ebc:	d8f6      	bhi.n	10002eac <_etoa+0x194>
10002ebe:	4653      	mov	r3, sl
10002ec0:	4648      	mov	r0, r9
10002ec2:	9925      	ldr	r1, [sp, #148]	@ 0x94
10002ec4:	1ac2      	subs	r2, r0, r3
10002ec6:	3201      	adds	r2, #1
10002ec8:	2300      	movs	r3, #0
10002eca:	4291      	cmp	r1, r2
10002ecc:	d300      	bcc.n	10002ed0 <_etoa+0x1b8>
10002ece:	e186      	b.n	100031de <_etoa+0x4c6>
10002ed0:	3001      	adds	r0, #1
10002ed2:	1818      	adds	r0, r3, r0
10002ed4:	e00f      	b.n	10002ef6 <_etoa+0x1de>
10002ed6:	9b26      	ldr	r3, [sp, #152]	@ 0x98
10002ed8:	9304      	str	r3, [sp, #16]
10002eda:	9b25      	ldr	r3, [sp, #148]	@ 0x94
10002edc:	9303      	str	r3, [sp, #12]
10002ede:	9b24      	ldr	r3, [sp, #144]	@ 0x90
10002ee0:	9302      	str	r3, [sp, #8]
10002ee2:	9b22      	ldr	r3, [sp, #136]	@ 0x88
10002ee4:	9c23      	ldr	r4, [sp, #140]	@ 0x8c
10002ee6:	9300      	str	r3, [sp, #0]
10002ee8:	9401      	str	r4, [sp, #4]
10002eea:	4643      	mov	r3, r8
10002eec:	4652      	mov	r2, sl
10002eee:	4659      	mov	r1, fp
10002ef0:	4648      	mov	r0, r9
10002ef2:	f7ff fcbd 	bl	10002870 <_ftoa>
10002ef6:	b019      	add	sp, #100	@ 0x64
10002ef8:	bcf0      	pop	{r4, r5, r6, r7}
10002efa:	46bb      	mov	fp, r7
10002efc:	46b2      	mov	sl, r6
10002efe:	46a9      	mov	r9, r5
10002f00:	46a0      	mov	r8, r4
10002f02:	bdf0      	pop	{r4, r5, r6, r7, pc}
10002f04:	4301      	orrs	r1, r0
10002f06:	d12b      	bne.n	10002f60 <_etoa+0x248>
10002f08:	9b0b      	ldr	r3, [sp, #44]	@ 0x2c
10002f0a:	0022      	movs	r2, r4
10002f0c:	2b00      	cmp	r3, #0
10002f0e:	d100      	bne.n	10002f12 <_etoa+0x1fa>
10002f10:	e754      	b.n	10002dbc <_etoa+0xa4>
10002f12:	2300      	movs	r3, #0
10002f14:	930a      	str	r3, [sp, #40]	@ 0x28
10002f16:	9b24      	ldr	r3, [sp, #144]	@ 0x90
10002f18:	9a0a      	ldr	r2, [sp, #40]	@ 0x28
10002f1a:	2400      	movs	r4, #0
10002f1c:	4293      	cmp	r3, r2
10002f1e:	dd00      	ble.n	10002f22 <_etoa+0x20a>
10002f20:	e185      	b.n	1000322e <_etoa+0x516>
10002f22:	9822      	ldr	r0, [sp, #136]	@ 0x88
10002f24:	9923      	ldr	r1, [sp, #140]	@ 0x8c
10002f26:	2200      	movs	r2, #0
10002f28:	2300      	movs	r3, #0
10002f2a:	f7fe ff67 	bl	10001dfc <__wrap___aeabi_dcmplt>
10002f2e:	2800      	cmp	r0, #0
10002f30:	d000      	beq.n	10002f34 <_etoa+0x21c>
10002f32:	e135      	b.n	100031a0 <_etoa+0x488>
10002f34:	9b26      	ldr	r3, [sp, #152]	@ 0x98
10002f36:	4a08      	ldr	r2, [pc, #32]	@ (10002f58 <_etoa+0x240>)
10002f38:	9402      	str	r4, [sp, #8]
10002f3a:	401a      	ands	r2, r3
10002f3c:	2380      	movs	r3, #128	@ 0x80
10002f3e:	00db      	lsls	r3, r3, #3
10002f40:	4313      	orrs	r3, r2
10002f42:	9304      	str	r3, [sp, #16]
10002f44:	9b25      	ldr	r3, [sp, #148]	@ 0x94
10002f46:	9303      	str	r3, [sp, #12]
10002f48:	9b08      	ldr	r3, [sp, #32]
10002f4a:	9c09      	ldr	r4, [sp, #36]	@ 0x24
10002f4c:	e7cb      	b.n	10002ee6 <_etoa+0x1ce>
10002f4e:	46c0      	nop			@ (mov r8, r8)
10002f50:	7fefffff 	.word	0x7fefffff
10002f54:	ffefffff 	.word	0xffefffff
10002f58:	fffff7ff 	.word	0xfffff7ff
10002f5c:	2306      	movs	r3, #6
10002f5e:	9324      	str	r3, [sp, #144]	@ 0x90
10002f60:	4bb4      	ldr	r3, [pc, #720]	@ (10003234 <_etoa+0x51c>)
10002f62:	0070      	lsls	r0, r6, #1
10002f64:	469c      	mov	ip, r3
10002f66:	0d40      	lsrs	r0, r0, #21
10002f68:	4460      	add	r0, ip
10002f6a:	f7fe ff73 	bl	10001e54 <__wrap___aeabi_i2d>
10002f6e:	4ab2      	ldr	r2, [pc, #712]	@ (10003238 <_etoa+0x520>)
10002f70:	4bb2      	ldr	r3, [pc, #712]	@ (1000323c <_etoa+0x524>)
10002f72:	f7fe ff00 	bl	10001d76 <__wrap___aeabi_dmul>
10002f76:	4ab2      	ldr	r2, [pc, #712]	@ (10003240 <_etoa+0x528>)
10002f78:	4bb2      	ldr	r3, [pc, #712]	@ (10003244 <_etoa+0x52c>)
10002f7a:	f7fe fed5 	bl	10001d28 <__wrap___aeabi_dadd>
10002f7e:	0336      	lsls	r6, r6, #12
10002f80:	4bb1      	ldr	r3, [pc, #708]	@ (10003248 <_etoa+0x530>)
10002f82:	0b36      	lsrs	r6, r6, #12
10002f84:	4333      	orrs	r3, r6
10002f86:	0004      	movs	r4, r0
10002f88:	000d      	movs	r5, r1
10002f8a:	0038      	movs	r0, r7
10002f8c:	0019      	movs	r1, r3
10002f8e:	2200      	movs	r2, #0
10002f90:	4bae      	ldr	r3, [pc, #696]	@ (1000324c <_etoa+0x534>)
10002f92:	f7fe fec0 	bl	10001d16 <__wrap___aeabi_dsub>
10002f96:	4aae      	ldr	r2, [pc, #696]	@ (10003250 <_etoa+0x538>)
10002f98:	4bae      	ldr	r3, [pc, #696]	@ (10003254 <_etoa+0x53c>)
10002f9a:	f7fe feec 	bl	10001d76 <__wrap___aeabi_dmul>
10002f9e:	0002      	movs	r2, r0
10002fa0:	000b      	movs	r3, r1
10002fa2:	0020      	movs	r0, r4
10002fa4:	0029      	movs	r1, r5
10002fa6:	f7fe febf 	bl	10001d28 <__wrap___aeabi_dadd>
10002faa:	f7fe ff6b 	bl	10001e84 <__wrap___aeabi_d2iz>
10002fae:	900a      	str	r0, [sp, #40]	@ 0x28
10002fb0:	f7fe ff50 	bl	10001e54 <__wrap___aeabi_i2d>
10002fb4:	4aa8      	ldr	r2, [pc, #672]	@ (10003258 <_etoa+0x540>)
10002fb6:	4ba9      	ldr	r3, [pc, #676]	@ (1000325c <_etoa+0x544>)
10002fb8:	0004      	movs	r4, r0
10002fba:	000d      	movs	r5, r1
10002fbc:	f7fe fedb 	bl	10001d76 <__wrap___aeabi_dmul>
10002fc0:	2200      	movs	r2, #0
10002fc2:	4ba7      	ldr	r3, [pc, #668]	@ (10003260 <_etoa+0x548>)
10002fc4:	f7fe feb0 	bl	10001d28 <__wrap___aeabi_dadd>
10002fc8:	f7fe ff5c 	bl	10001e84 <__wrap___aeabi_d2iz>
10002fcc:	4aa5      	ldr	r2, [pc, #660]	@ (10003264 <_etoa+0x54c>)
10002fce:	0006      	movs	r6, r0
10002fd0:	4ba5      	ldr	r3, [pc, #660]	@ (10003268 <_etoa+0x550>)
10002fd2:	0020      	movs	r0, r4
10002fd4:	0029      	movs	r1, r5
10002fd6:	f7fe fece 	bl	10001d76 <__wrap___aeabi_dmul>
10002fda:	0004      	movs	r4, r0
10002fdc:	0030      	movs	r0, r6
10002fde:	000d      	movs	r5, r1
10002fe0:	960c      	str	r6, [sp, #48]	@ 0x30
10002fe2:	f7fe ff37 	bl	10001e54 <__wrap___aeabi_i2d>
10002fe6:	4aa1      	ldr	r2, [pc, #644]	@ (1000326c <_etoa+0x554>)
10002fe8:	4ba1      	ldr	r3, [pc, #644]	@ (10003270 <_etoa+0x558>)
10002fea:	f7fe fec4 	bl	10001d76 <__wrap___aeabi_dmul>
10002fee:	0002      	movs	r2, r0
10002ff0:	000b      	movs	r3, r1
10002ff2:	0020      	movs	r0, r4
10002ff4:	0029      	movs	r1, r5
10002ff6:	f7fe fe8e 	bl	10001d16 <__wrap___aeabi_dsub>
10002ffa:	0002      	movs	r2, r0
10002ffc:	000b      	movs	r3, r1
10002ffe:	0006      	movs	r6, r0
10003000:	000f      	movs	r7, r1
10003002:	f7fe feb8 	bl	10001d76 <__wrap___aeabi_dmul>
10003006:	0032      	movs	r2, r6
10003008:	0004      	movs	r4, r0
1000300a:	000d      	movs	r5, r1
1000300c:	003b      	movs	r3, r7
1000300e:	0030      	movs	r0, r6
10003010:	0039      	movs	r1, r7
10003012:	f7fe fe89 	bl	10001d28 <__wrap___aeabi_dadd>
10003016:	2200      	movs	r2, #0
10003018:	900e      	str	r0, [sp, #56]	@ 0x38
1000301a:	910f      	str	r1, [sp, #60]	@ 0x3c
1000301c:	4b95      	ldr	r3, [pc, #596]	@ (10003274 <_etoa+0x55c>)
1000301e:	0020      	movs	r0, r4
10003020:	0029      	movs	r1, r5
10003022:	f7fe fe8a 	bl	10001d3a <__wrap___aeabi_ddiv>
10003026:	2200      	movs	r2, #0
10003028:	4b93      	ldr	r3, [pc, #588]	@ (10003278 <_etoa+0x560>)
1000302a:	f7fe fe7d 	bl	10001d28 <__wrap___aeabi_dadd>
1000302e:	0002      	movs	r2, r0
10003030:	000b      	movs	r3, r1
10003032:	0020      	movs	r0, r4
10003034:	0029      	movs	r1, r5
10003036:	f7fe fe80 	bl	10001d3a <__wrap___aeabi_ddiv>
1000303a:	2200      	movs	r2, #0
1000303c:	4b8f      	ldr	r3, [pc, #572]	@ (1000327c <_etoa+0x564>)
1000303e:	f7fe fe73 	bl	10001d28 <__wrap___aeabi_dadd>
10003042:	0002      	movs	r2, r0
10003044:	000b      	movs	r3, r1
10003046:	0020      	movs	r0, r4
10003048:	0029      	movs	r1, r5
1000304a:	f7fe fe76 	bl	10001d3a <__wrap___aeabi_ddiv>
1000304e:	000d      	movs	r5, r1
10003050:	2180      	movs	r1, #128	@ 0x80
10003052:	0004      	movs	r4, r0
10003054:	0032      	movs	r2, r6
10003056:	003b      	movs	r3, r7
10003058:	2000      	movs	r0, #0
1000305a:	05c9      	lsls	r1, r1, #23
1000305c:	f7fe fe5b 	bl	10001d16 <__wrap___aeabi_dsub>
10003060:	0002      	movs	r2, r0
10003062:	000b      	movs	r3, r1
10003064:	0020      	movs	r0, r4
10003066:	0029      	movs	r1, r5
10003068:	f7fe fe5e 	bl	10001d28 <__wrap___aeabi_dadd>
1000306c:	0002      	movs	r2, r0
1000306e:	000b      	movs	r3, r1
10003070:	980e      	ldr	r0, [sp, #56]	@ 0x38
10003072:	990f      	ldr	r1, [sp, #60]	@ 0x3c
10003074:	f7fe fe61 	bl	10001d3a <__wrap___aeabi_ddiv>
10003078:	2200      	movs	r2, #0
1000307a:	4b73      	ldr	r3, [pc, #460]	@ (10003248 <_etoa+0x530>)
1000307c:	f7fe fe54 	bl	10001d28 <__wrap___aeabi_dadd>
10003080:	4b7f      	ldr	r3, [pc, #508]	@ (10003280 <_etoa+0x568>)
10003082:	9c0c      	ldr	r4, [sp, #48]	@ 0x30
10003084:	469c      	mov	ip, r3
10003086:	4464      	add	r4, ip
10003088:	2200      	movs	r2, #0
1000308a:	0523      	lsls	r3, r4, #20
1000308c:	f7fe fe73 	bl	10001d76 <__wrap___aeabi_dmul>
10003090:	0006      	movs	r6, r0
10003092:	000f      	movs	r7, r1
10003094:	0002      	movs	r2, r0
10003096:	000b      	movs	r3, r1
10003098:	9808      	ldr	r0, [sp, #32]
1000309a:	9909      	ldr	r1, [sp, #36]	@ 0x24
1000309c:	f7fe feae 	bl	10001dfc <__wrap___aeabi_dcmplt>
100030a0:	2800      	cmp	r0, #0
100030a2:	d00a      	beq.n	100030ba <_etoa+0x3a2>
100030a4:	9b0a      	ldr	r3, [sp, #40]	@ 0x28
100030a6:	0030      	movs	r0, r6
100030a8:	3b01      	subs	r3, #1
100030aa:	0039      	movs	r1, r7
100030ac:	930a      	str	r3, [sp, #40]	@ 0x28
100030ae:	2200      	movs	r2, #0
100030b0:	4b71      	ldr	r3, [pc, #452]	@ (10003278 <_etoa+0x560>)
100030b2:	f7fe fe42 	bl	10001d3a <__wrap___aeabi_ddiv>
100030b6:	0006      	movs	r6, r0
100030b8:	000f      	movs	r7, r1
100030ba:	9a0a      	ldr	r2, [sp, #40]	@ 0x28
100030bc:	0033      	movs	r3, r6
100030be:	3263      	adds	r2, #99	@ 0x63
100030c0:	0039      	movs	r1, r7
100030c2:	2ac6      	cmp	r2, #198	@ 0xc6
100030c4:	d812      	bhi.n	100030ec <_etoa+0x3d4>
100030c6:	2202      	movs	r2, #2
100030c8:	9826      	ldr	r0, [sp, #152]	@ 0x98
100030ca:	2504      	movs	r5, #4
100030cc:	4010      	ands	r0, r2
100030ce:	9a0b      	ldr	r2, [sp, #44]	@ 0x2c
100030d0:	900c      	str	r0, [sp, #48]	@ 0x30
100030d2:	2a00      	cmp	r2, #0
100030d4:	d125      	bne.n	10003122 <_etoa+0x40a>
100030d6:	9b25      	ldr	r3, [sp, #148]	@ 0x94
100030d8:	2b04      	cmp	r3, #4
100030da:	d905      	bls.n	100030e8 <_etoa+0x3d0>
100030dc:	2800      	cmp	r0, #0
100030de:	d000      	beq.n	100030e2 <_etoa+0x3ca>
100030e0:	e0a1      	b.n	10003226 <_etoa+0x50e>
100030e2:	9b25      	ldr	r3, [sp, #148]	@ 0x94
100030e4:	3b04      	subs	r3, #4
100030e6:	930b      	str	r3, [sp, #44]	@ 0x2c
100030e8:	2504      	movs	r5, #4
100030ea:	e041      	b.n	10003170 <_etoa+0x458>
100030ec:	2202      	movs	r2, #2
100030ee:	9826      	ldr	r0, [sp, #152]	@ 0x98
100030f0:	4010      	ands	r0, r2
100030f2:	9a0b      	ldr	r2, [sp, #44]	@ 0x2c
100030f4:	900c      	str	r0, [sp, #48]	@ 0x30
100030f6:	2a00      	cmp	r2, #0
100030f8:	d112      	bne.n	10003120 <_etoa+0x408>
100030fa:	9b25      	ldr	r3, [sp, #148]	@ 0x94
100030fc:	2b05      	cmp	r3, #5
100030fe:	d976      	bls.n	100031ee <_etoa+0x4d6>
10003100:	2800      	cmp	r0, #0
10003102:	d172      	bne.n	100031ea <_etoa+0x4d2>
10003104:	9b25      	ldr	r3, [sp, #148]	@ 0x94
10003106:	2505      	movs	r5, #5
10003108:	3b05      	subs	r3, #5
1000310a:	930b      	str	r3, [sp, #44]	@ 0x2c
1000310c:	e034      	b.n	10003178 <_etoa+0x460>
1000310e:	2280      	movs	r2, #128	@ 0x80
10003110:	0612      	lsls	r2, r2, #24
10003112:	4694      	mov	ip, r2
10003114:	9b22      	ldr	r3, [sp, #136]	@ 0x88
10003116:	9308      	str	r3, [sp, #32]
10003118:	9b23      	ldr	r3, [sp, #140]	@ 0x8c
1000311a:	4463      	add	r3, ip
1000311c:	9309      	str	r3, [sp, #36]	@ 0x24
1000311e:	e630      	b.n	10002d82 <_etoa+0x6a>
10003120:	2505      	movs	r5, #5
10003122:	430b      	orrs	r3, r1
10003124:	d100      	bne.n	10003128 <_etoa+0x410>
10003126:	e6f6      	b.n	10002f16 <_etoa+0x1fe>
10003128:	9808      	ldr	r0, [sp, #32]
1000312a:	9909      	ldr	r1, [sp, #36]	@ 0x24
1000312c:	4a55      	ldr	r2, [pc, #340]	@ (10003284 <_etoa+0x56c>)
1000312e:	4b56      	ldr	r3, [pc, #344]	@ (10003288 <_etoa+0x570>)
10003130:	f7fe fe72 	bl	10001e18 <__wrap___aeabi_dcmpge>
10003134:	2800      	cmp	r0, #0
10003136:	d008      	beq.n	1000314a <_etoa+0x432>
10003138:	9808      	ldr	r0, [sp, #32]
1000313a:	9909      	ldr	r1, [sp, #36]	@ 0x24
1000313c:	2200      	movs	r2, #0
1000313e:	4b53      	ldr	r3, [pc, #332]	@ (1000328c <_etoa+0x574>)
10003140:	f7fe fe5c 	bl	10001dfc <__wrap___aeabi_dcmplt>
10003144:	2800      	cmp	r0, #0
10003146:	d000      	beq.n	1000314a <_etoa+0x432>
10003148:	e6e5      	b.n	10002f16 <_etoa+0x1fe>
1000314a:	9b24      	ldr	r3, [sp, #144]	@ 0x90
1000314c:	2b00      	cmp	r3, #0
1000314e:	d01c      	beq.n	1000318a <_etoa+0x472>
10003150:	9b0d      	ldr	r3, [sp, #52]	@ 0x34
10003152:	2b00      	cmp	r3, #0
10003154:	d019      	beq.n	1000318a <_etoa+0x472>
10003156:	9b24      	ldr	r3, [sp, #144]	@ 0x90
10003158:	3b01      	subs	r3, #1
1000315a:	9324      	str	r3, [sp, #144]	@ 0x90
1000315c:	9b25      	ldr	r3, [sp, #148]	@ 0x94
1000315e:	42ab      	cmp	r3, r5
10003160:	d904      	bls.n	1000316c <_etoa+0x454>
10003162:	9b0c      	ldr	r3, [sp, #48]	@ 0x30
10003164:	2b00      	cmp	r3, #0
10003166:	d05a      	beq.n	1000321e <_etoa+0x506>
10003168:	2302      	movs	r3, #2
1000316a:	930c      	str	r3, [sp, #48]	@ 0x30
1000316c:	2300      	movs	r3, #0
1000316e:	930b      	str	r3, [sp, #44]	@ 0x2c
10003170:	9b0a      	ldr	r3, [sp, #40]	@ 0x28
10003172:	2b00      	cmp	r3, #0
10003174:	d100      	bne.n	10003178 <_etoa+0x460>
10003176:	e631      	b.n	10002ddc <_etoa+0xc4>
10003178:	9808      	ldr	r0, [sp, #32]
1000317a:	9909      	ldr	r1, [sp, #36]	@ 0x24
1000317c:	0032      	movs	r2, r6
1000317e:	003b      	movs	r3, r7
10003180:	f7fe fddb 	bl	10001d3a <__wrap___aeabi_ddiv>
10003184:	9008      	str	r0, [sp, #32]
10003186:	9109      	str	r1, [sp, #36]	@ 0x24
10003188:	e628      	b.n	10002ddc <_etoa+0xc4>
1000318a:	9b25      	ldr	r3, [sp, #148]	@ 0x94
1000318c:	42ab      	cmp	r3, r5
1000318e:	d9ed      	bls.n	1000316c <_etoa+0x454>
10003190:	9b0c      	ldr	r3, [sp, #48]	@ 0x30
10003192:	2b00      	cmp	r3, #0
10003194:	d043      	beq.n	1000321e <_etoa+0x506>
10003196:	2300      	movs	r3, #0
10003198:	930b      	str	r3, [sp, #44]	@ 0x2c
1000319a:	3302      	adds	r3, #2
1000319c:	930c      	str	r3, [sp, #48]	@ 0x30
1000319e:	e7e7      	b.n	10003170 <_etoa+0x458>
100031a0:	2080      	movs	r0, #128	@ 0x80
100031a2:	9b26      	ldr	r3, [sp, #152]	@ 0x98
100031a4:	4a3a      	ldr	r2, [pc, #232]	@ (10003290 <_etoa+0x578>)
100031a6:	0600      	lsls	r0, r0, #24
100031a8:	401a      	ands	r2, r3
100031aa:	2380      	movs	r3, #128	@ 0x80
100031ac:	4684      	mov	ip, r0
100031ae:	9402      	str	r4, [sp, #8]
100031b0:	9c08      	ldr	r4, [sp, #32]
100031b2:	9d09      	ldr	r5, [sp, #36]	@ 0x24
100031b4:	0029      	movs	r1, r5
100031b6:	00db      	lsls	r3, r3, #3
100031b8:	4313      	orrs	r3, r2
100031ba:	9304      	str	r3, [sp, #16]
100031bc:	9b25      	ldr	r3, [sp, #148]	@ 0x94
100031be:	4461      	add	r1, ip
100031c0:	0022      	movs	r2, r4
100031c2:	9303      	str	r3, [sp, #12]
100031c4:	000b      	movs	r3, r1
100031c6:	9200      	str	r2, [sp, #0]
100031c8:	9301      	str	r3, [sp, #4]
100031ca:	e68e      	b.n	10002eea <_etoa+0x1d2>
100031cc:	2405      	movs	r4, #5
100031ce:	e6a8      	b.n	10002f22 <_etoa+0x20a>
100031d0:	2300      	movs	r3, #0
100031d2:	930b      	str	r3, [sp, #44]	@ 0x2c
100031d4:	930a      	str	r3, [sp, #40]	@ 0x28
100031d6:	3302      	adds	r3, #2
100031d8:	2504      	movs	r5, #4
100031da:	930c      	str	r3, [sp, #48]	@ 0x30
100031dc:	e5fe      	b.n	10002ddc <_etoa+0xc4>
100031de:	4653      	mov	r3, sl
100031e0:	468c      	mov	ip, r1
100031e2:	3b01      	subs	r3, #1
100031e4:	4463      	add	r3, ip
100031e6:	1a1b      	subs	r3, r3, r0
100031e8:	e672      	b.n	10002ed0 <_etoa+0x1b8>
100031ea:	2302      	movs	r3, #2
100031ec:	930c      	str	r3, [sp, #48]	@ 0x30
100031ee:	2505      	movs	r5, #5
100031f0:	e7c2      	b.n	10003178 <_etoa+0x460>
100031f2:	2304      	movs	r3, #4
100031f4:	e5ed      	b.n	10002dd2 <_etoa+0xba>
100031f6:	2080      	movs	r0, #128	@ 0x80
100031f8:	9e08      	ldr	r6, [sp, #32]
100031fa:	9f09      	ldr	r7, [sp, #36]	@ 0x24
100031fc:	0600      	lsls	r0, r0, #24
100031fe:	0039      	movs	r1, r7
10003200:	4684      	mov	ip, r0
10003202:	9a26      	ldr	r2, [sp, #152]	@ 0x98
10003204:	4b22      	ldr	r3, [pc, #136]	@ (10003290 <_etoa+0x578>)
10003206:	4461      	add	r1, ip
10003208:	4013      	ands	r3, r2
1000320a:	9304      	str	r3, [sp, #16]
1000320c:	9b0b      	ldr	r3, [sp, #44]	@ 0x2c
1000320e:	0032      	movs	r2, r6
10003210:	9303      	str	r3, [sp, #12]
10003212:	9b24      	ldr	r3, [sp, #144]	@ 0x90
10003214:	9302      	str	r3, [sp, #8]
10003216:	000b      	movs	r3, r1
10003218:	9200      	str	r2, [sp, #0]
1000321a:	9301      	str	r3, [sp, #4]
1000321c:	e5f3      	b.n	10002e06 <_etoa+0xee>
1000321e:	9b25      	ldr	r3, [sp, #148]	@ 0x94
10003220:	1b5b      	subs	r3, r3, r5
10003222:	930b      	str	r3, [sp, #44]	@ 0x2c
10003224:	e7a4      	b.n	10003170 <_etoa+0x458>
10003226:	2302      	movs	r3, #2
10003228:	2504      	movs	r5, #4
1000322a:	930c      	str	r3, [sp, #48]	@ 0x30
1000322c:	e7a0      	b.n	10003170 <_etoa+0x458>
1000322e:	1a9c      	subs	r4, r3, r2
10003230:	3c01      	subs	r4, #1
10003232:	e676      	b.n	10002f22 <_etoa+0x20a>
10003234:	fffffc01 	.word	0xfffffc01
10003238:	509f79fb 	.word	0x509f79fb
1000323c:	3fd34413 	.word	0x3fd34413
10003240:	8b60c8b3 	.word	0x8b60c8b3
10003244:	3fc68a28 	.word	0x3fc68a28
10003248:	3ff00000 	.word	0x3ff00000
1000324c:	3ff80000 	.word	0x3ff80000
10003250:	636f4361 	.word	0x636f4361
10003254:	3fd287a7 	.word	0x3fd287a7
10003258:	0979a371 	.word	0x0979a371
1000325c:	400a934f 	.word	0x400a934f
10003260:	3fe00000 	.word	0x3fe00000
10003264:	bbb55516 	.word	0xbbb55516
10003268:	40026bb1 	.word	0x40026bb1
1000326c:	fefa39ef 	.word	0xfefa39ef
10003270:	3fe62e42 	.word	0x3fe62e42
10003274:	402c0000 	.word	0x402c0000
10003278:	40240000 	.word	0x40240000
1000327c:	40180000 	.word	0x40180000
10003280:	000003ff 	.word	0x000003ff
10003284:	eb1c432d 	.word	0xeb1c432d
10003288:	3f1a36e2 	.word	0x3f1a36e2
1000328c:	412e8480 	.word	0x412e8480
10003290:	fffff7ff 	.word	0xfffff7ff

10003294 <_vsnprintf>:
10003294:	b5f0      	push	{r4, r5, r6, r7, lr}
10003296:	46de      	mov	lr, fp
10003298:	4657      	mov	r7, sl
1000329a:	464e      	mov	r6, r9
1000329c:	4645      	mov	r5, r8
1000329e:	b5e0      	push	{r5, r6, r7, lr}
100032a0:	b0a5      	sub	sp, #148	@ 0x94
100032a2:	001e      	movs	r6, r3
100032a4:	9b2e      	ldr	r3, [sp, #184]	@ 0xb8
100032a6:	4692      	mov	sl, r2
100032a8:	930c      	str	r3, [sp, #48]	@ 0x30
100032aa:	4acd      	ldr	r2, [pc, #820]	@ (100035e0 <_vsnprintf+0x34c>)
100032ac:	4bcd      	ldr	r3, [pc, #820]	@ (100035e4 <_vsnprintf+0x350>)
100032ae:	4680      	mov	r8, r0
100032b0:	468b      	mov	fp, r1
100032b2:	601a      	str	r2, [r3, #0]
100032b4:	2900      	cmp	r1, #0
100032b6:	d100      	bne.n	100032ba <_vsnprintf+0x26>
100032b8:	e1ea      	b.n	10003690 <_vsnprintf+0x3fc>
100032ba:	2300      	movs	r3, #0
100032bc:	7830      	ldrb	r0, [r6, #0]
100032be:	4699      	mov	r9, r3
100032c0:	2800      	cmp	r0, #0
100032c2:	d100      	bne.n	100032c6 <_vsnprintf+0x32>
100032c4:	e1ec      	b.n	100036a0 <_vsnprintf+0x40c>
100032c6:	4bc8      	ldr	r3, [pc, #800]	@ (100035e8 <_vsnprintf+0x354>)
100032c8:	464c      	mov	r4, r9
100032ca:	930b      	str	r3, [sp, #44]	@ 0x2c
100032cc:	4bc7      	ldr	r3, [pc, #796]	@ (100035ec <_vsnprintf+0x358>)
100032ce:	4645      	mov	r5, r8
100032d0:	4657      	mov	r7, sl
100032d2:	930e      	str	r3, [sp, #56]	@ 0x38
100032d4:	e00a      	b.n	100032ec <_vsnprintf+0x58>
100032d6:	1c63      	adds	r3, r4, #1
100032d8:	4698      	mov	r8, r3
100032da:	0022      	movs	r2, r4
100032dc:	003b      	movs	r3, r7
100032de:	4659      	mov	r1, fp
100032e0:	47a8      	blx	r5
100032e2:	4644      	mov	r4, r8
100032e4:	7830      	ldrb	r0, [r6, #0]
100032e6:	2800      	cmp	r0, #0
100032e8:	d100      	bne.n	100032ec <_vsnprintf+0x58>
100032ea:	e087      	b.n	100033fc <_vsnprintf+0x168>
100032ec:	3601      	adds	r6, #1
100032ee:	2825      	cmp	r0, #37	@ 0x25
100032f0:	d1f1      	bne.n	100032d6 <_vsnprintf+0x42>
100032f2:	2308      	movs	r3, #8
100032f4:	469a      	mov	sl, r3
100032f6:	3b04      	subs	r3, #4
100032f8:	4699      	mov	r9, r3
100032fa:	3b02      	subs	r3, #2
100032fc:	4698      	mov	r8, r3
100032fe:	3b01      	subs	r3, #1
10003300:	2200      	movs	r2, #0
10003302:	469c      	mov	ip, r3
10003304:	940d      	str	r4, [sp, #52]	@ 0x34
10003306:	7830      	ldrb	r0, [r6, #0]
10003308:	1c71      	adds	r1, r6, #1
1000330a:	0003      	movs	r3, r0
1000330c:	3b20      	subs	r3, #32
1000330e:	b2db      	uxtb	r3, r3
10003310:	2b10      	cmp	r3, #16
10003312:	d803      	bhi.n	1000331c <_vsnprintf+0x88>
10003314:	9c0b      	ldr	r4, [sp, #44]	@ 0x2c
10003316:	009b      	lsls	r3, r3, #2
10003318:	58e3      	ldr	r3, [r4, r3]
1000331a:	469f      	mov	pc, r3
1000331c:	0003      	movs	r3, r0
1000331e:	3b30      	subs	r3, #48	@ 0x30
10003320:	4689      	mov	r9, r1
10003322:	9c0d      	ldr	r4, [sp, #52]	@ 0x34
10003324:	2b09      	cmp	r3, #9
10003326:	d93a      	bls.n	1000339e <_vsnprintf+0x10a>
10003328:	2300      	movs	r3, #0
1000332a:	4698      	mov	r8, r3
1000332c:	282a      	cmp	r0, #42	@ 0x2a
1000332e:	d100      	bne.n	10003332 <_vsnprintf+0x9e>
10003330:	e0c1      	b.n	100034b6 <_vsnprintf+0x222>
10003332:	2300      	movs	r3, #0
10003334:	469a      	mov	sl, r3
10003336:	282e      	cmp	r0, #46	@ 0x2e
10003338:	d04b      	beq.n	100033d2 <_vsnprintf+0x13e>
1000333a:	0003      	movs	r3, r0
1000333c:	3b68      	subs	r3, #104	@ 0x68
1000333e:	b2db      	uxtb	r3, r3
10003340:	2b12      	cmp	r3, #18
10003342:	d81e      	bhi.n	10003382 <_vsnprintf+0xee>
10003344:	990e      	ldr	r1, [sp, #56]	@ 0x38
10003346:	009b      	lsls	r3, r3, #2
10003348:	58cb      	ldr	r3, [r1, r3]
1000334a:	469f      	mov	pc, r3
1000334c:	4663      	mov	r3, ip
1000334e:	000e      	movs	r6, r1
10003350:	431a      	orrs	r2, r3
10003352:	e7d8      	b.n	10003306 <_vsnprintf+0x72>
10003354:	4643      	mov	r3, r8
10003356:	000e      	movs	r6, r1
10003358:	431a      	orrs	r2, r3
1000335a:	e7d4      	b.n	10003306 <_vsnprintf+0x72>
1000335c:	464b      	mov	r3, r9
1000335e:	000e      	movs	r6, r1
10003360:	431a      	orrs	r2, r3
10003362:	e7d0      	b.n	10003306 <_vsnprintf+0x72>
10003364:	2310      	movs	r3, #16
10003366:	000e      	movs	r6, r1
10003368:	431a      	orrs	r2, r3
1000336a:	e7cc      	b.n	10003306 <_vsnprintf+0x72>
1000336c:	4653      	mov	r3, sl
1000336e:	000e      	movs	r6, r1
10003370:	431a      	orrs	r2, r3
10003372:	e7c8      	b.n	10003306 <_vsnprintf+0x72>
10003374:	2380      	movs	r3, #128	@ 0x80
10003376:	005b      	lsls	r3, r3, #1
10003378:	431a      	orrs	r2, r3
1000337a:	3bff      	subs	r3, #255	@ 0xff
1000337c:	469c      	mov	ip, r3
1000337e:	7870      	ldrb	r0, [r6, #1]
10003380:	44e1      	add	r9, ip
10003382:	464e      	mov	r6, r9
10003384:	2867      	cmp	r0, #103	@ 0x67
10003386:	d84f      	bhi.n	10003428 <_vsnprintf+0x194>
10003388:	2824      	cmp	r0, #36	@ 0x24
1000338a:	d9a4      	bls.n	100032d6 <_vsnprintf+0x42>
1000338c:	0003      	movs	r3, r0
1000338e:	3b25      	subs	r3, #37	@ 0x25
10003390:	b2db      	uxtb	r3, r3
10003392:	2b42      	cmp	r3, #66	@ 0x42
10003394:	d89f      	bhi.n	100032d6 <_vsnprintf+0x42>
10003396:	4996      	ldr	r1, [pc, #600]	@ (100035f0 <_vsnprintf+0x35c>)
10003398:	009b      	lsls	r3, r3, #2
1000339a:	58cb      	ldr	r3, [r1, r3]
1000339c:	469f      	mov	pc, r3
1000339e:	2300      	movs	r3, #0
100033a0:	4694      	mov	ip, r2
100033a2:	001e      	movs	r6, r3
100033a4:	e000      	b.n	100033a8 <_vsnprintf+0x114>
100033a6:	3101      	adds	r1, #1
100033a8:	00b3      	lsls	r3, r6, #2
100033aa:	199b      	adds	r3, r3, r6
100033ac:	005b      	lsls	r3, r3, #1
100033ae:	181e      	adds	r6, r3, r0
100033b0:	7808      	ldrb	r0, [r1, #0]
100033b2:	3e30      	subs	r6, #48	@ 0x30
100033b4:	0003      	movs	r3, r0
100033b6:	3b30      	subs	r3, #48	@ 0x30
100033b8:	2b09      	cmp	r3, #9
100033ba:	d9f4      	bls.n	100033a6 <_vsnprintf+0x112>
100033bc:	2301      	movs	r3, #1
100033be:	4662      	mov	r2, ip
100033c0:	4689      	mov	r9, r1
100033c2:	469c      	mov	ip, r3
100033c4:	2300      	movs	r3, #0
100033c6:	46b0      	mov	r8, r6
100033c8:	469a      	mov	sl, r3
100033ca:	000e      	movs	r6, r1
100033cc:	44e1      	add	r9, ip
100033ce:	282e      	cmp	r0, #46	@ 0x2e
100033d0:	d1b3      	bne.n	1000333a <_vsnprintf+0xa6>
100033d2:	2130      	movs	r1, #48	@ 0x30
100033d4:	2080      	movs	r0, #128	@ 0x80
100033d6:	4249      	negs	r1, r1
100033d8:	468c      	mov	ip, r1
100033da:	00c0      	lsls	r0, r0, #3
100033dc:	4302      	orrs	r2, r0
100033de:	7870      	ldrb	r0, [r6, #1]
100033e0:	464b      	mov	r3, r9
100033e2:	4484      	add	ip, r0
100033e4:	4661      	mov	r1, ip
100033e6:	2909      	cmp	r1, #9
100033e8:	d800      	bhi.n	100033ec <_vsnprintf+0x158>
100033ea:	e16c      	b.n	100036c6 <_vsnprintf+0x432>
100033ec:	282a      	cmp	r0, #42	@ 0x2a
100033ee:	d100      	bne.n	100033f2 <_vsnprintf+0x15e>
100033f0:	e17a      	b.n	100036e8 <_vsnprintf+0x454>
100033f2:	2301      	movs	r3, #1
100033f4:	469c      	mov	ip, r3
100033f6:	464e      	mov	r6, r9
100033f8:	44e1      	add	r9, ip
100033fa:	e79e      	b.n	1000333a <_vsnprintf+0xa6>
100033fc:	46a1      	mov	r9, r4
100033fe:	46a8      	mov	r8, r5
10003400:	46ba      	mov	sl, r7
10003402:	45ca      	cmp	sl, r9
10003404:	d803      	bhi.n	1000340e <_vsnprintf+0x17a>
10003406:	2301      	movs	r3, #1
10003408:	425b      	negs	r3, r3
1000340a:	4453      	add	r3, sl
1000340c:	4699      	mov	r9, r3
1000340e:	4653      	mov	r3, sl
10003410:	464a      	mov	r2, r9
10003412:	4659      	mov	r1, fp
10003414:	2000      	movs	r0, #0
10003416:	47c0      	blx	r8
10003418:	0020      	movs	r0, r4
1000341a:	b025      	add	sp, #148	@ 0x94
1000341c:	bcf0      	pop	{r4, r5, r6, r7}
1000341e:	46bb      	mov	fp, r7
10003420:	46b2      	mov	sl, r6
10003422:	46a9      	mov	r9, r5
10003424:	46a0      	mov	r8, r4
10003426:	bdf0      	pop	{r4, r5, r6, r7, pc}
10003428:	0003      	movs	r3, r0
1000342a:	3b69      	subs	r3, #105	@ 0x69
1000342c:	b2db      	uxtb	r3, r3
1000342e:	930d      	str	r3, [sp, #52]	@ 0x34
10003430:	2b0f      	cmp	r3, #15
10003432:	d900      	bls.n	10003436 <_vsnprintf+0x1a2>
10003434:	e74f      	b.n	100032d6 <_vsnprintf+0x42>
10003436:	2101      	movs	r1, #1
10003438:	4099      	lsls	r1, r3
1000343a:	468c      	mov	ip, r1
1000343c:	496d      	ldr	r1, [pc, #436]	@ (100035f4 <_vsnprintf+0x360>)
1000343e:	4689      	mov	r9, r1
10003440:	4661      	mov	r1, ip
10003442:	464b      	mov	r3, r9
10003444:	4019      	ands	r1, r3
10003446:	910f      	str	r1, [sp, #60]	@ 0x3c
10003448:	4663      	mov	r3, ip
1000344a:	4649      	mov	r1, r9
1000344c:	420b      	tst	r3, r1
1000344e:	d000      	beq.n	10003452 <_vsnprintf+0x1be>
10003450:	e128      	b.n	100036a4 <_vsnprintf+0x410>
10003452:	9b0d      	ldr	r3, [sp, #52]	@ 0x34
10003454:	2b0a      	cmp	r3, #10
10003456:	d03a      	beq.n	100034ce <_vsnprintf+0x23a>
10003458:	2b07      	cmp	r3, #7
1000345a:	d000      	beq.n	1000345e <_vsnprintf+0x1ca>
1000345c:	e73b      	b.n	100032d6 <_vsnprintf+0x42>
1000345e:	9b0c      	ldr	r3, [sp, #48]	@ 0x30
10003460:	0019      	movs	r1, r3
10003462:	c908      	ldmia	r1!, {r3}
10003464:	4688      	mov	r8, r1
10003466:	2b00      	cmp	r3, #0
10003468:	d100      	bne.n	1000346c <_vsnprintf+0x1d8>
1000346a:	e14b      	b.n	10003704 <_vsnprintf+0x470>
1000346c:	2021      	movs	r0, #33	@ 0x21
1000346e:	4302      	orrs	r2, r0
10003470:	4691      	mov	r9, r2
10003472:	a914      	add	r1, sp, #80	@ 0x50
10003474:	468c      	mov	ip, r1
10003476:	221f      	movs	r2, #31
10003478:	210f      	movs	r1, #15
1000347a:	4462      	add	r2, ip
1000347c:	468c      	mov	ip, r1
1000347e:	4651      	mov	r1, sl
10003480:	950d      	str	r5, [sp, #52]	@ 0x34
10003482:	910c      	str	r1, [sp, #48]	@ 0x30
10003484:	46a2      	mov	sl, r4
10003486:	0015      	movs	r5, r2
10003488:	990f      	ldr	r1, [sp, #60]	@ 0x3c
1000348a:	e002      	b.n	10003492 <_vsnprintf+0x1fe>
1000348c:	2920      	cmp	r1, #32
1000348e:	d00c      	beq.n	100034aa <_vsnprintf+0x216>
10003490:	0013      	movs	r3, r2
10003492:	4664      	mov	r4, ip
10003494:	401c      	ands	r4, r3
10003496:	0020      	movs	r0, r4
10003498:	3037      	adds	r0, #55	@ 0x37
1000349a:	2c09      	cmp	r4, #9
1000349c:	d800      	bhi.n	100034a0 <_vsnprintf+0x20c>
1000349e:	3807      	subs	r0, #7
100034a0:	3101      	adds	r1, #1
100034a2:	5468      	strb	r0, [r5, r1]
100034a4:	091a      	lsrs	r2, r3, #4
100034a6:	2b0f      	cmp	r3, #15
100034a8:	d8f0      	bhi.n	1000348c <_vsnprintf+0x1f8>
100034aa:	9b0c      	ldr	r3, [sp, #48]	@ 0x30
100034ac:	4654      	mov	r4, sl
100034ae:	9d0d      	ldr	r5, [sp, #52]	@ 0x34
100034b0:	469a      	mov	sl, r3
100034b2:	910f      	str	r1, [sp, #60]	@ 0x3c
100034b4:	e133      	b.n	1000371e <_vsnprintf+0x48a>
100034b6:	9b0c      	ldr	r3, [sp, #48]	@ 0x30
100034b8:	cb02      	ldmia	r3!, {r1}
100034ba:	4688      	mov	r8, r1
100034bc:	2900      	cmp	r1, #0
100034be:	db47      	blt.n	10003550 <_vsnprintf+0x2bc>
100034c0:	930c      	str	r3, [sp, #48]	@ 0x30
100034c2:	2301      	movs	r3, #1
100034c4:	469c      	mov	ip, r3
100034c6:	7870      	ldrb	r0, [r6, #1]
100034c8:	464e      	mov	r6, r9
100034ca:	44e1      	add	r9, ip
100034cc:	e731      	b.n	10003332 <_vsnprintf+0x9e>
100034ce:	9b0c      	ldr	r3, [sp, #48]	@ 0x30
100034d0:	cb02      	ldmia	r3!, {r1}
100034d2:	9314      	str	r3, [sp, #80]	@ 0x50
100034d4:	4653      	mov	r3, sl
100034d6:	2b00      	cmp	r3, #0
100034d8:	d100      	bne.n	100034dc <_vsnprintf+0x248>
100034da:	e138      	b.n	1000374e <_vsnprintf+0x4ba>
100034dc:	469c      	mov	ip, r3
100034de:	7808      	ldrb	r0, [r1, #0]
100034e0:	000b      	movs	r3, r1
100034e2:	900c      	str	r0, [sp, #48]	@ 0x30
100034e4:	448c      	add	ip, r1
100034e6:	2800      	cmp	r0, #0
100034e8:	d101      	bne.n	100034ee <_vsnprintf+0x25a>
100034ea:	f000 fc98 	bl	10003e1e <_vsnprintf+0xb8a>
100034ee:	4689      	mov	r9, r1
100034f0:	4661      	mov	r1, ip
100034f2:	4694      	mov	ip, r2
100034f4:	e003      	b.n	100034fe <_vsnprintf+0x26a>
100034f6:	785a      	ldrb	r2, [r3, #1]
100034f8:	3301      	adds	r3, #1
100034fa:	2a00      	cmp	r2, #0
100034fc:	d001      	beq.n	10003502 <_vsnprintf+0x26e>
100034fe:	428b      	cmp	r3, r1
10003500:	d1f9      	bne.n	100034f6 <_vsnprintf+0x262>
10003502:	4649      	mov	r1, r9
10003504:	4662      	mov	r2, ip
10003506:	1a5b      	subs	r3, r3, r1
10003508:	900c      	str	r0, [sp, #48]	@ 0x30
1000350a:	930f      	str	r3, [sp, #60]	@ 0x3c
1000350c:	0553      	lsls	r3, r2, #21
1000350e:	d500      	bpl.n	10003512 <_vsnprintf+0x27e>
10003510:	e120      	b.n	10003754 <_vsnprintf+0x4c0>
10003512:	2302      	movs	r3, #2
10003514:	0018      	movs	r0, r3
10003516:	4010      	ands	r0, r2
10003518:	900d      	str	r0, [sp, #52]	@ 0x34
1000351a:	4213      	tst	r3, r2
1000351c:	d100      	bne.n	10003520 <_vsnprintf+0x28c>
1000351e:	e3cb      	b.n	10003cb8 <_vsnprintf+0xa24>
10003520:	930d      	str	r3, [sp, #52]	@ 0x34
10003522:	1b0b      	subs	r3, r1, r4
10003524:	46b1      	mov	r9, r6
10003526:	469a      	mov	sl, r3
10003528:	465e      	mov	r6, fp
1000352a:	980c      	ldr	r0, [sp, #48]	@ 0x30
1000352c:	0022      	movs	r2, r4
1000352e:	003b      	movs	r3, r7
10003530:	0031      	movs	r1, r6
10003532:	47a8      	blx	r5
10003534:	4653      	mov	r3, sl
10003536:	3401      	adds	r4, #1
10003538:	5d18      	ldrb	r0, [r3, r4]
1000353a:	2800      	cmp	r0, #0
1000353c:	d1f6      	bne.n	1000352c <_vsnprintf+0x298>
1000353e:	46b3      	mov	fp, r6
10003540:	464e      	mov	r6, r9
10003542:	9b0d      	ldr	r3, [sp, #52]	@ 0x34
10003544:	2b00      	cmp	r3, #0
10003546:	d000      	beq.n	1000354a <_vsnprintf+0x2b6>
10003548:	e1c7      	b.n	100038da <_vsnprintf+0x646>
1000354a:	9b14      	ldr	r3, [sp, #80]	@ 0x50
1000354c:	930c      	str	r3, [sp, #48]	@ 0x30
1000354e:	e6c9      	b.n	100032e4 <_vsnprintf+0x50>
10003550:	930c      	str	r3, [sp, #48]	@ 0x30
10003552:	2301      	movs	r3, #1
10003554:	469c      	mov	ip, r3
10003556:	3828      	subs	r0, #40	@ 0x28
10003558:	4249      	negs	r1, r1
1000355a:	4302      	orrs	r2, r0
1000355c:	4688      	mov	r8, r1
1000355e:	7870      	ldrb	r0, [r6, #1]
10003560:	464e      	mov	r6, r9
10003562:	44e1      	add	r9, ip
10003564:	e6e5      	b.n	10003332 <_vsnprintf+0x9e>
10003566:	7870      	ldrb	r0, [r6, #1]
10003568:	286c      	cmp	r0, #108	@ 0x6c
1000356a:	d100      	bne.n	1000356e <_vsnprintf+0x2da>
1000356c:	e17f      	b.n	1000386e <_vsnprintf+0x5da>
1000356e:	2380      	movs	r3, #128	@ 0x80
10003570:	005b      	lsls	r3, r3, #1
10003572:	431a      	orrs	r2, r3
10003574:	3bff      	subs	r3, #255	@ 0xff
10003576:	469c      	mov	ip, r3
10003578:	44e1      	add	r9, ip
1000357a:	e702      	b.n	10003382 <_vsnprintf+0xee>
1000357c:	2380      	movs	r3, #128	@ 0x80
1000357e:	009b      	lsls	r3, r3, #2
10003580:	431a      	orrs	r2, r3
10003582:	2301      	movs	r3, #1
10003584:	469c      	mov	ip, r3
10003586:	7870      	ldrb	r0, [r6, #1]
10003588:	44e1      	add	r9, ip
1000358a:	e6fa      	b.n	10003382 <_vsnprintf+0xee>
1000358c:	7870      	ldrb	r0, [r6, #1]
1000358e:	2868      	cmp	r0, #104	@ 0x68
10003590:	d100      	bne.n	10003594 <_vsnprintf+0x300>
10003592:	e173      	b.n	1000387c <_vsnprintf+0x5e8>
10003594:	2380      	movs	r3, #128	@ 0x80
10003596:	431a      	orrs	r2, r3
10003598:	3b7f      	subs	r3, #127	@ 0x7f
1000359a:	469c      	mov	ip, r3
1000359c:	44e1      	add	r9, ip
1000359e:	e6f0      	b.n	10003382 <_vsnprintf+0xee>
100035a0:	2867      	cmp	r0, #103	@ 0x67
100035a2:	d100      	bne.n	100035a6 <_vsnprintf+0x312>
100035a4:	e103      	b.n	100037ae <_vsnprintf+0x51a>
100035a6:	2847      	cmp	r0, #71	@ 0x47
100035a8:	d100      	bne.n	100035ac <_vsnprintf+0x318>
100035aa:	e15a      	b.n	10003862 <_vsnprintf+0x5ce>
100035ac:	2845      	cmp	r0, #69	@ 0x45
100035ae:	d100      	bne.n	100035b2 <_vsnprintf+0x31e>
100035b0:	e15a      	b.n	10003868 <_vsnprintf+0x5d4>
100035b2:	9204      	str	r2, [sp, #16]
100035b4:	2107      	movs	r1, #7
100035b6:	4642      	mov	r2, r8
100035b8:	9b0c      	ldr	r3, [sp, #48]	@ 0x30
100035ba:	9203      	str	r2, [sp, #12]
100035bc:	3307      	adds	r3, #7
100035be:	4652      	mov	r2, sl
100035c0:	438b      	bics	r3, r1
100035c2:	0019      	movs	r1, r3
100035c4:	9202      	str	r2, [sp, #8]
100035c6:	c90c      	ldmia	r1!, {r2, r3}
100035c8:	0028      	movs	r0, r5
100035ca:	9200      	str	r2, [sp, #0]
100035cc:	9301      	str	r3, [sp, #4]
100035ce:	910c      	str	r1, [sp, #48]	@ 0x30
100035d0:	0022      	movs	r2, r4
100035d2:	003b      	movs	r3, r7
100035d4:	4659      	mov	r1, fp
100035d6:	f7ff fb9f 	bl	10002d18 <_etoa>
100035da:	0004      	movs	r4, r0
100035dc:	e682      	b.n	100032e4 <_vsnprintf+0x50>
100035de:	46c0      	nop			@ (mov r8, r8)
100035e0:	10003295 	.word	0x10003295
100035e4:	20001f3c 	.word	0x20001f3c
100035e8:	10006e6c 	.word	0x10006e6c
100035ec:	10006eb0 	.word	0x10006eb0
100035f0:	10006efc 	.word	0x10006efc
100035f4:	00009041 	.word	0x00009041
100035f8:	2846      	cmp	r0, #70	@ 0x46
100035fa:	d100      	bne.n	100035fe <_vsnprintf+0x36a>
100035fc:	e0db      	b.n	100037b6 <_vsnprintf+0x522>
100035fe:	9204      	str	r2, [sp, #16]
10003600:	2107      	movs	r1, #7
10003602:	4642      	mov	r2, r8
10003604:	9b0c      	ldr	r3, [sp, #48]	@ 0x30
10003606:	9203      	str	r2, [sp, #12]
10003608:	3307      	adds	r3, #7
1000360a:	4652      	mov	r2, sl
1000360c:	438b      	bics	r3, r1
1000360e:	0019      	movs	r1, r3
10003610:	9202      	str	r2, [sp, #8]
10003612:	c90c      	ldmia	r1!, {r2, r3}
10003614:	0028      	movs	r0, r5
10003616:	9200      	str	r2, [sp, #0]
10003618:	9301      	str	r3, [sp, #4]
1000361a:	910c      	str	r1, [sp, #48]	@ 0x30
1000361c:	0022      	movs	r2, r4
1000361e:	003b      	movs	r3, r7
10003620:	4659      	mov	r1, fp
10003622:	f7ff f925 	bl	10002870 <_ftoa>
10003626:	0004      	movs	r4, r0
10003628:	e65c      	b.n	100032e4 <_vsnprintf+0x50>
1000362a:	1c63      	adds	r3, r4, #1
1000362c:	4698      	mov	r8, r3
1000362e:	0022      	movs	r2, r4
10003630:	003b      	movs	r3, r7
10003632:	4659      	mov	r1, fp
10003634:	2025      	movs	r0, #37	@ 0x25
10003636:	47a8      	blx	r5
10003638:	4644      	mov	r4, r8
1000363a:	e653      	b.n	100032e4 <_vsnprintf+0x50>
1000363c:	9b0c      	ldr	r3, [sp, #48]	@ 0x30
1000363e:	3304      	adds	r3, #4
10003640:	930d      	str	r3, [sp, #52]	@ 0x34
10003642:	1c63      	adds	r3, r4, #1
10003644:	4699      	mov	r9, r3
10003646:	0792      	lsls	r2, r2, #30
10003648:	d400      	bmi.n	1000364c <_vsnprintf+0x3b8>
1000364a:	e122      	b.n	10003892 <_vsnprintf+0x5fe>
1000364c:	9b0c      	ldr	r3, [sp, #48]	@ 0x30
1000364e:	0022      	movs	r2, r4
10003650:	7818      	ldrb	r0, [r3, #0]
10003652:	4659      	mov	r1, fp
10003654:	003b      	movs	r3, r7
10003656:	47a8      	blx	r5
10003658:	4643      	mov	r3, r8
1000365a:	4444      	add	r4, r8
1000365c:	2b01      	cmp	r3, #1
1000365e:	d800      	bhi.n	10003662 <_vsnprintf+0x3ce>
10003660:	e285      	b.n	10003b6e <_vsnprintf+0x8da>
10003662:	0033      	movs	r3, r6
10003664:	46b8      	mov	r8, r7
10003666:	002e      	movs	r6, r5
10003668:	465f      	mov	r7, fp
1000366a:	0025      	movs	r5, r4
1000366c:	464c      	mov	r4, r9
1000366e:	4699      	mov	r9, r3
10003670:	0022      	movs	r2, r4
10003672:	4643      	mov	r3, r8
10003674:	3401      	adds	r4, #1
10003676:	0039      	movs	r1, r7
10003678:	2020      	movs	r0, #32
1000367a:	47b0      	blx	r6
1000367c:	42ac      	cmp	r4, r5
1000367e:	d1f7      	bne.n	10003670 <_vsnprintf+0x3dc>
10003680:	002c      	movs	r4, r5
10003682:	46bb      	mov	fp, r7
10003684:	0035      	movs	r5, r6
10003686:	4647      	mov	r7, r8
10003688:	464e      	mov	r6, r9
1000368a:	9b0d      	ldr	r3, [sp, #52]	@ 0x34
1000368c:	930c      	str	r3, [sp, #48]	@ 0x30
1000368e:	e629      	b.n	100032e4 <_vsnprintf+0x50>
10003690:	4bdb      	ldr	r3, [pc, #876]	@ (10003a00 <_vsnprintf+0x76c>)
10003692:	7830      	ldrb	r0, [r6, #0]
10003694:	4698      	mov	r8, r3
10003696:	2300      	movs	r3, #0
10003698:	4699      	mov	r9, r3
1000369a:	2800      	cmp	r0, #0
1000369c:	d000      	beq.n	100036a0 <_vsnprintf+0x40c>
1000369e:	e612      	b.n	100032c6 <_vsnprintf+0x32>
100036a0:	2400      	movs	r4, #0
100036a2:	e6ae      	b.n	10003402 <_vsnprintf+0x16e>
100036a4:	286f      	cmp	r0, #111	@ 0x6f
100036a6:	d100      	bne.n	100036aa <_vsnprintf+0x416>
100036a8:	e088      	b.n	100037bc <_vsnprintf+0x528>
100036aa:	d800      	bhi.n	100036ae <_vsnprintf+0x41a>
100036ac:	e30b      	b.n	10003cc6 <_vsnprintf+0xa32>
100036ae:	2310      	movs	r3, #16
100036b0:	2878      	cmp	r0, #120	@ 0x78
100036b2:	d100      	bne.n	100036b6 <_vsnprintf+0x422>
100036b4:	e0cf      	b.n	10003856 <_vsnprintf+0x5c2>
100036b6:	439a      	bics	r2, r3
100036b8:	230a      	movs	r3, #10
100036ba:	469c      	mov	ip, r3
100036bc:	2300      	movs	r3, #0
100036be:	930f      	str	r3, [sp, #60]	@ 0x3c
100036c0:	330a      	adds	r3, #10
100036c2:	930d      	str	r3, [sp, #52]	@ 0x34
100036c4:	e080      	b.n	100037c8 <_vsnprintf+0x534>
100036c6:	4656      	mov	r6, sl
100036c8:	00b1      	lsls	r1, r6, #2
100036ca:	1989      	adds	r1, r1, r6
100036cc:	0049      	lsls	r1, r1, #1
100036ce:	3301      	adds	r3, #1
100036d0:	180e      	adds	r6, r1, r0
100036d2:	7818      	ldrb	r0, [r3, #0]
100036d4:	3e30      	subs	r6, #48	@ 0x30
100036d6:	0001      	movs	r1, r0
100036d8:	3930      	subs	r1, #48	@ 0x30
100036da:	2909      	cmp	r1, #9
100036dc:	d9f4      	bls.n	100036c8 <_vsnprintf+0x434>
100036de:	46b2      	mov	sl, r6
100036e0:	001e      	movs	r6, r3
100036e2:	3301      	adds	r3, #1
100036e4:	4699      	mov	r9, r3
100036e6:	e628      	b.n	1000333a <_vsnprintf+0xa6>
100036e8:	9b0c      	ldr	r3, [sp, #48]	@ 0x30
100036ea:	3602      	adds	r6, #2
100036ec:	cb02      	ldmia	r3!, {r1}
100036ee:	468a      	mov	sl, r1
100036f0:	43c9      	mvns	r1, r1
100036f2:	4650      	mov	r0, sl
100036f4:	17c9      	asrs	r1, r1, #31
100036f6:	4008      	ands	r0, r1
100036f8:	4682      	mov	sl, r0
100036fa:	930c      	str	r3, [sp, #48]	@ 0x30
100036fc:	7830      	ldrb	r0, [r6, #0]
100036fe:	1c73      	adds	r3, r6, #1
10003700:	4699      	mov	r9, r3
10003702:	e61a      	b.n	1000333a <_vsnprintf+0xa6>
10003704:	2310      	movs	r3, #16
10003706:	0010      	movs	r0, r2
10003708:	4398      	bics	r0, r3
1000370a:	3311      	adds	r3, #17
1000370c:	4318      	orrs	r0, r3
1000370e:	4681      	mov	r9, r0
10003710:	2080      	movs	r0, #128	@ 0x80
10003712:	0013      	movs	r3, r2
10003714:	00c0      	lsls	r0, r0, #3
10003716:	4003      	ands	r3, r0
10003718:	4202      	tst	r2, r0
1000371a:	d100      	bne.n	1000371e <_vsnprintf+0x48a>
1000371c:	e6a9      	b.n	10003472 <_vsnprintf+0x1de>
1000371e:	464b      	mov	r3, r9
10003720:	9306      	str	r3, [sp, #24]
10003722:	2308      	movs	r3, #8
10003724:	9305      	str	r3, [sp, #20]
10003726:	4653      	mov	r3, sl
10003728:	9304      	str	r3, [sp, #16]
1000372a:	2310      	movs	r3, #16
1000372c:	9303      	str	r3, [sp, #12]
1000372e:	2300      	movs	r3, #0
10003730:	9302      	str	r3, [sp, #8]
10003732:	9b0f      	ldr	r3, [sp, #60]	@ 0x3c
10003734:	0022      	movs	r2, r4
10003736:	9301      	str	r3, [sp, #4]
10003738:	ab1c      	add	r3, sp, #112	@ 0x70
1000373a:	9300      	str	r3, [sp, #0]
1000373c:	4659      	mov	r1, fp
1000373e:	003b      	movs	r3, r7
10003740:	0028      	movs	r0, r5
10003742:	f7fe ff9f 	bl	10002684 <_ntoa_format>
10003746:	4643      	mov	r3, r8
10003748:	0004      	movs	r4, r0
1000374a:	930c      	str	r3, [sp, #48]	@ 0x30
1000374c:	e5ca      	b.n	100032e4 <_vsnprintf+0x50>
1000374e:	2301      	movs	r3, #1
10003750:	425b      	negs	r3, r3
10003752:	e6c3      	b.n	100034dc <_vsnprintf+0x248>
10003754:	9b0f      	ldr	r3, [sp, #60]	@ 0x3c
10003756:	4553      	cmp	r3, sl
10003758:	d901      	bls.n	1000375e <_vsnprintf+0x4ca>
1000375a:	4653      	mov	r3, sl
1000375c:	930f      	str	r3, [sp, #60]	@ 0x3c
1000375e:	2302      	movs	r3, #2
10003760:	0018      	movs	r0, r3
10003762:	4010      	ands	r0, r2
10003764:	900d      	str	r0, [sp, #52]	@ 0x34
10003766:	4213      	tst	r3, r2
10003768:	d100      	bne.n	1000376c <_vsnprintf+0x4d8>
1000376a:	e1b7      	b.n	10003adc <_vsnprintf+0x848>
1000376c:	930d      	str	r3, [sp, #52]	@ 0x34
1000376e:	46d1      	mov	r9, sl
10003770:	1b0b      	subs	r3, r1, r4
10003772:	469a      	mov	sl, r3
10003774:	0033      	movs	r3, r6
10003776:	44a1      	add	r9, r4
10003778:	002e      	movs	r6, r5
1000377a:	0022      	movs	r2, r4
1000377c:	464d      	mov	r5, r9
1000377e:	980c      	ldr	r0, [sp, #48]	@ 0x30
10003780:	46b9      	mov	r9, r7
10003782:	465f      	mov	r7, fp
10003784:	469b      	mov	fp, r3
10003786:	e008      	b.n	1000379a <_vsnprintf+0x506>
10003788:	464b      	mov	r3, r9
1000378a:	0039      	movs	r1, r7
1000378c:	1c54      	adds	r4, r2, #1
1000378e:	47b0      	blx	r6
10003790:	4653      	mov	r3, sl
10003792:	5d18      	ldrb	r0, [r3, r4]
10003794:	2800      	cmp	r0, #0
10003796:	d077      	beq.n	10003888 <_vsnprintf+0x5f4>
10003798:	0022      	movs	r2, r4
1000379a:	4295      	cmp	r5, r2
1000379c:	d1f4      	bne.n	10003788 <_vsnprintf+0x4f4>
1000379e:	465b      	mov	r3, fp
100037a0:	46bb      	mov	fp, r7
100037a2:	464f      	mov	r7, r9
100037a4:	46a9      	mov	r9, r5
100037a6:	0035      	movs	r5, r6
100037a8:	464c      	mov	r4, r9
100037aa:	001e      	movs	r6, r3
100037ac:	e6c9      	b.n	10003542 <_vsnprintf+0x2ae>
100037ae:	2380      	movs	r3, #128	@ 0x80
100037b0:	011b      	lsls	r3, r3, #4
100037b2:	431a      	orrs	r2, r3
100037b4:	e6fd      	b.n	100035b2 <_vsnprintf+0x31e>
100037b6:	2320      	movs	r3, #32
100037b8:	431a      	orrs	r2, r3
100037ba:	e720      	b.n	100035fe <_vsnprintf+0x36a>
100037bc:	2308      	movs	r3, #8
100037be:	469c      	mov	ip, r3
100037c0:	2300      	movs	r3, #0
100037c2:	930f      	str	r3, [sp, #60]	@ 0x3c
100037c4:	3308      	adds	r3, #8
100037c6:	930d      	str	r3, [sp, #52]	@ 0x34
100037c8:	2380      	movs	r3, #128	@ 0x80
100037ca:	0011      	movs	r1, r2
100037cc:	00db      	lsls	r3, r3, #3
100037ce:	4019      	ands	r1, r3
100037d0:	421a      	tst	r2, r3
100037d2:	d100      	bne.n	100037d6 <_vsnprintf+0x542>
100037d4:	e116      	b.n	10003a04 <_vsnprintf+0x770>
100037d6:	230d      	movs	r3, #13
100037d8:	439a      	bics	r2, r3
100037da:	0010      	movs	r0, r2
100037dc:	2380      	movs	r3, #128	@ 0x80
100037de:	0002      	movs	r2, r0
100037e0:	009b      	lsls	r3, r3, #2
100037e2:	401a      	ands	r2, r3
100037e4:	9214      	str	r2, [sp, #80]	@ 0x50
100037e6:	4218      	tst	r0, r3
100037e8:	d000      	beq.n	100037ec <_vsnprintf+0x558>
100037ea:	e1c2      	b.n	10003b72 <_vsnprintf+0x8de>
100037ec:	2380      	movs	r3, #128	@ 0x80
100037ee:	0002      	movs	r2, r0
100037f0:	005b      	lsls	r3, r3, #1
100037f2:	401a      	ands	r2, r3
100037f4:	4691      	mov	r9, r2
100037f6:	9a0c      	ldr	r2, [sp, #48]	@ 0x30
100037f8:	3204      	adds	r2, #4
100037fa:	920f      	str	r2, [sp, #60]	@ 0x3c
100037fc:	4218      	tst	r0, r3
100037fe:	d000      	beq.n	10003802 <_vsnprintf+0x56e>
10003800:	e2b7      	b.n	10003d72 <_vsnprintf+0xade>
10003802:	0643      	lsls	r3, r0, #25
10003804:	d500      	bpl.n	10003808 <_vsnprintf+0x574>
10003806:	e19f      	b.n	10003b48 <_vsnprintf+0x8b4>
10003808:	0603      	lsls	r3, r0, #24
1000380a:	d400      	bmi.n	1000380e <_vsnprintf+0x57a>
1000380c:	e319      	b.n	10003e42 <_vsnprintf+0xbae>
1000380e:	9b0c      	ldr	r3, [sp, #48]	@ 0x30
10003810:	881b      	ldrh	r3, [r3, #0]
10003812:	9309      	str	r3, [sp, #36]	@ 0x24
10003814:	2b00      	cmp	r3, #0
10003816:	d000      	beq.n	1000381a <_vsnprintf+0x586>
10003818:	e1fc      	b.n	10003c14 <_vsnprintf+0x980>
1000381a:	3310      	adds	r3, #16
1000381c:	4398      	bics	r0, r3
1000381e:	2900      	cmp	r1, #0
10003820:	d100      	bne.n	10003824 <_vsnprintf+0x590>
10003822:	e1f7      	b.n	10003c14 <_vsnprintf+0x980>
10003824:	2300      	movs	r3, #0
10003826:	4699      	mov	r9, r3
10003828:	4643      	mov	r3, r8
1000382a:	9305      	str	r3, [sp, #20]
1000382c:	4653      	mov	r3, sl
1000382e:	9304      	str	r3, [sp, #16]
10003830:	9b0d      	ldr	r3, [sp, #52]	@ 0x34
10003832:	9006      	str	r0, [sp, #24]
10003834:	9303      	str	r3, [sp, #12]
10003836:	2300      	movs	r3, #0
10003838:	e0d2      	b.n	100039e0 <_vsnprintf+0x74c>
1000383a:	2858      	cmp	r0, #88	@ 0x58
1000383c:	d008      	beq.n	10003850 <_vsnprintf+0x5bc>
1000383e:	2862      	cmp	r0, #98	@ 0x62
10003840:	d167      	bne.n	10003912 <_vsnprintf+0x67e>
10003842:	2302      	movs	r3, #2
10003844:	469c      	mov	ip, r3
10003846:	2300      	movs	r3, #0
10003848:	930f      	str	r3, [sp, #60]	@ 0x3c
1000384a:	3302      	adds	r3, #2
1000384c:	930d      	str	r3, [sp, #52]	@ 0x34
1000384e:	e7bb      	b.n	100037c8 <_vsnprintf+0x534>
10003850:	2320      	movs	r3, #32
10003852:	431a      	orrs	r2, r3
10003854:	3b10      	subs	r3, #16
10003856:	469c      	mov	ip, r3
10003858:	2300      	movs	r3, #0
1000385a:	930f      	str	r3, [sp, #60]	@ 0x3c
1000385c:	3310      	adds	r3, #16
1000385e:	930d      	str	r3, [sp, #52]	@ 0x34
10003860:	e7b2      	b.n	100037c8 <_vsnprintf+0x534>
10003862:	2380      	movs	r3, #128	@ 0x80
10003864:	011b      	lsls	r3, r3, #4
10003866:	431a      	orrs	r2, r3
10003868:	2320      	movs	r3, #32
1000386a:	431a      	orrs	r2, r3
1000386c:	e6a1      	b.n	100035b2 <_vsnprintf+0x31e>
1000386e:	23c0      	movs	r3, #192	@ 0xc0
10003870:	009b      	lsls	r3, r3, #2
10003872:	431a      	orrs	r2, r3
10003874:	1cf3      	adds	r3, r6, #3
10003876:	4699      	mov	r9, r3
10003878:	78b0      	ldrb	r0, [r6, #2]
1000387a:	e582      	b.n	10003382 <_vsnprintf+0xee>
1000387c:	23c0      	movs	r3, #192	@ 0xc0
1000387e:	431a      	orrs	r2, r3
10003880:	1cf3      	adds	r3, r6, #3
10003882:	4699      	mov	r9, r3
10003884:	78b0      	ldrb	r0, [r6, #2]
10003886:	e57c      	b.n	10003382 <_vsnprintf+0xee>
10003888:	0035      	movs	r5, r6
1000388a:	465e      	mov	r6, fp
1000388c:	46bb      	mov	fp, r7
1000388e:	464f      	mov	r7, r9
10003890:	e657      	b.n	10003542 <_vsnprintf+0x2ae>
10003892:	4643      	mov	r3, r8
10003894:	2b01      	cmp	r3, #1
10003896:	d800      	bhi.n	1000389a <_vsnprintf+0x606>
10003898:	e163      	b.n	10003b62 <_vsnprintf+0x8ce>
1000389a:	1e63      	subs	r3, r4, #1
1000389c:	4443      	add	r3, r8
1000389e:	469a      	mov	sl, r3
100038a0:	0033      	movs	r3, r6
100038a2:	46b9      	mov	r9, r7
100038a4:	002e      	movs	r6, r5
100038a6:	465f      	mov	r7, fp
100038a8:	4655      	mov	r5, sl
100038aa:	469b      	mov	fp, r3
100038ac:	46a2      	mov	sl, r4
100038ae:	0022      	movs	r2, r4
100038b0:	464b      	mov	r3, r9
100038b2:	3401      	adds	r4, #1
100038b4:	0039      	movs	r1, r7
100038b6:	2020      	movs	r0, #32
100038b8:	47b0      	blx	r6
100038ba:	42ac      	cmp	r4, r5
100038bc:	d1f7      	bne.n	100038ae <_vsnprintf+0x61a>
100038be:	0035      	movs	r5, r6
100038c0:	465e      	mov	r6, fp
100038c2:	46bb      	mov	fp, r7
100038c4:	464f      	mov	r7, r9
100038c6:	46a1      	mov	r9, r4
100038c8:	4654      	mov	r4, sl
100038ca:	9b0c      	ldr	r3, [sp, #48]	@ 0x30
100038cc:	464a      	mov	r2, r9
100038ce:	7818      	ldrb	r0, [r3, #0]
100038d0:	4659      	mov	r1, fp
100038d2:	003b      	movs	r3, r7
100038d4:	4444      	add	r4, r8
100038d6:	47a8      	blx	r5
100038d8:	e6d7      	b.n	1000368a <_vsnprintf+0x3f6>
100038da:	46a1      	mov	r9, r4
100038dc:	9b0f      	ldr	r3, [sp, #60]	@ 0x3c
100038de:	4598      	cmp	r8, r3
100038e0:	d800      	bhi.n	100038e4 <_vsnprintf+0x650>
100038e2:	e632      	b.n	1000354a <_vsnprintf+0x2b6>
100038e4:	4444      	add	r4, r8
100038e6:	1ae4      	subs	r4, r4, r3
100038e8:	0033      	movs	r3, r6
100038ea:	46b8      	mov	r8, r7
100038ec:	002e      	movs	r6, r5
100038ee:	465f      	mov	r7, fp
100038f0:	0025      	movs	r5, r4
100038f2:	464c      	mov	r4, r9
100038f4:	4699      	mov	r9, r3
100038f6:	0022      	movs	r2, r4
100038f8:	4643      	mov	r3, r8
100038fa:	3401      	adds	r4, #1
100038fc:	0039      	movs	r1, r7
100038fe:	2020      	movs	r0, #32
10003900:	47b0      	blx	r6
10003902:	42ac      	cmp	r4, r5
10003904:	d1f7      	bne.n	100038f6 <_vsnprintf+0x662>
10003906:	002c      	movs	r4, r5
10003908:	46bb      	mov	fp, r7
1000390a:	0035      	movs	r5, r6
1000390c:	4647      	mov	r7, r8
1000390e:	464e      	mov	r6, r9
10003910:	e61b      	b.n	1000354a <_vsnprintf+0x2b6>
10003912:	2380      	movs	r3, #128	@ 0x80
10003914:	0010      	movs	r0, r2
10003916:	00db      	lsls	r3, r3, #3
10003918:	4018      	ands	r0, r3
1000391a:	421a      	tst	r2, r3
1000391c:	d100      	bne.n	10003920 <_vsnprintf+0x68c>
1000391e:	e10f      	b.n	10003b40 <_vsnprintf+0x8ac>
10003920:	2111      	movs	r1, #17
10003922:	0018      	movs	r0, r3
10003924:	438a      	bics	r2, r1
10003926:	920d      	str	r2, [sp, #52]	@ 0x34
10003928:	9a0d      	ldr	r2, [sp, #52]	@ 0x34
1000392a:	2380      	movs	r3, #128	@ 0x80
1000392c:	0011      	movs	r1, r2
1000392e:	009b      	lsls	r3, r3, #2
10003930:	4019      	ands	r1, r3
10003932:	468c      	mov	ip, r1
10003934:	421a      	tst	r2, r3
10003936:	d169      	bne.n	10003a0c <_vsnprintf+0x778>
10003938:	2380      	movs	r3, #128	@ 0x80
1000393a:	0011      	movs	r1, r2
1000393c:	005b      	lsls	r3, r3, #1
1000393e:	4019      	ands	r1, r3
10003940:	4689      	mov	r9, r1
10003942:	990c      	ldr	r1, [sp, #48]	@ 0x30
10003944:	3104      	adds	r1, #4
10003946:	910f      	str	r1, [sp, #60]	@ 0x3c
10003948:	421a      	tst	r2, r3
1000394a:	d000      	beq.n	1000394e <_vsnprintf+0x6ba>
1000394c:	e1ca      	b.n	10003ce4 <_vsnprintf+0xa50>
1000394e:	0013      	movs	r3, r2
10003950:	065b      	lsls	r3, r3, #25
10003952:	d500      	bpl.n	10003956 <_vsnprintf+0x6c2>
10003954:	e0f0      	b.n	10003b38 <_vsnprintf+0x8a4>
10003956:	0013      	movs	r3, r2
10003958:	061b      	lsls	r3, r3, #24
1000395a:	d400      	bmi.n	1000395e <_vsnprintf+0x6ca>
1000395c:	e259      	b.n	10003e12 <_vsnprintf+0xb7e>
1000395e:	9b0c      	ldr	r3, [sp, #48]	@ 0x30
10003960:	2200      	movs	r2, #0
10003962:	5e9b      	ldrsh	r3, [r3, r2]
10003964:	17d9      	asrs	r1, r3, #31
10003966:	185a      	adds	r2, r3, r1
10003968:	404a      	eors	r2, r1
1000396a:	b292      	uxth	r2, r2
1000396c:	0fd9      	lsrs	r1, r3, #31
1000396e:	910c      	str	r1, [sp, #48]	@ 0x30
10003970:	2b00      	cmp	r3, #0
10003972:	d100      	bne.n	10003976 <_vsnprintf+0x6e2>
10003974:	e1f9      	b.n	10003d6a <_vsnprintf+0xad6>
10003976:	0010      	movs	r0, r2
10003978:	aa14      	add	r2, sp, #80	@ 0x50
1000397a:	4694      	mov	ip, r2
1000397c:	4642      	mov	r2, r8
1000397e:	231f      	movs	r3, #31
10003980:	9214      	str	r2, [sp, #80]	@ 0x50
10003982:	4652      	mov	r2, sl
10003984:	4463      	add	r3, ip
10003986:	46a8      	mov	r8, r5
10003988:	9416      	str	r4, [sp, #88]	@ 0x58
1000398a:	464d      	mov	r5, r9
1000398c:	0004      	movs	r4, r0
1000398e:	46b9      	mov	r9, r7
10003990:	46b2      	mov	sl, r6
10003992:	001f      	movs	r7, r3
10003994:	9215      	str	r2, [sp, #84]	@ 0x54
10003996:	e001      	b.n	1000399c <_vsnprintf+0x708>
10003998:	2d20      	cmp	r5, #32
1000399a:	d00f      	beq.n	100039bc <_vsnprintf+0x728>
1000399c:	0020      	movs	r0, r4
1000399e:	210a      	movs	r1, #10
100039a0:	f7fd ff7e 	bl	100018a0 <__wrap___aeabi_uidiv>
100039a4:	3501      	adds	r5, #1
100039a6:	197e      	adds	r6, r7, r5
100039a8:	3130      	adds	r1, #48	@ 0x30
100039aa:	7031      	strb	r1, [r6, #0]
100039ac:	0020      	movs	r0, r4
100039ae:	210a      	movs	r1, #10
100039b0:	f7fd ff76 	bl	100018a0 <__wrap___aeabi_uidiv>
100039b4:	0026      	movs	r6, r4
100039b6:	0004      	movs	r4, r0
100039b8:	2e09      	cmp	r6, #9
100039ba:	d8ed      	bhi.n	10003998 <_vsnprintf+0x704>
100039bc:	9b14      	ldr	r3, [sp, #80]	@ 0x50
100039be:	464f      	mov	r7, r9
100039c0:	46a9      	mov	r9, r5
100039c2:	4645      	mov	r5, r8
100039c4:	4698      	mov	r8, r3
100039c6:	9b15      	ldr	r3, [sp, #84]	@ 0x54
100039c8:	4656      	mov	r6, sl
100039ca:	469a      	mov	sl, r3
100039cc:	9c16      	ldr	r4, [sp, #88]	@ 0x58
100039ce:	9b0d      	ldr	r3, [sp, #52]	@ 0x34
100039d0:	9306      	str	r3, [sp, #24]
100039d2:	4643      	mov	r3, r8
100039d4:	9305      	str	r3, [sp, #20]
100039d6:	4653      	mov	r3, sl
100039d8:	9304      	str	r3, [sp, #16]
100039da:	230a      	movs	r3, #10
100039dc:	9303      	str	r3, [sp, #12]
100039de:	9b0c      	ldr	r3, [sp, #48]	@ 0x30
100039e0:	9302      	str	r3, [sp, #8]
100039e2:	464b      	mov	r3, r9
100039e4:	9301      	str	r3, [sp, #4]
100039e6:	ab1c      	add	r3, sp, #112	@ 0x70
100039e8:	0022      	movs	r2, r4
100039ea:	9300      	str	r3, [sp, #0]
100039ec:	4659      	mov	r1, fp
100039ee:	003b      	movs	r3, r7
100039f0:	0028      	movs	r0, r5
100039f2:	f7fe fe47 	bl	10002684 <_ntoa_format>
100039f6:	9b0f      	ldr	r3, [sp, #60]	@ 0x3c
100039f8:	0004      	movs	r4, r0
100039fa:	930c      	str	r3, [sp, #48]	@ 0x30
100039fc:	e472      	b.n	100032e4 <_vsnprintf+0x50>
100039fe:	46c0      	nop			@ (mov r8, r8)
10003a00:	100025d5 	.word	0x100025d5
10003a04:	230c      	movs	r3, #12
10003a06:	439a      	bics	r2, r3
10003a08:	0010      	movs	r0, r2
10003a0a:	e6e7      	b.n	100037dc <_vsnprintf+0x548>
10003a0c:	2207      	movs	r2, #7
10003a0e:	9b0c      	ldr	r3, [sp, #48]	@ 0x30
10003a10:	3307      	adds	r3, #7
10003a12:	4393      	bics	r3, r2
10003a14:	3201      	adds	r2, #1
10003a16:	4694      	mov	ip, r2
10003a18:	449c      	add	ip, r3
10003a1a:	4662      	mov	r2, ip
10003a1c:	920c      	str	r2, [sp, #48]	@ 0x30
10003a1e:	cb0c      	ldmia	r3, {r2, r3}
10003a20:	0fd9      	lsrs	r1, r3, #31
10003a22:	910f      	str	r1, [sp, #60]	@ 0x3c
10003a24:	0011      	movs	r1, r2
10003a26:	4319      	orrs	r1, r3
10003a28:	d100      	bne.n	10003a2c <_vsnprintf+0x798>
10003a2a:	e091      	b.n	10003b50 <_vsnprintf+0x8bc>
10003a2c:	17d9      	asrs	r1, r3, #31
10003a2e:	9113      	str	r1, [sp, #76]	@ 0x4c
10003a30:	9112      	str	r1, [sp, #72]	@ 0x48
10003a32:	4051      	eors	r1, r2
10003a34:	9110      	str	r1, [sp, #64]	@ 0x40
10003a36:	9913      	ldr	r1, [sp, #76]	@ 0x4c
10003a38:	4059      	eors	r1, r3
10003a3a:	9111      	str	r1, [sp, #68]	@ 0x44
10003a3c:	9810      	ldr	r0, [sp, #64]	@ 0x40
10003a3e:	9911      	ldr	r1, [sp, #68]	@ 0x44
10003a40:	9a12      	ldr	r2, [sp, #72]	@ 0x48
10003a42:	9b13      	ldr	r3, [sp, #76]	@ 0x4c
10003a44:	1a80      	subs	r0, r0, r2
10003a46:	4199      	sbcs	r1, r3
10003a48:	9010      	str	r0, [sp, #64]	@ 0x40
10003a4a:	9111      	str	r1, [sp, #68]	@ 0x44
10003a4c:	aa14      	add	r2, sp, #80	@ 0x50
10003a4e:	2300      	movs	r3, #0
10003a50:	4694      	mov	ip, r2
10003a52:	4642      	mov	r2, r8
10003a54:	4699      	mov	r9, r3
10003a56:	9214      	str	r2, [sp, #80]	@ 0x50
10003a58:	4652      	mov	r2, sl
10003a5a:	331f      	adds	r3, #31
10003a5c:	4463      	add	r3, ip
10003a5e:	46a8      	mov	r8, r5
10003a60:	46b2      	mov	sl, r6
10003a62:	9416      	str	r4, [sp, #88]	@ 0x58
10003a64:	464e      	mov	r6, r9
10003a66:	9c10      	ldr	r4, [sp, #64]	@ 0x40
10003a68:	9d11      	ldr	r5, [sp, #68]	@ 0x44
10003a6a:	46b9      	mov	r9, r7
10003a6c:	9215      	str	r2, [sp, #84]	@ 0x54
10003a6e:	001f      	movs	r7, r3
10003a70:	e001      	b.n	10003a76 <_vsnprintf+0x7e2>
10003a72:	2e20      	cmp	r6, #32
10003a74:	d010      	beq.n	10003a98 <_vsnprintf+0x804>
10003a76:	0020      	movs	r0, r4
10003a78:	0029      	movs	r1, r5
10003a7a:	220a      	movs	r2, #10
10003a7c:	2300      	movs	r3, #0
10003a7e:	f7fd ff4d 	bl	1000191c <__wrap___aeabi_uldivmod>
10003a82:	3601      	adds	r6, #1
10003a84:	3230      	adds	r2, #48	@ 0x30
10003a86:	002b      	movs	r3, r5
10003a88:	55ba      	strb	r2, [r7, r6]
10003a8a:	000d      	movs	r5, r1
10003a8c:	0022      	movs	r2, r4
10003a8e:	0004      	movs	r4, r0
10003a90:	2b00      	cmp	r3, #0
10003a92:	d1ee      	bne.n	10003a72 <_vsnprintf+0x7de>
10003a94:	2a09      	cmp	r2, #9
10003a96:	d8ec      	bhi.n	10003a72 <_vsnprintf+0x7de>
10003a98:	9b14      	ldr	r3, [sp, #80]	@ 0x50
10003a9a:	9410      	str	r4, [sp, #64]	@ 0x40
10003a9c:	9511      	str	r5, [sp, #68]	@ 0x44
10003a9e:	4645      	mov	r5, r8
10003aa0:	4698      	mov	r8, r3
10003aa2:	9b15      	ldr	r3, [sp, #84]	@ 0x54
10003aa4:	464f      	mov	r7, r9
10003aa6:	46b1      	mov	r9, r6
10003aa8:	4656      	mov	r6, sl
10003aaa:	469a      	mov	sl, r3
10003aac:	9c16      	ldr	r4, [sp, #88]	@ 0x58
10003aae:	9b0d      	ldr	r3, [sp, #52]	@ 0x34
10003ab0:	9306      	str	r3, [sp, #24]
10003ab2:	4643      	mov	r3, r8
10003ab4:	9305      	str	r3, [sp, #20]
10003ab6:	4653      	mov	r3, sl
10003ab8:	9304      	str	r3, [sp, #16]
10003aba:	230a      	movs	r3, #10
10003abc:	9303      	str	r3, [sp, #12]
10003abe:	9b0f      	ldr	r3, [sp, #60]	@ 0x3c
10003ac0:	9302      	str	r3, [sp, #8]
10003ac2:	464b      	mov	r3, r9
10003ac4:	9301      	str	r3, [sp, #4]
10003ac6:	ab1c      	add	r3, sp, #112	@ 0x70
10003ac8:	0022      	movs	r2, r4
10003aca:	9300      	str	r3, [sp, #0]
10003acc:	4659      	mov	r1, fp
10003ace:	003b      	movs	r3, r7
10003ad0:	0028      	movs	r0, r5
10003ad2:	f7fe fdd7 	bl	10002684 <_ntoa_format>
10003ad6:	0004      	movs	r4, r0
10003ad8:	f7ff fc04 	bl	100032e4 <_vsnprintf+0x50>
10003adc:	9b0f      	ldr	r3, [sp, #60]	@ 0x3c
10003ade:	4598      	cmp	r8, r3
10003ae0:	d800      	bhi.n	10003ae4 <_vsnprintf+0x850>
10003ae2:	e1c1      	b.n	10003e68 <_vsnprintf+0xbd4>
10003ae4:	2380      	movs	r3, #128	@ 0x80
10003ae6:	00db      	lsls	r3, r3, #3
10003ae8:	930d      	str	r3, [sp, #52]	@ 0x34
10003aea:	4643      	mov	r3, r8
10003aec:	9a0f      	ldr	r2, [sp, #60]	@ 0x3c
10003aee:	191b      	adds	r3, r3, r4
10003af0:	1a9b      	subs	r3, r3, r2
10003af2:	4699      	mov	r9, r3
10003af4:	0033      	movs	r3, r6
10003af6:	002e      	movs	r6, r5
10003af8:	464d      	mov	r5, r9
10003afa:	46b9      	mov	r9, r7
10003afc:	465f      	mov	r7, fp
10003afe:	469b      	mov	fp, r3
10003b00:	910c      	str	r1, [sp, #48]	@ 0x30
10003b02:	0022      	movs	r2, r4
10003b04:	464b      	mov	r3, r9
10003b06:	3401      	adds	r4, #1
10003b08:	0039      	movs	r1, r7
10003b0a:	2020      	movs	r0, #32
10003b0c:	47b0      	blx	r6
10003b0e:	42ac      	cmp	r4, r5
10003b10:	d1f7      	bne.n	10003b02 <_vsnprintf+0x86e>
10003b12:	4643      	mov	r3, r8
10003b14:	990c      	ldr	r1, [sp, #48]	@ 0x30
10003b16:	3301      	adds	r3, #1
10003b18:	930f      	str	r3, [sp, #60]	@ 0x3c
10003b1a:	780b      	ldrb	r3, [r1, #0]
10003b1c:	0035      	movs	r5, r6
10003b1e:	930c      	str	r3, [sp, #48]	@ 0x30
10003b20:	465e      	mov	r6, fp
10003b22:	46bb      	mov	fp, r7
10003b24:	464f      	mov	r7, r9
10003b26:	2b00      	cmp	r3, #0
10003b28:	d100      	bne.n	10003b2c <_vsnprintf+0x898>
10003b2a:	e50e      	b.n	1000354a <_vsnprintf+0x2b6>
10003b2c:	9b0d      	ldr	r3, [sp, #52]	@ 0x34
10003b2e:	2b00      	cmp	r3, #0
10003b30:	d100      	bne.n	10003b34 <_vsnprintf+0x8a0>
10003b32:	e4f6      	b.n	10003522 <_vsnprintf+0x28e>
10003b34:	2300      	movs	r3, #0
10003b36:	e619      	b.n	1000376c <_vsnprintf+0x4d8>
10003b38:	9b0c      	ldr	r3, [sp, #48]	@ 0x30
10003b3a:	781b      	ldrb	r3, [r3, #0]
10003b3c:	001a      	movs	r2, r3
10003b3e:	e715      	b.n	1000396c <_vsnprintf+0x6d8>
10003b40:	2310      	movs	r3, #16
10003b42:	439a      	bics	r2, r3
10003b44:	920d      	str	r2, [sp, #52]	@ 0x34
10003b46:	e6ef      	b.n	10003928 <_vsnprintf+0x694>
10003b48:	9b0c      	ldr	r3, [sp, #48]	@ 0x30
10003b4a:	781b      	ldrb	r3, [r3, #0]
10003b4c:	9309      	str	r3, [sp, #36]	@ 0x24
10003b4e:	e661      	b.n	10003814 <_vsnprintf+0x580>
10003b50:	2300      	movs	r3, #0
10003b52:	4699      	mov	r9, r3
10003b54:	2800      	cmp	r0, #0
10003b56:	d1aa      	bne.n	10003aae <_vsnprintf+0x81a>
10003b58:	2200      	movs	r2, #0
10003b5a:	2300      	movs	r3, #0
10003b5c:	9210      	str	r2, [sp, #64]	@ 0x40
10003b5e:	9311      	str	r3, [sp, #68]	@ 0x44
10003b60:	e774      	b.n	10003a4c <_vsnprintf+0x7b8>
10003b62:	9b0c      	ldr	r3, [sp, #48]	@ 0x30
10003b64:	0022      	movs	r2, r4
10003b66:	7818      	ldrb	r0, [r3, #0]
10003b68:	4659      	mov	r1, fp
10003b6a:	003b      	movs	r3, r7
10003b6c:	47a8      	blx	r5
10003b6e:	464c      	mov	r4, r9
10003b70:	e58b      	b.n	1000368a <_vsnprintf+0x3f6>
10003b72:	9a0c      	ldr	r2, [sp, #48]	@ 0x30
10003b74:	3bfa      	subs	r3, #250	@ 0xfa
10003b76:	3bff      	subs	r3, #255	@ 0xff
10003b78:	3207      	adds	r2, #7
10003b7a:	439a      	bics	r2, r3
10003b7c:	3301      	adds	r3, #1
10003b7e:	4699      	mov	r9, r3
10003b80:	4491      	add	r9, r2
10003b82:	464b      	mov	r3, r9
10003b84:	930c      	str	r3, [sp, #48]	@ 0x30
10003b86:	6813      	ldr	r3, [r2, #0]
10003b88:	6852      	ldr	r2, [r2, #4]
10003b8a:	9215      	str	r2, [sp, #84]	@ 0x54
10003b8c:	431a      	orrs	r2, r3
10003b8e:	d106      	bne.n	10003b9e <_vsnprintf+0x90a>
10003b90:	3210      	adds	r2, #16
10003b92:	4390      	bics	r0, r2
10003b94:	2200      	movs	r2, #0
10003b96:	9209      	str	r2, [sp, #36]	@ 0x24
10003b98:	2900      	cmp	r1, #0
10003b9a:	d000      	beq.n	10003b9e <_vsnprintf+0x90a>
10003b9c:	e081      	b.n	10003ca2 <_vsnprintf+0xa0e>
10003b9e:	2261      	movs	r2, #97	@ 0x61
10003ba0:	0681      	lsls	r1, r0, #26
10003ba2:	d500      	bpl.n	10003ba6 <_vsnprintf+0x912>
10003ba4:	2241      	movs	r2, #65	@ 0x41
10003ba6:	b2d2      	uxtb	r2, r2
10003ba8:	920a      	str	r2, [sp, #40]	@ 0x28
10003baa:	aa14      	add	r2, sp, #80	@ 0x50
10003bac:	4691      	mov	r9, r2
10003bae:	9a0a      	ldr	r2, [sp, #40]	@ 0x28
10003bb0:	2100      	movs	r1, #0
10003bb2:	3a0a      	subs	r2, #10
10003bb4:	9214      	str	r2, [sp, #80]	@ 0x50
10003bb6:	4642      	mov	r2, r8
10003bb8:	9217      	str	r2, [sp, #92]	@ 0x5c
10003bba:	4652      	mov	r2, sl
10003bbc:	9218      	str	r2, [sp, #96]	@ 0x60
10003bbe:	465a      	mov	r2, fp
10003bc0:	9109      	str	r1, [sp, #36]	@ 0x24
10003bc2:	46b3      	mov	fp, r6
10003bc4:	311f      	adds	r1, #31
10003bc6:	001e      	movs	r6, r3
10003bc8:	9b0f      	ldr	r3, [sp, #60]	@ 0x3c
10003bca:	4449      	add	r1, r9
10003bcc:	46ba      	mov	sl, r7
10003bce:	9419      	str	r4, [sp, #100]	@ 0x64
10003bd0:	951a      	str	r5, [sp, #104]	@ 0x68
10003bd2:	2400      	movs	r4, #0
10003bd4:	4667      	mov	r7, ip
10003bd6:	4698      	mov	r8, r3
10003bd8:	4689      	mov	r9, r1
10003bda:	9d15      	ldr	r5, [sp, #84]	@ 0x54
10003bdc:	9016      	str	r0, [sp, #88]	@ 0x58
10003bde:	921b      	str	r2, [sp, #108]	@ 0x6c
10003be0:	e00a      	b.n	10003bf8 <_vsnprintf+0x964>
10003be2:	3230      	adds	r2, #48	@ 0x30
10003be4:	b2d2      	uxtb	r2, r2
10003be6:	464b      	mov	r3, r9
10003be8:	3401      	adds	r4, #1
10003bea:	551a      	strb	r2, [r3, r4]
10003bec:	45a8      	cmp	r8, r5
10003bee:	d04a      	beq.n	10003c86 <_vsnprintf+0x9f2>
10003bf0:	2c20      	cmp	r4, #32
10003bf2:	d04a      	beq.n	10003c8a <_vsnprintf+0x9f6>
10003bf4:	0006      	movs	r6, r0
10003bf6:	000d      	movs	r5, r1
10003bf8:	003a      	movs	r2, r7
10003bfa:	2300      	movs	r3, #0
10003bfc:	0030      	movs	r0, r6
10003bfe:	0029      	movs	r1, r5
10003c00:	f7fd fe8c 	bl	1000191c <__wrap___aeabi_uldivmod>
10003c04:	b2d2      	uxtb	r2, r2
10003c06:	2a09      	cmp	r2, #9
10003c08:	d9eb      	bls.n	10003be2 <_vsnprintf+0x94e>
10003c0a:	9b14      	ldr	r3, [sp, #80]	@ 0x50
10003c0c:	469c      	mov	ip, r3
10003c0e:	4462      	add	r2, ip
10003c10:	b2d2      	uxtb	r2, r2
10003c12:	e7e8      	b.n	10003be6 <_vsnprintf+0x952>
10003c14:	2361      	movs	r3, #97	@ 0x61
10003c16:	0682      	lsls	r2, r0, #26
10003c18:	d500      	bpl.n	10003c1c <_vsnprintf+0x988>
10003c1a:	2341      	movs	r3, #65	@ 0x41
10003c1c:	b2db      	uxtb	r3, r3
10003c1e:	3b0a      	subs	r3, #10
10003c20:	930c      	str	r3, [sp, #48]	@ 0x30
10003c22:	4643      	mov	r3, r8
10003c24:	a914      	add	r1, sp, #80	@ 0x50
10003c26:	221f      	movs	r2, #31
10003c28:	468c      	mov	ip, r1
10003c2a:	9315      	str	r3, [sp, #84]	@ 0x54
10003c2c:	4653      	mov	r3, sl
10003c2e:	4462      	add	r2, ip
10003c30:	46a0      	mov	r8, r4
10003c32:	46b2      	mov	sl, r6
10003c34:	464c      	mov	r4, r9
10003c36:	9717      	str	r7, [sp, #92]	@ 0x5c
10003c38:	46a9      	mov	r9, r5
10003c3a:	0017      	movs	r7, r2
10003c3c:	9d09      	ldr	r5, [sp, #36]	@ 0x24
10003c3e:	9e0d      	ldr	r6, [sp, #52]	@ 0x34
10003c40:	9014      	str	r0, [sp, #80]	@ 0x50
10003c42:	9316      	str	r3, [sp, #88]	@ 0x58
10003c44:	e008      	b.n	10003c58 <_vsnprintf+0x9c4>
10003c46:	3330      	adds	r3, #48	@ 0x30
10003c48:	b2db      	uxtb	r3, r3
10003c4a:	3401      	adds	r4, #1
10003c4c:	553b      	strb	r3, [r7, r4]
10003c4e:	42b5      	cmp	r5, r6
10003c50:	d30e      	bcc.n	10003c70 <_vsnprintf+0x9dc>
10003c52:	2c20      	cmp	r4, #32
10003c54:	d00c      	beq.n	10003c70 <_vsnprintf+0x9dc>
10003c56:	0005      	movs	r5, r0
10003c58:	0031      	movs	r1, r6
10003c5a:	0028      	movs	r0, r5
10003c5c:	f7fd fe20 	bl	100018a0 <__wrap___aeabi_uidiv>
10003c60:	b2cb      	uxtb	r3, r1
10003c62:	2909      	cmp	r1, #9
10003c64:	d9ef      	bls.n	10003c46 <_vsnprintf+0x9b2>
10003c66:	9a0c      	ldr	r2, [sp, #48]	@ 0x30
10003c68:	4694      	mov	ip, r2
10003c6a:	4463      	add	r3, ip
10003c6c:	b2db      	uxtb	r3, r3
10003c6e:	e7ec      	b.n	10003c4a <_vsnprintf+0x9b6>
10003c70:	9b15      	ldr	r3, [sp, #84]	@ 0x54
10003c72:	464d      	mov	r5, r9
10003c74:	46a1      	mov	r9, r4
10003c76:	4644      	mov	r4, r8
10003c78:	4698      	mov	r8, r3
10003c7a:	9b16      	ldr	r3, [sp, #88]	@ 0x58
10003c7c:	4656      	mov	r6, sl
10003c7e:	9814      	ldr	r0, [sp, #80]	@ 0x50
10003c80:	469a      	mov	sl, r3
10003c82:	9f17      	ldr	r7, [sp, #92]	@ 0x5c
10003c84:	e5d0      	b.n	10003828 <_vsnprintf+0x594>
10003c86:	42b7      	cmp	r7, r6
10003c88:	d9b2      	bls.n	10003bf0 <_vsnprintf+0x95c>
10003c8a:	9b17      	ldr	r3, [sp, #92]	@ 0x5c
10003c8c:	4657      	mov	r7, sl
10003c8e:	4698      	mov	r8, r3
10003c90:	9b18      	ldr	r3, [sp, #96]	@ 0x60
10003c92:	465e      	mov	r6, fp
10003c94:	469a      	mov	sl, r3
10003c96:	9b1b      	ldr	r3, [sp, #108]	@ 0x6c
10003c98:	9409      	str	r4, [sp, #36]	@ 0x24
10003c9a:	469b      	mov	fp, r3
10003c9c:	9816      	ldr	r0, [sp, #88]	@ 0x58
10003c9e:	9c19      	ldr	r4, [sp, #100]	@ 0x64
10003ca0:	9d1a      	ldr	r5, [sp, #104]	@ 0x68
10003ca2:	4643      	mov	r3, r8
10003ca4:	9305      	str	r3, [sp, #20]
10003ca6:	4653      	mov	r3, sl
10003ca8:	9304      	str	r3, [sp, #16]
10003caa:	9b0d      	ldr	r3, [sp, #52]	@ 0x34
10003cac:	9006      	str	r0, [sp, #24]
10003cae:	9303      	str	r3, [sp, #12]
10003cb0:	2300      	movs	r3, #0
10003cb2:	9302      	str	r3, [sp, #8]
10003cb4:	9b09      	ldr	r3, [sp, #36]	@ 0x24
10003cb6:	e705      	b.n	10003ac4 <_vsnprintf+0x830>
10003cb8:	9b0f      	ldr	r3, [sp, #60]	@ 0x3c
10003cba:	4598      	cmp	r8, r3
10003cbc:	d900      	bls.n	10003cc0 <_vsnprintf+0xa2c>
10003cbe:	e714      	b.n	10003aea <_vsnprintf+0x856>
10003cc0:	3301      	adds	r3, #1
10003cc2:	930f      	str	r3, [sp, #60]	@ 0x3c
10003cc4:	e42d      	b.n	10003522 <_vsnprintf+0x28e>
10003cc6:	2310      	movs	r3, #16
10003cc8:	0011      	movs	r1, r2
10003cca:	4399      	bics	r1, r3
10003ccc:	910d      	str	r1, [sp, #52]	@ 0x34
10003cce:	2869      	cmp	r0, #105	@ 0x69
10003cd0:	d000      	beq.n	10003cd4 <_vsnprintf+0xa40>
10003cd2:	e0ba      	b.n	10003e4a <_vsnprintf+0xbb6>
10003cd4:	2380      	movs	r3, #128	@ 0x80
10003cd6:	0010      	movs	r0, r2
10003cd8:	00db      	lsls	r3, r3, #3
10003cda:	4018      	ands	r0, r3
10003cdc:	421a      	tst	r2, r3
10003cde:	d100      	bne.n	10003ce2 <_vsnprintf+0xa4e>
10003ce0:	e622      	b.n	10003928 <_vsnprintf+0x694>
10003ce2:	e61d      	b.n	10003920 <_vsnprintf+0x68c>
10003ce4:	9b0c      	ldr	r3, [sp, #48]	@ 0x30
10003ce6:	681b      	ldr	r3, [r3, #0]
10003ce8:	0fda      	lsrs	r2, r3, #31
10003cea:	0011      	movs	r1, r2
10003cec:	2b00      	cmp	r3, #0
10003cee:	d100      	bne.n	10003cf2 <_vsnprintf+0xa5e>
10003cf0:	e08c      	b.n	10003e0c <_vsnprintf+0xb78>
10003cf2:	17da      	asrs	r2, r3, #31
10003cf4:	1898      	adds	r0, r3, r2
10003cf6:	4050      	eors	r0, r2
10003cf8:	aa14      	add	r2, sp, #80	@ 0x50
10003cfa:	4691      	mov	r9, r2
10003cfc:	4642      	mov	r2, r8
10003cfe:	231f      	movs	r3, #31
10003d00:	9214      	str	r2, [sp, #80]	@ 0x50
10003d02:	4652      	mov	r2, sl
10003d04:	444b      	add	r3, r9
10003d06:	46a0      	mov	r8, r4
10003d08:	46a9      	mov	r9, r5
10003d0a:	9716      	str	r7, [sp, #88]	@ 0x58
10003d0c:	0004      	movs	r4, r0
10003d0e:	4665      	mov	r5, ip
10003d10:	46b2      	mov	sl, r6
10003d12:	001f      	movs	r7, r3
10003d14:	910c      	str	r1, [sp, #48]	@ 0x30
10003d16:	9215      	str	r2, [sp, #84]	@ 0x54
10003d18:	e001      	b.n	10003d1e <_vsnprintf+0xa8a>
10003d1a:	2d20      	cmp	r5, #32
10003d1c:	d00f      	beq.n	10003d3e <_vsnprintf+0xaaa>
10003d1e:	0020      	movs	r0, r4
10003d20:	210a      	movs	r1, #10
10003d22:	f7fd fdbd 	bl	100018a0 <__wrap___aeabi_uidiv>
10003d26:	3501      	adds	r5, #1
10003d28:	197e      	adds	r6, r7, r5
10003d2a:	3130      	adds	r1, #48	@ 0x30
10003d2c:	7031      	strb	r1, [r6, #0]
10003d2e:	0020      	movs	r0, r4
10003d30:	210a      	movs	r1, #10
10003d32:	f7fd fdb5 	bl	100018a0 <__wrap___aeabi_uidiv>
10003d36:	0026      	movs	r6, r4
10003d38:	0004      	movs	r4, r0
10003d3a:	2e09      	cmp	r6, #9
10003d3c:	d8ed      	bhi.n	10003d1a <_vsnprintf+0xa86>
10003d3e:	9b14      	ldr	r3, [sp, #80]	@ 0x50
10003d40:	4644      	mov	r4, r8
10003d42:	4698      	mov	r8, r3
10003d44:	9b0c      	ldr	r3, [sp, #48]	@ 0x30
10003d46:	46ac      	mov	ip, r5
10003d48:	0019      	movs	r1, r3
10003d4a:	9b15      	ldr	r3, [sp, #84]	@ 0x54
10003d4c:	4656      	mov	r6, sl
10003d4e:	464d      	mov	r5, r9
10003d50:	469a      	mov	sl, r3
10003d52:	9f16      	ldr	r7, [sp, #88]	@ 0x58
10003d54:	9b0d      	ldr	r3, [sp, #52]	@ 0x34
10003d56:	9102      	str	r1, [sp, #8]
10003d58:	9306      	str	r3, [sp, #24]
10003d5a:	4643      	mov	r3, r8
10003d5c:	9305      	str	r3, [sp, #20]
10003d5e:	4653      	mov	r3, sl
10003d60:	9304      	str	r3, [sp, #16]
10003d62:	230a      	movs	r3, #10
10003d64:	9303      	str	r3, [sp, #12]
10003d66:	4663      	mov	r3, ip
10003d68:	e63c      	b.n	100039e4 <_vsnprintf+0x750>
10003d6a:	2800      	cmp	r0, #0
10003d6c:	d000      	beq.n	10003d70 <_vsnprintf+0xadc>
10003d6e:	e62e      	b.n	100039ce <_vsnprintf+0x73a>
10003d70:	e602      	b.n	10003978 <_vsnprintf+0x6e4>
10003d72:	9b0c      	ldr	r3, [sp, #48]	@ 0x30
10003d74:	681b      	ldr	r3, [r3, #0]
10003d76:	4699      	mov	r9, r3
10003d78:	2b00      	cmp	r3, #0
10003d7a:	d103      	bne.n	10003d84 <_vsnprintf+0xaf0>
10003d7c:	3310      	adds	r3, #16
10003d7e:	4398      	bics	r0, r3
10003d80:	2900      	cmp	r1, #0
10003d82:	d138      	bne.n	10003df6 <_vsnprintf+0xb62>
10003d84:	2361      	movs	r3, #97	@ 0x61
10003d86:	0682      	lsls	r2, r0, #26
10003d88:	d500      	bpl.n	10003d8c <_vsnprintf+0xaf8>
10003d8a:	2341      	movs	r3, #65	@ 0x41
10003d8c:	b2db      	uxtb	r3, r3
10003d8e:	3b0a      	subs	r3, #10
10003d90:	930c      	str	r3, [sp, #48]	@ 0x30
10003d92:	4643      	mov	r3, r8
10003d94:	9316      	str	r3, [sp, #88]	@ 0x58
10003d96:	4653      	mov	r3, sl
10003d98:	a914      	add	r1, sp, #80	@ 0x50
10003d9a:	221f      	movs	r2, #31
10003d9c:	468c      	mov	ip, r1
10003d9e:	9317      	str	r3, [sp, #92]	@ 0x5c
10003da0:	002b      	movs	r3, r5
10003da2:	4462      	add	r2, ip
10003da4:	46a0      	mov	r8, r4
10003da6:	464d      	mov	r5, r9
10003da8:	46b2      	mov	sl, r6
10003daa:	9718      	str	r7, [sp, #96]	@ 0x60
10003dac:	4699      	mov	r9, r3
10003dae:	0017      	movs	r7, r2
10003db0:	9c14      	ldr	r4, [sp, #80]	@ 0x50
10003db2:	9e0d      	ldr	r6, [sp, #52]	@ 0x34
10003db4:	9015      	str	r0, [sp, #84]	@ 0x54
10003db6:	e008      	b.n	10003dca <_vsnprintf+0xb36>
10003db8:	3330      	adds	r3, #48	@ 0x30
10003dba:	b2db      	uxtb	r3, r3
10003dbc:	3401      	adds	r4, #1
10003dbe:	553b      	strb	r3, [r7, r4]
10003dc0:	42b5      	cmp	r5, r6
10003dc2:	d30e      	bcc.n	10003de2 <_vsnprintf+0xb4e>
10003dc4:	2c20      	cmp	r4, #32
10003dc6:	d00c      	beq.n	10003de2 <_vsnprintf+0xb4e>
10003dc8:	0005      	movs	r5, r0
10003dca:	0031      	movs	r1, r6
10003dcc:	0028      	movs	r0, r5
10003dce:	f7fd fd67 	bl	100018a0 <__wrap___aeabi_uidiv>
10003dd2:	b2cb      	uxtb	r3, r1
10003dd4:	2909      	cmp	r1, #9
10003dd6:	d9ef      	bls.n	10003db8 <_vsnprintf+0xb24>
10003dd8:	9a0c      	ldr	r2, [sp, #48]	@ 0x30
10003dda:	4694      	mov	ip, r2
10003ddc:	4463      	add	r3, ip
10003dde:	b2db      	uxtb	r3, r3
10003de0:	e7ec      	b.n	10003dbc <_vsnprintf+0xb28>
10003de2:	9b16      	ldr	r3, [sp, #88]	@ 0x58
10003de4:	9414      	str	r4, [sp, #80]	@ 0x50
10003de6:	4644      	mov	r4, r8
10003de8:	4698      	mov	r8, r3
10003dea:	9b17      	ldr	r3, [sp, #92]	@ 0x5c
10003dec:	4656      	mov	r6, sl
10003dee:	464d      	mov	r5, r9
10003df0:	469a      	mov	sl, r3
10003df2:	9815      	ldr	r0, [sp, #84]	@ 0x54
10003df4:	9f18      	ldr	r7, [sp, #96]	@ 0x60
10003df6:	4643      	mov	r3, r8
10003df8:	9305      	str	r3, [sp, #20]
10003dfa:	4653      	mov	r3, sl
10003dfc:	9304      	str	r3, [sp, #16]
10003dfe:	9b0d      	ldr	r3, [sp, #52]	@ 0x34
10003e00:	9006      	str	r0, [sp, #24]
10003e02:	9303      	str	r3, [sp, #12]
10003e04:	2300      	movs	r3, #0
10003e06:	9302      	str	r3, [sp, #8]
10003e08:	9b14      	ldr	r3, [sp, #80]	@ 0x50
10003e0a:	e5eb      	b.n	100039e4 <_vsnprintf+0x750>
10003e0c:	2800      	cmp	r0, #0
10003e0e:	d1a1      	bne.n	10003d54 <_vsnprintf+0xac0>
10003e10:	e772      	b.n	10003cf8 <_vsnprintf+0xa64>
10003e12:	9b0c      	ldr	r3, [sp, #48]	@ 0x30
10003e14:	681b      	ldr	r3, [r3, #0]
10003e16:	17d9      	asrs	r1, r3, #31
10003e18:	185a      	adds	r2, r3, r1
10003e1a:	404a      	eors	r2, r1
10003e1c:	e5a6      	b.n	1000396c <_vsnprintf+0x6d8>
10003e1e:	2380      	movs	r3, #128	@ 0x80
10003e20:	0010      	movs	r0, r2
10003e22:	00db      	lsls	r3, r3, #3
10003e24:	4018      	ands	r0, r3
10003e26:	469c      	mov	ip, r3
10003e28:	900f      	str	r0, [sp, #60]	@ 0x3c
10003e2a:	421a      	tst	r2, r3
10003e2c:	d00f      	beq.n	10003e4e <_vsnprintf+0xbba>
10003e2e:	2002      	movs	r0, #2
10003e30:	0003      	movs	r3, r0
10003e32:	4013      	ands	r3, r2
10003e34:	930f      	str	r3, [sp, #60]	@ 0x3c
10003e36:	4210      	tst	r0, r2
10003e38:	d019      	beq.n	10003e6e <_vsnprintf+0xbda>
10003e3a:	2300      	movs	r3, #0
10003e3c:	46a1      	mov	r9, r4
10003e3e:	930f      	str	r3, [sp, #60]	@ 0x3c
10003e40:	e54c      	b.n	100038dc <_vsnprintf+0x648>
10003e42:	9b0c      	ldr	r3, [sp, #48]	@ 0x30
10003e44:	681b      	ldr	r3, [r3, #0]
10003e46:	9309      	str	r3, [sp, #36]	@ 0x24
10003e48:	e4e4      	b.n	10003814 <_vsnprintf+0x580>
10003e4a:	000a      	movs	r2, r1
10003e4c:	e434      	b.n	100036b8 <_vsnprintf+0x424>
10003e4e:	2302      	movs	r3, #2
10003e50:	0018      	movs	r0, r3
10003e52:	4010      	ands	r0, r2
10003e54:	900d      	str	r0, [sp, #52]	@ 0x34
10003e56:	4213      	tst	r3, r2
10003e58:	d000      	beq.n	10003e5c <_vsnprintf+0xbc8>
10003e5a:	e53e      	b.n	100038da <_vsnprintf+0x646>
10003e5c:	4643      	mov	r3, r8
10003e5e:	2b00      	cmp	r3, #0
10003e60:	d000      	beq.n	10003e64 <_vsnprintf+0xbd0>
10003e62:	e642      	b.n	10003aea <_vsnprintf+0x856>
10003e64:	f7ff fb71 	bl	1000354a <_vsnprintf+0x2b6>
10003e68:	3301      	adds	r3, #1
10003e6a:	930f      	str	r3, [sp, #60]	@ 0x3c
10003e6c:	e47f      	b.n	1000376e <_vsnprintf+0x4da>
10003e6e:	4663      	mov	r3, ip
10003e70:	930d      	str	r3, [sp, #52]	@ 0x34
10003e72:	e7f3      	b.n	10003e5c <_vsnprintf+0xbc8>

10003e74 <vfctprintf>:
10003e74:	b510      	push	{r4, lr}
10003e76:	000c      	movs	r4, r1
10003e78:	b084      	sub	sp, #16
10003e7a:	9403      	str	r4, [sp, #12]
10003e7c:	2401      	movs	r4, #1
10003e7e:	a902      	add	r1, sp, #8
10003e80:	9002      	str	r0, [sp, #8]
10003e82:	9300      	str	r3, [sp, #0]
10003e84:	4803      	ldr	r0, [pc, #12]	@ (10003e94 <vfctprintf+0x20>)
10003e86:	0013      	movs	r3, r2
10003e88:	4262      	negs	r2, r4
10003e8a:	f7ff fa03 	bl	10003294 <_vsnprintf>
10003e8e:	b004      	add	sp, #16
10003e90:	bd10      	pop	{r4, pc}
10003e92:	46c0      	nop			@ (mov r8, r8)
10003e94:	10002861 	.word	0x10002861

10003e98 <weak_raw_vprintf>:
10003e98:	b510      	push	{r4, lr}
10003e9a:	4a09      	ldr	r2, [pc, #36]	@ (10003ec0 <weak_raw_vprintf+0x28>)
10003e9c:	0003      	movs	r3, r0
10003e9e:	6814      	ldr	r4, [r2, #0]
10003ea0:	b084      	sub	sp, #16
10003ea2:	2c00      	cmp	r4, #0
10003ea4:	d008      	beq.n	10003eb8 <weak_raw_vprintf+0x20>
10003ea6:	2201      	movs	r2, #1
10003ea8:	9100      	str	r1, [sp, #0]
10003eaa:	4806      	ldr	r0, [pc, #24]	@ (10003ec4 <weak_raw_vprintf+0x2c>)
10003eac:	4252      	negs	r2, r2
10003eae:	a903      	add	r1, sp, #12
10003eb0:	47a0      	blx	r4
10003eb2:	2001      	movs	r0, #1
10003eb4:	b004      	add	sp, #16
10003eb6:	bd10      	pop	{r4, pc}
10003eb8:	f000 f998 	bl	100041ec <__wrap_puts>
10003ebc:	2000      	movs	r0, #0
10003ebe:	e7f9      	b.n	10003eb4 <weak_raw_vprintf+0x1c>
10003ec0:	20001f3c 	.word	0x20001f3c
10003ec4:	10002851 	.word	0x10002851

10003ec8 <_exit>:
10003ec8:	be00      	bkpt	0x0000
10003eca:	e7fd      	b.n	10003ec8 <_exit>

10003ecc <exit>:
10003ecc:	b510      	push	{r4, lr}
10003ece:	f7ff fffb 	bl	10003ec8 <_exit>
10003ed2:	46c0      	nop			@ (mov r8, r8)

10003ed4 <runtime_init>:
10003ed4:	b570      	push	{r4, r5, r6, lr}
10003ed6:	f7fd fb97 	bl	10001608 <runtime_run_initializers>
10003eda:	4d07      	ldr	r5, [pc, #28]	@ (10003ef8 <runtime_init+0x24>)
10003edc:	4e07      	ldr	r6, [pc, #28]	@ (10003efc <runtime_init+0x28>)
10003ede:	42b5      	cmp	r5, r6
10003ee0:	d209      	bcs.n	10003ef6 <runtime_init+0x22>
10003ee2:	2400      	movs	r4, #0
10003ee4:	3e01      	subs	r6, #1
10003ee6:	1b76      	subs	r6, r6, r5
10003ee8:	08b6      	lsrs	r6, r6, #2
10003eea:	cd08      	ldmia	r5!, {r3}
10003eec:	4798      	blx	r3
10003eee:	0023      	movs	r3, r4
10003ef0:	3401      	adds	r4, #1
10003ef2:	42b3      	cmp	r3, r6
10003ef4:	d1f9      	bne.n	10003eea <runtime_init+0x16>
10003ef6:	bd70      	pop	{r4, r5, r6, pc}
10003ef8:	10006c14 	.word	0x10006c14
10003efc:	10006c1c 	.word	0x10006c1c

10003f00 <stdio_out_chars_no_crlf>:
10003f00:	0003      	movs	r3, r0
10003f02:	b510      	push	{r4, lr}
10003f04:	0008      	movs	r0, r1
10003f06:	0011      	movs	r1, r2
10003f08:	681b      	ldr	r3, [r3, #0]
10003f0a:	4798      	blx	r3
10003f0c:	bd10      	pop	{r4, pc}
10003f0e:	46c0      	nop			@ (mov r8, r8)

10003f10 <stdio_out_chars_crlf>:
10003f10:	b5f0      	push	{r4, r5, r6, r7, lr}
10003f12:	46c6      	mov	lr, r8
10003f14:	b500      	push	{lr}
10003f16:	7d43      	ldrb	r3, [r0, #21]
10003f18:	0007      	movs	r7, r0
10003f1a:	000c      	movs	r4, r1
10003f1c:	0016      	movs	r6, r2
10003f1e:	2b00      	cmp	r3, #0
10003f20:	d046      	beq.n	10003fb0 <stdio_out_chars_crlf+0xa0>
10003f22:	2a00      	cmp	r2, #0
10003f24:	dd17      	ble.n	10003f56 <stdio_out_chars_crlf+0x46>
10003f26:	780b      	ldrb	r3, [r1, #0]
10003f28:	2b0a      	cmp	r3, #10
10003f2a:	d024      	beq.n	10003f76 <stdio_out_chars_crlf+0x66>
10003f2c:	2300      	movs	r3, #0
10003f2e:	4698      	mov	r8, r3
10003f30:	2e01      	cmp	r6, #1
10003f32:	d013      	beq.n	10003f5c <stdio_out_chars_crlf+0x4c>
10003f34:	2501      	movs	r5, #1
10003f36:	0029      	movs	r1, r5
10003f38:	5c63      	ldrb	r3, [r4, r1]
10003f3a:	3501      	adds	r5, #1
10003f3c:	2b0a      	cmp	r3, #10
10003f3e:	d026      	beq.n	10003f8e <stdio_out_chars_crlf+0x7e>
10003f40:	42b5      	cmp	r5, r6
10003f42:	d1f8      	bne.n	10003f36 <stdio_out_chars_crlf+0x26>
10003f44:	4546      	cmp	r6, r8
10003f46:	dc09      	bgt.n	10003f5c <stdio_out_chars_crlf+0x4c>
10003f48:	19a4      	adds	r4, r4, r6
10003f4a:	3c01      	subs	r4, #1
10003f4c:	7823      	ldrb	r3, [r4, #0]
10003f4e:	3b0d      	subs	r3, #13
10003f50:	425a      	negs	r2, r3
10003f52:	4153      	adcs	r3, r2
10003f54:	753b      	strb	r3, [r7, #20]
10003f56:	bc80      	pop	{r7}
10003f58:	46b8      	mov	r8, r7
10003f5a:	bdf0      	pop	{r4, r5, r6, r7, pc}
10003f5c:	4643      	mov	r3, r8
10003f5e:	18e0      	adds	r0, r4, r3
10003f60:	19a4      	adds	r4, r4, r6
10003f62:	1af1      	subs	r1, r6, r3
10003f64:	3c01      	subs	r4, #1
10003f66:	683b      	ldr	r3, [r7, #0]
10003f68:	4798      	blx	r3
10003f6a:	7823      	ldrb	r3, [r4, #0]
10003f6c:	3b0d      	subs	r3, #13
10003f6e:	425a      	negs	r2, r3
10003f70:	4153      	adcs	r3, r2
10003f72:	753b      	strb	r3, [r7, #20]
10003f74:	e7ef      	b.n	10003f56 <stdio_out_chars_crlf+0x46>
10003f76:	7d03      	ldrb	r3, [r0, #20]
10003f78:	2b00      	cmp	r3, #0
10003f7a:	d1d7      	bne.n	10003f2c <stdio_out_chars_crlf+0x1c>
10003f7c:	2102      	movs	r1, #2
10003f7e:	480f      	ldr	r0, [pc, #60]	@ (10003fbc <stdio_out_chars_crlf+0xac>)
10003f80:	683b      	ldr	r3, [r7, #0]
10003f82:	4798      	blx	r3
10003f84:	2e01      	cmp	r6, #1
10003f86:	d0df      	beq.n	10003f48 <stdio_out_chars_crlf+0x38>
10003f88:	2301      	movs	r3, #1
10003f8a:	4698      	mov	r8, r3
10003f8c:	e7d2      	b.n	10003f34 <stdio_out_chars_crlf+0x24>
10003f8e:	1e63      	subs	r3, r4, #1
10003f90:	5c5b      	ldrb	r3, [r3, r1]
10003f92:	2b0d      	cmp	r3, #13
10003f94:	d0d4      	beq.n	10003f40 <stdio_out_chars_crlf+0x30>
10003f96:	4588      	cmp	r8, r1
10003f98:	da04      	bge.n	10003fa4 <stdio_out_chars_crlf+0x94>
10003f9a:	4643      	mov	r3, r8
10003f9c:	1ac9      	subs	r1, r1, r3
10003f9e:	18e0      	adds	r0, r4, r3
10003fa0:	683b      	ldr	r3, [r7, #0]
10003fa2:	4798      	blx	r3
10003fa4:	2102      	movs	r1, #2
10003fa6:	4805      	ldr	r0, [pc, #20]	@ (10003fbc <stdio_out_chars_crlf+0xac>)
10003fa8:	683b      	ldr	r3, [r7, #0]
10003faa:	46a8      	mov	r8, r5
10003fac:	4798      	blx	r3
10003fae:	e7c7      	b.n	10003f40 <stdio_out_chars_crlf+0x30>
10003fb0:	6803      	ldr	r3, [r0, #0]
10003fb2:	0011      	movs	r1, r2
10003fb4:	0020      	movs	r0, r4
10003fb6:	4798      	blx	r3
10003fb8:	e7cd      	b.n	10003f56 <stdio_out_chars_crlf+0x46>
10003fba:	46c0      	nop			@ (mov r8, r8)
10003fbc:	10007058 	.word	0x10007058

10003fc0 <stdio_buffered_printer>:
10003fc0:	b5f0      	push	{r4, r5, r6, r7, lr}
10003fc2:	46c6      	mov	lr, r8
10003fc4:	680b      	ldr	r3, [r1, #0]
10003fc6:	0006      	movs	r6, r0
10003fc8:	000c      	movs	r4, r1
10003fca:	b500      	push	{lr}
10003fcc:	2b80      	cmp	r3, #128	@ 0x80
10003fce:	d006      	beq.n	10003fde <stdio_buffered_printer+0x1e>
10003fd0:	1c5a      	adds	r2, r3, #1
10003fd2:	6022      	str	r2, [r4, #0]
10003fd4:	18e4      	adds	r4, r4, r3
10003fd6:	7126      	strb	r6, [r4, #4]
10003fd8:	bc80      	pop	{r7}
10003fda:	46b8      	mov	r8, r7
10003fdc:	bdf0      	pop	{r4, r5, r6, r7, pc}
10003fde:	4b0f      	ldr	r3, [pc, #60]	@ (1000401c <stdio_buffered_printer+0x5c>)
10003fe0:	681d      	ldr	r5, [r3, #0]
10003fe2:	2d00      	cmp	r5, #0
10003fe4:	d016      	beq.n	10004014 <stdio_buffered_printer+0x54>
10003fe6:	1d0b      	adds	r3, r1, #4
10003fe8:	4698      	mov	r8, r3
10003fea:	4f0d      	ldr	r7, [pc, #52]	@ (10004020 <stdio_buffered_printer+0x60>)
10003fec:	e002      	b.n	10003ff4 <stdio_buffered_printer+0x34>
10003fee:	692d      	ldr	r5, [r5, #16]
10003ff0:	2d00      	cmp	r5, #0
10003ff2:	d00f      	beq.n	10004014 <stdio_buffered_printer+0x54>
10003ff4:	682b      	ldr	r3, [r5, #0]
10003ff6:	2b00      	cmp	r3, #0
10003ff8:	d0f9      	beq.n	10003fee <stdio_buffered_printer+0x2e>
10003ffa:	683b      	ldr	r3, [r7, #0]
10003ffc:	2b00      	cmp	r3, #0
10003ffe:	d001      	beq.n	10004004 <stdio_buffered_printer+0x44>
10004000:	42ab      	cmp	r3, r5
10004002:	d1f4      	bne.n	10003fee <stdio_buffered_printer+0x2e>
10004004:	0028      	movs	r0, r5
10004006:	4641      	mov	r1, r8
10004008:	6822      	ldr	r2, [r4, #0]
1000400a:	f7ff ff81 	bl	10003f10 <stdio_out_chars_crlf>
1000400e:	692d      	ldr	r5, [r5, #16]
10004010:	2d00      	cmp	r5, #0
10004012:	d1ef      	bne.n	10003ff4 <stdio_buffered_printer+0x34>
10004014:	2201      	movs	r2, #1
10004016:	2300      	movs	r3, #0
10004018:	e7db      	b.n	10003fd2 <stdio_buffered_printer+0x12>
1000401a:	46c0      	nop			@ (mov r8, r8)
1000401c:	20001b30 	.word	0x20001b30
10004020:	20001b38 	.word	0x20001b38

10004024 <stdio_put_string>:
10004024:	b5f0      	push	{r4, r5, r6, r7, lr}
10004026:	4645      	mov	r5, r8
10004028:	46de      	mov	lr, fp
1000402a:	464e      	mov	r6, r9
1000402c:	4657      	mov	r7, sl
1000402e:	b5e0      	push	{r5, r6, r7, lr}
10004030:	b083      	sub	sp, #12
10004032:	4691      	mov	r9, r2
10004034:	001c      	movs	r4, r3
10004036:	4680      	mov	r8, r0
10004038:	000d      	movs	r5, r1
1000403a:	f7fd f8cf 	bl	100011dc <time_us_64>
1000403e:	2300      	movs	r3, #0
10004040:	4a30      	ldr	r2, [pc, #192]	@ (10004104 <stdio_put_string+0xe0>)
10004042:	1812      	adds	r2, r2, r0
10004044:	414b      	adcs	r3, r1
10004046:	2b00      	cmp	r3, #0
10004048:	da02      	bge.n	10004050 <stdio_put_string+0x2c>
1000404a:	2201      	movs	r2, #1
1000404c:	4b2e      	ldr	r3, [pc, #184]	@ (10004108 <stdio_put_string+0xe4>)
1000404e:	4252      	negs	r2, r2
10004050:	492e      	ldr	r1, [pc, #184]	@ (1000410c <stdio_put_string+0xe8>)
10004052:	0008      	movs	r0, r1
10004054:	468a      	mov	sl, r1
10004056:	f002 fda7 	bl	10006ba8 <__mutex_try_enter_block_until_veneer>
1000405a:	0007      	movs	r7, r0
1000405c:	1c6b      	adds	r3, r5, #1
1000405e:	d103      	bne.n	10004068 <stdio_put_string+0x44>
10004060:	4640      	mov	r0, r8
10004062:	f002 fd27 	bl	10006ab4 <strlen>
10004066:	0005      	movs	r5, r0
10004068:	2c00      	cmp	r4, #0
1000406a:	d027      	beq.n	100040bc <stdio_put_string+0x98>
1000406c:	4e28      	ldr	r6, [pc, #160]	@ (10004110 <stdio_put_string+0xec>)
1000406e:	4b29      	ldr	r3, [pc, #164]	@ (10004114 <stdio_put_string+0xf0>)
10004070:	681c      	ldr	r4, [r3, #0]
10004072:	2c00      	cmp	r4, #0
10004074:	d018      	beq.n	100040a8 <stdio_put_string+0x84>
10004076:	464b      	mov	r3, r9
10004078:	2b00      	cmp	r3, #0
1000407a:	d121      	bne.n	100040c0 <stdio_put_string+0x9c>
1000407c:	4b26      	ldr	r3, [pc, #152]	@ (10004118 <stdio_put_string+0xf4>)
1000407e:	4699      	mov	r9, r3
10004080:	e002      	b.n	10004088 <stdio_put_string+0x64>
10004082:	6924      	ldr	r4, [r4, #16]
10004084:	2c00      	cmp	r4, #0
10004086:	d00f      	beq.n	100040a8 <stdio_put_string+0x84>
10004088:	6823      	ldr	r3, [r4, #0]
1000408a:	2b00      	cmp	r3, #0
1000408c:	d0f9      	beq.n	10004082 <stdio_put_string+0x5e>
1000408e:	464b      	mov	r3, r9
10004090:	681b      	ldr	r3, [r3, #0]
10004092:	2b00      	cmp	r3, #0
10004094:	d001      	beq.n	1000409a <stdio_put_string+0x76>
10004096:	429c      	cmp	r4, r3
10004098:	d1f3      	bne.n	10004082 <stdio_put_string+0x5e>
1000409a:	0020      	movs	r0, r4
1000409c:	002a      	movs	r2, r5
1000409e:	4641      	mov	r1, r8
100040a0:	47b0      	blx	r6
100040a2:	6924      	ldr	r4, [r4, #16]
100040a4:	2c00      	cmp	r4, #0
100040a6:	d1ef      	bne.n	10004088 <stdio_put_string+0x64>
100040a8:	2f00      	cmp	r7, #0
100040aa:	d126      	bne.n	100040fa <stdio_put_string+0xd6>
100040ac:	0028      	movs	r0, r5
100040ae:	b003      	add	sp, #12
100040b0:	bcf0      	pop	{r4, r5, r6, r7}
100040b2:	46bb      	mov	fp, r7
100040b4:	46b2      	mov	sl, r6
100040b6:	46a9      	mov	r9, r5
100040b8:	46a0      	mov	r8, r4
100040ba:	bdf0      	pop	{r4, r5, r6, r7, pc}
100040bc:	4e17      	ldr	r6, [pc, #92]	@ (1000411c <stdio_put_string+0xf8>)
100040be:	e7d6      	b.n	1000406e <stdio_put_string+0x4a>
100040c0:	4b15      	ldr	r3, [pc, #84]	@ (10004118 <stdio_put_string+0xf4>)
100040c2:	4699      	mov	r9, r3
100040c4:	230a      	movs	r3, #10
100040c6:	469b      	mov	fp, r3
100040c8:	e002      	b.n	100040d0 <stdio_put_string+0xac>
100040ca:	6924      	ldr	r4, [r4, #16]
100040cc:	2c00      	cmp	r4, #0
100040ce:	d0eb      	beq.n	100040a8 <stdio_put_string+0x84>
100040d0:	6823      	ldr	r3, [r4, #0]
100040d2:	2b00      	cmp	r3, #0
100040d4:	d0f9      	beq.n	100040ca <stdio_put_string+0xa6>
100040d6:	464b      	mov	r3, r9
100040d8:	681b      	ldr	r3, [r3, #0]
100040da:	2b00      	cmp	r3, #0
100040dc:	d001      	beq.n	100040e2 <stdio_put_string+0xbe>
100040de:	42a3      	cmp	r3, r4
100040e0:	d1f3      	bne.n	100040ca <stdio_put_string+0xa6>
100040e2:	002a      	movs	r2, r5
100040e4:	4641      	mov	r1, r8
100040e6:	0020      	movs	r0, r4
100040e8:	47b0      	blx	r6
100040ea:	466b      	mov	r3, sp
100040ec:	465a      	mov	r2, fp
100040ee:	0020      	movs	r0, r4
100040f0:	71da      	strb	r2, [r3, #7]
100040f2:	1dd9      	adds	r1, r3, #7
100040f4:	2201      	movs	r2, #1
100040f6:	47b0      	blx	r6
100040f8:	e7e7      	b.n	100040ca <stdio_put_string+0xa6>
100040fa:	4650      	mov	r0, sl
100040fc:	f002 fd14 	bl	10006b28 <__mutex_exit_veneer>
10004100:	e7d4      	b.n	100040ac <stdio_put_string+0x88>
10004102:	46c0      	nop			@ (mov r8, r8)
10004104:	000f4240 	.word	0x000f4240
10004108:	7fffffff 	.word	0x7fffffff
1000410c:	200010a8 	.word	0x200010a8
10004110:	10003f11 	.word	0x10003f11
10004114:	20001b30 	.word	0x20001b30
10004118:	20001b38 	.word	0x20001b38
1000411c:	10003f01 	.word	0x10003f01

10004120 <stdio_set_driver_enabled>:
10004120:	4a0a      	ldr	r2, [pc, #40]	@ (1000414c <stdio_set_driver_enabled+0x2c>)
10004122:	6813      	ldr	r3, [r2, #0]
10004124:	2b00      	cmp	r3, #0
10004126:	d105      	bne.n	10004134 <stdio_set_driver_enabled+0x14>
10004128:	e00c      	b.n	10004144 <stdio_set_driver_enabled+0x24>
1000412a:	001a      	movs	r2, r3
1000412c:	691b      	ldr	r3, [r3, #16]
1000412e:	3210      	adds	r2, #16
10004130:	2b00      	cmp	r3, #0
10004132:	d007      	beq.n	10004144 <stdio_set_driver_enabled+0x24>
10004134:	4283      	cmp	r3, r0
10004136:	d1f8      	bne.n	1000412a <stdio_set_driver_enabled+0xa>
10004138:	2900      	cmp	r1, #0
1000413a:	d102      	bne.n	10004142 <stdio_set_driver_enabled+0x22>
1000413c:	6918      	ldr	r0, [r3, #16]
1000413e:	6010      	str	r0, [r2, #0]
10004140:	6119      	str	r1, [r3, #16]
10004142:	4770      	bx	lr
10004144:	2900      	cmp	r1, #0
10004146:	d0fc      	beq.n	10004142 <stdio_set_driver_enabled+0x22>
10004148:	6010      	str	r0, [r2, #0]
1000414a:	e7fa      	b.n	10004142 <stdio_set_driver_enabled+0x22>
1000414c:	20001b30 	.word	0x20001b30

10004150 <stdio_init_all>:
10004150:	b510      	push	{r4, lr}
10004152:	f000 faf1 	bl	10004738 <stdio_usb_init>
10004156:	bd10      	pop	{r4, pc}

10004158 <__wrap_putchar>:
10004158:	b5f0      	push	{r4, r5, r6, r7, lr}
1000415a:	46ce      	mov	lr, r9
1000415c:	4647      	mov	r7, r8
1000415e:	b580      	push	{r7, lr}
10004160:	b083      	sub	sp, #12
10004162:	466b      	mov	r3, sp
10004164:	0006      	movs	r6, r0
10004166:	1ddd      	adds	r5, r3, #7
10004168:	7028      	strb	r0, [r5, #0]
1000416a:	f7fd f837 	bl	100011dc <time_us_64>
1000416e:	2300      	movs	r3, #0
10004170:	4a19      	ldr	r2, [pc, #100]	@ (100041d8 <__wrap_putchar+0x80>)
10004172:	1812      	adds	r2, r2, r0
10004174:	414b      	adcs	r3, r1
10004176:	2b00      	cmp	r3, #0
10004178:	da02      	bge.n	10004180 <__wrap_putchar+0x28>
1000417a:	2201      	movs	r2, #1
1000417c:	4b17      	ldr	r3, [pc, #92]	@ (100041dc <__wrap_putchar+0x84>)
1000417e:	4252      	negs	r2, r2
10004180:	4917      	ldr	r1, [pc, #92]	@ (100041e0 <__wrap_putchar+0x88>)
10004182:	0008      	movs	r0, r1
10004184:	4688      	mov	r8, r1
10004186:	f002 fd0f 	bl	10006ba8 <__mutex_try_enter_block_until_veneer>
1000418a:	4b16      	ldr	r3, [pc, #88]	@ (100041e4 <__wrap_putchar+0x8c>)
1000418c:	4681      	mov	r9, r0
1000418e:	681c      	ldr	r4, [r3, #0]
10004190:	2c00      	cmp	r4, #0
10004192:	d014      	beq.n	100041be <__wrap_putchar+0x66>
10004194:	4f14      	ldr	r7, [pc, #80]	@ (100041e8 <__wrap_putchar+0x90>)
10004196:	e002      	b.n	1000419e <__wrap_putchar+0x46>
10004198:	6924      	ldr	r4, [r4, #16]
1000419a:	2c00      	cmp	r4, #0
1000419c:	d00f      	beq.n	100041be <__wrap_putchar+0x66>
1000419e:	6823      	ldr	r3, [r4, #0]
100041a0:	2b00      	cmp	r3, #0
100041a2:	d0f9      	beq.n	10004198 <__wrap_putchar+0x40>
100041a4:	683b      	ldr	r3, [r7, #0]
100041a6:	2b00      	cmp	r3, #0
100041a8:	d001      	beq.n	100041ae <__wrap_putchar+0x56>
100041aa:	429c      	cmp	r4, r3
100041ac:	d1f4      	bne.n	10004198 <__wrap_putchar+0x40>
100041ae:	0020      	movs	r0, r4
100041b0:	2201      	movs	r2, #1
100041b2:	0029      	movs	r1, r5
100041b4:	f7ff feac 	bl	10003f10 <stdio_out_chars_crlf>
100041b8:	6924      	ldr	r4, [r4, #16]
100041ba:	2c00      	cmp	r4, #0
100041bc:	d1ef      	bne.n	1000419e <__wrap_putchar+0x46>
100041be:	464b      	mov	r3, r9
100041c0:	2b00      	cmp	r3, #0
100041c2:	d105      	bne.n	100041d0 <__wrap_putchar+0x78>
100041c4:	0030      	movs	r0, r6
100041c6:	b003      	add	sp, #12
100041c8:	bcc0      	pop	{r6, r7}
100041ca:	46b9      	mov	r9, r7
100041cc:	46b0      	mov	r8, r6
100041ce:	bdf0      	pop	{r4, r5, r6, r7, pc}
100041d0:	4640      	mov	r0, r8
100041d2:	f002 fca9 	bl	10006b28 <__mutex_exit_veneer>
100041d6:	e7f5      	b.n	100041c4 <__wrap_putchar+0x6c>
100041d8:	000f4240 	.word	0x000f4240
100041dc:	7fffffff 	.word	0x7fffffff
100041e0:	200010a8 	.word	0x200010a8
100041e4:	20001b30 	.word	0x20001b30
100041e8:	20001b38 	.word	0x20001b38

100041ec <__wrap_puts>:
100041ec:	b570      	push	{r4, r5, r6, lr}
100041ee:	0004      	movs	r4, r0
100041f0:	f002 fc60 	bl	10006ab4 <strlen>
100041f4:	2301      	movs	r3, #1
100041f6:	0001      	movs	r1, r0
100041f8:	0005      	movs	r5, r0
100041fa:	2201      	movs	r2, #1
100041fc:	0020      	movs	r0, r4
100041fe:	f7ff ff11 	bl	10004024 <stdio_put_string>
10004202:	4b08      	ldr	r3, [pc, #32]	@ (10004224 <__wrap_puts+0x38>)
10004204:	681c      	ldr	r4, [r3, #0]
10004206:	2c00      	cmp	r4, #0
10004208:	d006      	beq.n	10004218 <__wrap_puts+0x2c>
1000420a:	6863      	ldr	r3, [r4, #4]
1000420c:	2b00      	cmp	r3, #0
1000420e:	d005      	beq.n	1000421c <__wrap_puts+0x30>
10004210:	4798      	blx	r3
10004212:	6924      	ldr	r4, [r4, #16]
10004214:	2c00      	cmp	r4, #0
10004216:	d1f8      	bne.n	1000420a <__wrap_puts+0x1e>
10004218:	0028      	movs	r0, r5
1000421a:	bd70      	pop	{r4, r5, r6, pc}
1000421c:	6924      	ldr	r4, [r4, #16]
1000421e:	2c00      	cmp	r4, #0
10004220:	d1f3      	bne.n	1000420a <__wrap_puts+0x1e>
10004222:	e7f9      	b.n	10004218 <__wrap_puts+0x2c>
10004224:	20001b30 	.word	0x20001b30

10004228 <__wrap_vprintf>:
10004228:	b5f0      	push	{r4, r5, r6, r7, lr}
1000422a:	46ce      	mov	lr, r9
1000422c:	4647      	mov	r7, r8
1000422e:	b580      	push	{r7, lr}
10004230:	b0a3      	sub	sp, #140	@ 0x8c
10004232:	0004      	movs	r4, r0
10004234:	000d      	movs	r5, r1
10004236:	f7fc ffd1 	bl	100011dc <time_us_64>
1000423a:	2300      	movs	r3, #0
1000423c:	4a27      	ldr	r2, [pc, #156]	@ (100042dc <__wrap_vprintf+0xb4>)
1000423e:	1812      	adds	r2, r2, r0
10004240:	414b      	adcs	r3, r1
10004242:	2b00      	cmp	r3, #0
10004244:	da02      	bge.n	1000424c <__wrap_vprintf+0x24>
10004246:	2201      	movs	r2, #1
10004248:	4b25      	ldr	r3, [pc, #148]	@ (100042e0 <__wrap_vprintf+0xb8>)
1000424a:	4252      	negs	r2, r2
1000424c:	4e25      	ldr	r6, [pc, #148]	@ (100042e4 <__wrap_vprintf+0xbc>)
1000424e:	0030      	movs	r0, r6
10004250:	f002 fcaa 	bl	10006ba8 <__mutex_try_enter_block_until_veneer>
10004254:	2300      	movs	r3, #0
10004256:	0022      	movs	r2, r4
10004258:	9301      	str	r3, [sp, #4]
1000425a:	0007      	movs	r7, r0
1000425c:	002b      	movs	r3, r5
1000425e:	4822      	ldr	r0, [pc, #136]	@ (100042e8 <__wrap_vprintf+0xc0>)
10004260:	a901      	add	r1, sp, #4
10004262:	f7ff fe07 	bl	10003e74 <vfctprintf>
10004266:	4b21      	ldr	r3, [pc, #132]	@ (100042ec <__wrap_vprintf+0xc4>)
10004268:	4680      	mov	r8, r0
1000426a:	4699      	mov	r9, r3
1000426c:	681c      	ldr	r4, [r3, #0]
1000426e:	9b01      	ldr	r3, [sp, #4]
10004270:	2b00      	cmp	r3, #0
10004272:	d01a      	beq.n	100042aa <__wrap_vprintf+0x82>
10004274:	2c00      	cmp	r4, #0
10004276:	d02f      	beq.n	100042d8 <__wrap_vprintf+0xb0>
10004278:	4d1d      	ldr	r5, [pc, #116]	@ (100042f0 <__wrap_vprintf+0xc8>)
1000427a:	e002      	b.n	10004282 <__wrap_vprintf+0x5a>
1000427c:	6924      	ldr	r4, [r4, #16]
1000427e:	2c00      	cmp	r4, #0
10004280:	d00f      	beq.n	100042a2 <__wrap_vprintf+0x7a>
10004282:	6823      	ldr	r3, [r4, #0]
10004284:	2b00      	cmp	r3, #0
10004286:	d0f9      	beq.n	1000427c <__wrap_vprintf+0x54>
10004288:	682b      	ldr	r3, [r5, #0]
1000428a:	2b00      	cmp	r3, #0
1000428c:	d001      	beq.n	10004292 <__wrap_vprintf+0x6a>
1000428e:	42a3      	cmp	r3, r4
10004290:	d1f4      	bne.n	1000427c <__wrap_vprintf+0x54>
10004292:	0020      	movs	r0, r4
10004294:	9a01      	ldr	r2, [sp, #4]
10004296:	a902      	add	r1, sp, #8
10004298:	f7ff fe3a 	bl	10003f10 <stdio_out_chars_crlf>
1000429c:	6924      	ldr	r4, [r4, #16]
1000429e:	2c00      	cmp	r4, #0
100042a0:	d1ef      	bne.n	10004282 <__wrap_vprintf+0x5a>
100042a2:	464b      	mov	r3, r9
100042a4:	681c      	ldr	r4, [r3, #0]
100042a6:	2300      	movs	r3, #0
100042a8:	9301      	str	r3, [sp, #4]
100042aa:	2c00      	cmp	r4, #0
100042ac:	d006      	beq.n	100042bc <__wrap_vprintf+0x94>
100042ae:	6863      	ldr	r3, [r4, #4]
100042b0:	2b00      	cmp	r3, #0
100042b2:	d00b      	beq.n	100042cc <__wrap_vprintf+0xa4>
100042b4:	4798      	blx	r3
100042b6:	6924      	ldr	r4, [r4, #16]
100042b8:	2c00      	cmp	r4, #0
100042ba:	d1f8      	bne.n	100042ae <__wrap_vprintf+0x86>
100042bc:	2f00      	cmp	r7, #0
100042be:	d107      	bne.n	100042d0 <__wrap_vprintf+0xa8>
100042c0:	4640      	mov	r0, r8
100042c2:	b023      	add	sp, #140	@ 0x8c
100042c4:	bcc0      	pop	{r6, r7}
100042c6:	46b9      	mov	r9, r7
100042c8:	46b0      	mov	r8, r6
100042ca:	bdf0      	pop	{r4, r5, r6, r7, pc}
100042cc:	6924      	ldr	r4, [r4, #16]
100042ce:	e7ec      	b.n	100042aa <__wrap_vprintf+0x82>
100042d0:	0030      	movs	r0, r6
100042d2:	f002 fc29 	bl	10006b28 <__mutex_exit_veneer>
100042d6:	e7f3      	b.n	100042c0 <__wrap_vprintf+0x98>
100042d8:	9401      	str	r4, [sp, #4]
100042da:	e7ef      	b.n	100042bc <__wrap_vprintf+0x94>
100042dc:	000f4240 	.word	0x000f4240
100042e0:	7fffffff 	.word	0x7fffffff
100042e4:	200010a8 	.word	0x200010a8
100042e8:	10003fc1 	.word	0x10003fc1
100042ec:	20001b30 	.word	0x20001b30
100042f0:	20001b38 	.word	0x20001b38

100042f4 <__wrap_printf>:
100042f4:	b40f      	push	{r0, r1, r2, r3}
100042f6:	b500      	push	{lr}
100042f8:	b083      	sub	sp, #12
100042fa:	a904      	add	r1, sp, #16
100042fc:	c901      	ldmia	r1!, {r0}
100042fe:	9101      	str	r1, [sp, #4]
10004300:	f7ff ff92 	bl	10004228 <__wrap_vprintf>
10004304:	b003      	add	sp, #12
10004306:	bc08      	pop	{r3}
10004308:	b004      	add	sp, #16
1000430a:	4718      	bx	r3

1000430c <resetd_init>:
1000430c:	4770      	bx	lr
1000430e:	46c0      	nop			@ (mov r8, r8)

10004310 <resetd_reset>:
10004310:	2200      	movs	r2, #0
10004312:	4b01      	ldr	r3, [pc, #4]	@ (10004318 <resetd_reset+0x8>)
10004314:	701a      	strb	r2, [r3, #0]
10004316:	4770      	bx	lr
10004318:	20001fa6 	.word	0x20001fa6

1000431c <resetd_open>:
1000431c:	794b      	ldrb	r3, [r1, #5]
1000431e:	2000      	movs	r0, #0
10004320:	2bff      	cmp	r3, #255	@ 0xff
10004322:	d10b      	bne.n	1000433c <resetd_open+0x20>
10004324:	798b      	ldrb	r3, [r1, #6]
10004326:	2b00      	cmp	r3, #0
10004328:	d108      	bne.n	1000433c <resetd_open+0x20>
1000432a:	79cb      	ldrb	r3, [r1, #7]
1000432c:	2b01      	cmp	r3, #1
1000432e:	d105      	bne.n	1000433c <resetd_open+0x20>
10004330:	2a08      	cmp	r2, #8
10004332:	d903      	bls.n	1000433c <resetd_open+0x20>
10004334:	4b02      	ldr	r3, [pc, #8]	@ (10004340 <resetd_open+0x24>)
10004336:	788a      	ldrb	r2, [r1, #2]
10004338:	3009      	adds	r0, #9
1000433a:	701a      	strb	r2, [r3, #0]
1000433c:	4770      	bx	lr
1000433e:	46c0      	nop			@ (mov r8, r8)
10004340:	20001fa6 	.word	0x20001fa6

10004344 <resetd_xfer_cb>:
10004344:	2001      	movs	r0, #1
10004346:	4770      	bx	lr

10004348 <resetd_control_xfer_cb>:
10004348:	b510      	push	{r4, lr}
1000434a:	2901      	cmp	r1, #1
1000434c:	d113      	bne.n	10004376 <resetd_control_xfer_cb+0x2e>
1000434e:	4912      	ldr	r1, [pc, #72]	@ (10004398 <resetd_control_xfer_cb+0x50>)
10004350:	7953      	ldrb	r3, [r2, #5]
10004352:	7910      	ldrb	r0, [r2, #4]
10004354:	7809      	ldrb	r1, [r1, #0]
10004356:	021b      	lsls	r3, r3, #8
10004358:	4303      	orrs	r3, r0
1000435a:	2000      	movs	r0, #0
1000435c:	4299      	cmp	r1, r3
1000435e:	d000      	beq.n	10004362 <resetd_control_xfer_cb+0x1a>
10004360:	bd10      	pop	{r4, pc}
10004362:	7853      	ldrb	r3, [r2, #1]
10004364:	2b01      	cmp	r3, #1
10004366:	d008      	beq.n	1000437a <resetd_control_xfer_cb+0x32>
10004368:	2b02      	cmp	r3, #2
1000436a:	d1f9      	bne.n	10004360 <resetd_control_xfer_cb+0x18>
1000436c:	2264      	movs	r2, #100	@ 0x64
1000436e:	2100      	movs	r1, #0
10004370:	2000      	movs	r0, #0
10004372:	f7fd f893 	bl	1000149c <watchdog_reboot>
10004376:	2001      	movs	r0, #1
10004378:	e7f2      	b.n	10004360 <resetd_control_xfer_cb+0x18>
1000437a:	78d3      	ldrb	r3, [r2, #3]
1000437c:	7891      	ldrb	r1, [r2, #2]
1000437e:	021b      	lsls	r3, r3, #8
10004380:	4319      	orrs	r1, r3
10004382:	0a48      	lsrs	r0, r1, #9
10004384:	05db      	lsls	r3, r3, #23
10004386:	d401      	bmi.n	1000438c <resetd_control_xfer_cb+0x44>
10004388:	2001      	movs	r0, #1
1000438a:	4240      	negs	r0, r0
1000438c:	237f      	movs	r3, #127	@ 0x7f
1000438e:	058a      	lsls	r2, r1, #22
10004390:	0fd2      	lsrs	r2, r2, #31
10004392:	4019      	ands	r1, r3
10004394:	f7fd f90a 	bl	100015ac <rom_reset_usb_boot_extra>
10004398:	20001fa6 	.word	0x20001fa6

1000439c <tud_descriptor_bos_cb>:
1000439c:	4800      	ldr	r0, [pc, #0]	@ (100043a0 <tud_descriptor_bos_cb+0x4>)
1000439e:	4770      	bx	lr
100043a0:	10007124 	.word	0x10007124

100043a4 <tud_vendor_control_xfer_cb>:
100043a4:	b570      	push	{r4, r5, r6, lr}
100043a6:	0005      	movs	r5, r0
100043a8:	0014      	movs	r4, r2
100043aa:	2001      	movs	r0, #1
100043ac:	2901      	cmp	r1, #1
100043ae:	d109      	bne.n	100043c4 <tud_vendor_control_xfer_cb+0x20>
100043b0:	7853      	ldrb	r3, [r2, #1]
100043b2:	2000      	movs	r0, #0
100043b4:	2b01      	cmp	r3, #1
100043b6:	d105      	bne.n	100043c4 <tud_vendor_control_xfer_cb+0x20>
100043b8:	7963      	ldrb	r3, [r4, #5]
100043ba:	7912      	ldrb	r2, [r2, #4]
100043bc:	021b      	lsls	r3, r3, #8
100043be:	4313      	orrs	r3, r2
100043c0:	2b07      	cmp	r3, #7
100043c2:	d000      	beq.n	100043c6 <tud_vendor_control_xfer_cb+0x22>
100043c4:	bd70      	pop	{r4, r5, r6, pc}
100043c6:	0021      	movs	r1, r4
100043c8:	0028      	movs	r0, r5
100043ca:	4a02      	ldr	r2, [pc, #8]	@ (100043d4 <tud_vendor_control_xfer_cb+0x30>)
100043cc:	339f      	adds	r3, #159	@ 0x9f
100043ce:	f001 fa55 	bl	1000587c <tud_control_xfer>
100043d2:	e7f7      	b.n	100043c4 <tud_vendor_control_xfer_cb+0x20>
100043d4:	1000707c 	.word	0x1000707c

100043d8 <usbd_app_driver_get_cb>:
100043d8:	2301      	movs	r3, #1
100043da:	7003      	strb	r3, [r0, #0]
100043dc:	4800      	ldr	r0, [pc, #0]	@ (100043e0 <usbd_app_driver_get_cb+0x8>)
100043de:	4770      	bx	lr
100043e0:	1000705c 	.word	0x1000705c

100043e4 <tud_cdc_line_coding_cb>:
100043e4:	784b      	ldrb	r3, [r1, #1]
100043e6:	780a      	ldrb	r2, [r1, #0]
100043e8:	021b      	lsls	r3, r3, #8
100043ea:	4313      	orrs	r3, r2
100043ec:	788a      	ldrb	r2, [r1, #2]
100043ee:	b510      	push	{r4, lr}
100043f0:	0412      	lsls	r2, r2, #16
100043f2:	431a      	orrs	r2, r3
100043f4:	78cb      	ldrb	r3, [r1, #3]
100043f6:	061b      	lsls	r3, r3, #24
100043f8:	4313      	orrs	r3, r2
100043fa:	2296      	movs	r2, #150	@ 0x96
100043fc:	00d2      	lsls	r2, r2, #3
100043fe:	4293      	cmp	r3, r2
10004400:	d000      	beq.n	10004404 <tud_cdc_line_coding_cb+0x20>
10004402:	bd10      	pop	{r4, pc}
10004404:	2200      	movs	r2, #0
10004406:	2001      	movs	r0, #1
10004408:	0011      	movs	r1, r2
1000440a:	4240      	negs	r0, r0
1000440c:	f7fd f8ce 	bl	100015ac <rom_reset_usb_boot_extra>

10004410 <stdio_usb_set_chars_available_callback>:
10004410:	4b02      	ldr	r3, [pc, #8]	@ (1000441c <stdio_usb_set_chars_available_callback+0xc>)
10004412:	6018      	str	r0, [r3, #0]
10004414:	4b02      	ldr	r3, [pc, #8]	@ (10004420 <stdio_usb_set_chars_available_callback+0x10>)
10004416:	6019      	str	r1, [r3, #0]
10004418:	4770      	bx	lr
1000441a:	46c0      	nop			@ (mov r8, r8)
1000441c:	20001ad0 	.word	0x20001ad0
10004420:	20001ad4 	.word	0x20001ad4

10004424 <usb_irq>:
10004424:	b510      	push	{r4, lr}
10004426:	4b02      	ldr	r3, [pc, #8]	@ (10004430 <usb_irq+0xc>)
10004428:	7818      	ldrb	r0, [r3, #0]
1000442a:	f7fc f8b7 	bl	1000059c <irq_set_pending>
1000442e:	bd10      	pop	{r4, pc}
10004430:	20001fa7 	.word	0x20001fa7

10004434 <timer_task>:
10004434:	4b15      	ldr	r3, [pc, #84]	@ (1000448c <timer_task+0x58>)
10004436:	b570      	push	{r4, r5, r6, lr}
10004438:	681a      	ldr	r2, [r3, #0]
1000443a:	2a00      	cmp	r2, #0
1000443c:	d022      	beq.n	10004484 <timer_task+0x50>
1000443e:	f3ef 8110 	mrs	r1, PRIMASK
10004442:	b672      	cpsid	i
10004444:	6810      	ldr	r0, [r2, #0]
10004446:	2800      	cmp	r0, #0
10004448:	d0fc      	beq.n	10004444 <timer_task+0x10>
1000444a:	f3bf 8f5f 	dmb	sy
1000444e:	2000      	movs	r0, #0
10004450:	4a0f      	ldr	r2, [pc, #60]	@ (10004490 <timer_task+0x5c>)
10004452:	6059      	str	r1, [r3, #4]
10004454:	7010      	strb	r0, [r2, #0]
10004456:	681b      	ldr	r3, [r3, #0]
10004458:	f3bf 8f5f 	dmb	sy
1000445c:	6018      	str	r0, [r3, #0]
1000445e:	f381 8810 	msr	PRIMASK, r1
10004462:	2400      	movs	r4, #0
10004464:	2500      	movs	r5, #0
10004466:	4e0b      	ldr	r6, [pc, #44]	@ (10004494 <timer_task+0x60>)
10004468:	7830      	ldrb	r0, [r6, #0]
1000446a:	f7fc f88b 	bl	10000584 <irq_is_enabled>
1000446e:	2800      	cmp	r0, #0
10004470:	d104      	bne.n	1000447c <timer_task+0x48>
10004472:	2400      	movs	r4, #0
10004474:	2500      	movs	r5, #0
10004476:	0029      	movs	r1, r5
10004478:	0020      	movs	r0, r4
1000447a:	bd70      	pop	{r4, r5, r6, pc}
1000447c:	7830      	ldrb	r0, [r6, #0]
1000447e:	f7fc f88d 	bl	1000059c <irq_set_pending>
10004482:	e7f8      	b.n	10004476 <timer_task+0x42>
10004484:	24fa      	movs	r4, #250	@ 0xfa
10004486:	2500      	movs	r5, #0
10004488:	00a4      	lsls	r4, r4, #2
1000448a:	e7ec      	b.n	10004466 <timer_task+0x32>
1000448c:	20001f60 	.word	0x20001f60
10004490:	20001fa8 	.word	0x20001fa8
10004494:	20001fa7 	.word	0x20001fa7

10004498 <stdio_usb_in_chars>:
10004498:	b570      	push	{r4, r5, r6, lr}
1000449a:	0004      	movs	r4, r0
1000449c:	2000      	movs	r0, #0
1000449e:	000e      	movs	r6, r1
100044a0:	f001 fb0a 	bl	10005ab8 <tud_cdc_n_connected>
100044a4:	2800      	cmp	r0, #0
100044a6:	d034      	beq.n	10004512 <stdio_usb_in_chars+0x7a>
100044a8:	2000      	movs	r0, #0
100044aa:	f001 fb1b 	bl	10005ae4 <tud_cdc_n_available>
100044ae:	2800      	cmp	r0, #0
100044b0:	d02f      	beq.n	10004512 <stdio_usb_in_chars+0x7a>
100044b2:	f7fc fe93 	bl	100011dc <time_us_64>
100044b6:	2300      	movs	r3, #0
100044b8:	4a17      	ldr	r2, [pc, #92]	@ (10004518 <stdio_usb_in_chars+0x80>)
100044ba:	1812      	adds	r2, r2, r0
100044bc:	414b      	adcs	r3, r1
100044be:	2b00      	cmp	r3, #0
100044c0:	db16      	blt.n	100044f0 <stdio_usb_in_chars+0x58>
100044c2:	4d16      	ldr	r5, [pc, #88]	@ (1000451c <stdio_usb_in_chars+0x84>)
100044c4:	0028      	movs	r0, r5
100044c6:	f002 fb6f 	bl	10006ba8 <__mutex_try_enter_block_until_veneer>
100044ca:	2800      	cmp	r0, #0
100044cc:	d021      	beq.n	10004512 <stdio_usb_in_chars+0x7a>
100044ce:	2000      	movs	r0, #0
100044d0:	f001 faf2 	bl	10005ab8 <tud_cdc_n_connected>
100044d4:	2800      	cmp	r0, #0
100044d6:	d10f      	bne.n	100044f8 <stdio_usb_in_chars+0x60>
100044d8:	2001      	movs	r0, #1
100044da:	2100      	movs	r1, #0
100044dc:	4240      	negs	r0, r0
100044de:	f000 fd01 	bl	10004ee4 <tud_task_ext>
100044e2:	2403      	movs	r4, #3
100044e4:	4264      	negs	r4, r4
100044e6:	0028      	movs	r0, r5
100044e8:	f002 fb1e 	bl	10006b28 <__mutex_exit_veneer>
100044ec:	0020      	movs	r0, r4
100044ee:	bd70      	pop	{r4, r5, r6, pc}
100044f0:	2201      	movs	r2, #1
100044f2:	4b0b      	ldr	r3, [pc, #44]	@ (10004520 <stdio_usb_in_chars+0x88>)
100044f4:	4252      	negs	r2, r2
100044f6:	e7e4      	b.n	100044c2 <stdio_usb_in_chars+0x2a>
100044f8:	2000      	movs	r0, #0
100044fa:	f001 faf3 	bl	10005ae4 <tud_cdc_n_available>
100044fe:	2800      	cmp	r0, #0
10004500:	d0ea      	beq.n	100044d8 <stdio_usb_in_chars+0x40>
10004502:	0021      	movs	r1, r4
10004504:	0032      	movs	r2, r6
10004506:	2000      	movs	r0, #0
10004508:	f001 faf6 	bl	10005af8 <tud_cdc_n_read>
1000450c:	1e04      	subs	r4, r0, #0
1000450e:	d1ea      	bne.n	100044e6 <stdio_usb_in_chars+0x4e>
10004510:	e7e7      	b.n	100044e2 <stdio_usb_in_chars+0x4a>
10004512:	2403      	movs	r4, #3
10004514:	4264      	negs	r4, r4
10004516:	e7e9      	b.n	100044ec <stdio_usb_in_chars+0x54>
10004518:	000f4240 	.word	0x000f4240
1000451c:	20001f88 	.word	0x20001f88
10004520:	7fffffff 	.word	0x7fffffff

10004524 <stdio_usb_out_flush>:
10004524:	b510      	push	{r4, lr}
10004526:	f7fc fe59 	bl	100011dc <time_us_64>
1000452a:	2300      	movs	r3, #0
1000452c:	4a0d      	ldr	r2, [pc, #52]	@ (10004564 <stdio_usb_out_flush+0x40>)
1000452e:	1812      	adds	r2, r2, r0
10004530:	414b      	adcs	r3, r1
10004532:	2b00      	cmp	r3, #0
10004534:	da02      	bge.n	1000453c <stdio_usb_out_flush+0x18>
10004536:	2201      	movs	r2, #1
10004538:	4b0b      	ldr	r3, [pc, #44]	@ (10004568 <stdio_usb_out_flush+0x44>)
1000453a:	4252      	negs	r2, r2
1000453c:	4c0b      	ldr	r4, [pc, #44]	@ (1000456c <stdio_usb_out_flush+0x48>)
1000453e:	0020      	movs	r0, r4
10004540:	f002 fb32 	bl	10006ba8 <__mutex_try_enter_block_until_veneer>
10004544:	2800      	cmp	r0, #0
10004546:	d00c      	beq.n	10004562 <stdio_usb_out_flush+0x3e>
10004548:	2001      	movs	r0, #1
1000454a:	2100      	movs	r1, #0
1000454c:	4240      	negs	r0, r0
1000454e:	f000 fcc9 	bl	10004ee4 <tud_task_ext>
10004552:	2000      	movs	r0, #0
10004554:	f001 fb14 	bl	10005b80 <tud_cdc_n_write_flush>
10004558:	2800      	cmp	r0, #0
1000455a:	d1f5      	bne.n	10004548 <stdio_usb_out_flush+0x24>
1000455c:	0020      	movs	r0, r4
1000455e:	f002 fae3 	bl	10006b28 <__mutex_exit_veneer>
10004562:	bd10      	pop	{r4, pc}
10004564:	000f4240 	.word	0x000f4240
10004568:	7fffffff 	.word	0x7fffffff
1000456c:	20001f88 	.word	0x20001f88

10004570 <stdio_usb_out_chars>:
10004570:	b5f8      	push	{r3, r4, r5, r6, r7, lr}
10004572:	46de      	mov	lr, fp
10004574:	4657      	mov	r7, sl
10004576:	b580      	push	{r7, lr}
10004578:	0005      	movs	r5, r0
1000457a:	000c      	movs	r4, r1
1000457c:	f7fc fe2e 	bl	100011dc <time_us_64>
10004580:	2300      	movs	r3, #0
10004582:	4a36      	ldr	r2, [pc, #216]	@ (1000465c <stdio_usb_out_chars+0xec>)
10004584:	1812      	adds	r2, r2, r0
10004586:	414b      	adcs	r3, r1
10004588:	2b00      	cmp	r3, #0
1000458a:	da02      	bge.n	10004592 <stdio_usb_out_chars+0x22>
1000458c:	2201      	movs	r2, #1
1000458e:	4b34      	ldr	r3, [pc, #208]	@ (10004660 <stdio_usb_out_chars+0xf0>)
10004590:	4252      	negs	r2, r2
10004592:	4934      	ldr	r1, [pc, #208]	@ (10004664 <stdio_usb_out_chars+0xf4>)
10004594:	0008      	movs	r0, r1
10004596:	468a      	mov	sl, r1
10004598:	f002 fb06 	bl	10006ba8 <__mutex_try_enter_block_until_veneer>
1000459c:	2800      	cmp	r0, #0
1000459e:	d103      	bne.n	100045a8 <stdio_usb_out_chars+0x38>
100045a0:	bcc0      	pop	{r6, r7}
100045a2:	46bb      	mov	fp, r7
100045a4:	46b2      	mov	sl, r6
100045a6:	bdf8      	pop	{r3, r4, r5, r6, r7, pc}
100045a8:	2000      	movs	r0, #0
100045aa:	f001 fa85 	bl	10005ab8 <tud_cdc_n_connected>
100045ae:	2800      	cmp	r0, #0
100045b0:	d04a      	beq.n	10004648 <stdio_usb_out_chars+0xd8>
100045b2:	2600      	movs	r6, #0
100045b4:	2c00      	cmp	r4, #0
100045b6:	dd43      	ble.n	10004640 <stdio_usb_out_chars+0xd0>
100045b8:	4b2b      	ldr	r3, [pc, #172]	@ (10004668 <stdio_usb_out_chars+0xf8>)
100045ba:	469b      	mov	fp, r3
100045bc:	e014      	b.n	100045e8 <stdio_usb_out_chars+0x78>
100045be:	19a9      	adds	r1, r5, r6
100045c0:	2000      	movs	r0, #0
100045c2:	f001 fb17 	bl	10005bf4 <tud_cdc_n_write>
100045c6:	0007      	movs	r7, r0
100045c8:	2001      	movs	r0, #1
100045ca:	2100      	movs	r1, #0
100045cc:	4240      	negs	r0, r0
100045ce:	f000 fc89 	bl	10004ee4 <tud_task_ext>
100045d2:	2000      	movs	r0, #0
100045d4:	f001 fad4 	bl	10005b80 <tud_cdc_n_write_flush>
100045d8:	f7fc fe00 	bl	100011dc <time_us_64>
100045dc:	4b22      	ldr	r3, [pc, #136]	@ (10004668 <stdio_usb_out_chars+0xf8>)
100045de:	19f6      	adds	r6, r6, r7
100045e0:	6018      	str	r0, [r3, #0]
100045e2:	6059      	str	r1, [r3, #4]
100045e4:	42b4      	cmp	r4, r6
100045e6:	dd2b      	ble.n	10004640 <stdio_usb_out_chars+0xd0>
100045e8:	2000      	movs	r0, #0
100045ea:	f001 fb23 	bl	10005c34 <tud_cdc_n_write_available>
100045ee:	1ba7      	subs	r7, r4, r6
100045f0:	0002      	movs	r2, r0
100045f2:	42b8      	cmp	r0, r7
100045f4:	dd00      	ble.n	100045f8 <stdio_usb_out_chars+0x88>
100045f6:	003a      	movs	r2, r7
100045f8:	2a00      	cmp	r2, #0
100045fa:	d1e0      	bne.n	100045be <stdio_usb_out_chars+0x4e>
100045fc:	2001      	movs	r0, #1
100045fe:	2100      	movs	r1, #0
10004600:	4240      	negs	r0, r0
10004602:	f000 fc6f 	bl	10004ee4 <tud_task_ext>
10004606:	2000      	movs	r0, #0
10004608:	f001 faba 	bl	10005b80 <tud_cdc_n_write_flush>
1000460c:	2000      	movs	r0, #0
1000460e:	f001 fa53 	bl	10005ab8 <tud_cdc_n_connected>
10004612:	2800      	cmp	r0, #0
10004614:	d014      	beq.n	10004640 <stdio_usb_out_chars+0xd0>
10004616:	2000      	movs	r0, #0
10004618:	f001 fb0c 	bl	10005c34 <tud_cdc_n_write_available>
1000461c:	2800      	cmp	r0, #0
1000461e:	d1e1      	bne.n	100045e4 <stdio_usb_out_chars+0x74>
10004620:	f7fc fddc 	bl	100011dc <time_us_64>
10004624:	465b      	mov	r3, fp
10004626:	000f      	movs	r7, r1
10004628:	681a      	ldr	r2, [r3, #0]
1000462a:	685b      	ldr	r3, [r3, #4]
1000462c:	2100      	movs	r1, #0
1000462e:	4684      	mov	ip, r0
10004630:	480e      	ldr	r0, [pc, #56]	@ (1000466c <stdio_usb_out_chars+0xfc>)
10004632:	1812      	adds	r2, r2, r0
10004634:	414b      	adcs	r3, r1
10004636:	429f      	cmp	r7, r3
10004638:	d802      	bhi.n	10004640 <stdio_usb_out_chars+0xd0>
1000463a:	d1d3      	bne.n	100045e4 <stdio_usb_out_chars+0x74>
1000463c:	4594      	cmp	ip, r2
1000463e:	d9d1      	bls.n	100045e4 <stdio_usb_out_chars+0x74>
10004640:	4650      	mov	r0, sl
10004642:	f002 fa71 	bl	10006b28 <__mutex_exit_veneer>
10004646:	e7ab      	b.n	100045a0 <stdio_usb_out_chars+0x30>
10004648:	2000      	movs	r0, #0
1000464a:	2100      	movs	r1, #0
1000464c:	4b06      	ldr	r3, [pc, #24]	@ (10004668 <stdio_usb_out_chars+0xf8>)
1000464e:	6018      	str	r0, [r3, #0]
10004650:	6059      	str	r1, [r3, #4]
10004652:	4650      	mov	r0, sl
10004654:	f002 fa68 	bl	10006b28 <__mutex_exit_veneer>
10004658:	e7a2      	b.n	100045a0 <stdio_usb_out_chars+0x30>
1000465a:	46c0      	nop			@ (mov r8, r8)
1000465c:	000f4240 	.word	0x000f4240
10004660:	7fffffff 	.word	0x7fffffff
10004664:	20001f88 	.word	0x20001f88
10004668:	20001230 	.word	0x20001230
1000466c:	0007a120 	.word	0x0007a120

10004670 <low_priority_worker_irq>:
10004670:	b530      	push	{r4, r5, lr}
10004672:	4c2a      	ldr	r4, [pc, #168]	@ (1000471c <low_priority_worker_irq+0xac>)
10004674:	b085      	sub	sp, #20
10004676:	2100      	movs	r1, #0
10004678:	0020      	movs	r0, r4
1000467a:	f002 fa75 	bl	10006b68 <__mutex_try_enter_veneer>
1000467e:	2800      	cmp	r0, #0
10004680:	d11c      	bne.n	100046bc <low_priority_worker_irq+0x4c>
10004682:	4b27      	ldr	r3, [pc, #156]	@ (10004720 <low_priority_worker_irq+0xb0>)
10004684:	681a      	ldr	r2, [r3, #0]
10004686:	2a00      	cmp	r2, #0
10004688:	d016      	beq.n	100046b8 <low_priority_worker_irq+0x48>
1000468a:	f3ef 8110 	mrs	r1, PRIMASK
1000468e:	b672      	cpsid	i
10004690:	6810      	ldr	r0, [r2, #0]
10004692:	2800      	cmp	r0, #0
10004694:	d0fc      	beq.n	10004690 <low_priority_worker_irq+0x20>
10004696:	f3bf 8f5f 	dmb	sy
1000469a:	2401      	movs	r4, #1
1000469c:	4821      	ldr	r0, [pc, #132]	@ (10004724 <low_priority_worker_irq+0xb4>)
1000469e:	6059      	str	r1, [r3, #4]
100046a0:	7802      	ldrb	r2, [r0, #0]
100046a2:	681b      	ldr	r3, [r3, #0]
100046a4:	b2d2      	uxtb	r2, r2
100046a6:	7004      	strb	r4, [r0, #0]
100046a8:	f3bf 8f5f 	dmb	sy
100046ac:	2000      	movs	r0, #0
100046ae:	6018      	str	r0, [r3, #0]
100046b0:	f381 8810 	msr	PRIMASK, r1
100046b4:	2a00      	cmp	r2, #0
100046b6:	d017      	beq.n	100046e8 <low_priority_worker_irq+0x78>
100046b8:	b005      	add	sp, #20
100046ba:	bd30      	pop	{r4, r5, pc}
100046bc:	2001      	movs	r0, #1
100046be:	2100      	movs	r1, #0
100046c0:	4240      	negs	r0, r0
100046c2:	f000 fc0f 	bl	10004ee4 <tud_task_ext>
100046c6:	2000      	movs	r0, #0
100046c8:	f001 fa0c 	bl	10005ae4 <tud_cdc_n_available>
100046cc:	0005      	movs	r5, r0
100046ce:	0020      	movs	r0, r4
100046d0:	f002 fa2a 	bl	10006b28 <__mutex_exit_veneer>
100046d4:	2d00      	cmp	r5, #0
100046d6:	d0ef      	beq.n	100046b8 <low_priority_worker_irq+0x48>
100046d8:	4b13      	ldr	r3, [pc, #76]	@ (10004728 <low_priority_worker_irq+0xb8>)
100046da:	681b      	ldr	r3, [r3, #0]
100046dc:	2b00      	cmp	r3, #0
100046de:	d0eb      	beq.n	100046b8 <low_priority_worker_irq+0x48>
100046e0:	4a12      	ldr	r2, [pc, #72]	@ (1000472c <low_priority_worker_irq+0xbc>)
100046e2:	6810      	ldr	r0, [r2, #0]
100046e4:	4798      	blx	r3
100046e6:	e7e7      	b.n	100046b8 <low_priority_worker_irq+0x48>
100046e8:	f7fc fb62 	bl	10000db0 <alarm_pool_get_default>
100046ec:	0004      	movs	r4, r0
100046ee:	f7fc fd75 	bl	100011dc <time_us_64>
100046f2:	22fa      	movs	r2, #250	@ 0xfa
100046f4:	2300      	movs	r3, #0
100046f6:	0092      	lsls	r2, r2, #2
100046f8:	1812      	adds	r2, r2, r0
100046fa:	414b      	adcs	r3, r1
100046fc:	2b00      	cmp	r3, #0
100046fe:	da02      	bge.n	10004706 <low_priority_worker_irq+0x96>
10004700:	2201      	movs	r2, #1
10004702:	4b0b      	ldr	r3, [pc, #44]	@ (10004730 <low_priority_worker_irq+0xc0>)
10004704:	4252      	negs	r2, r2
10004706:	2101      	movs	r1, #1
10004708:	9102      	str	r1, [sp, #8]
1000470a:	2100      	movs	r1, #0
1000470c:	9101      	str	r1, [sp, #4]
1000470e:	4909      	ldr	r1, [pc, #36]	@ (10004734 <low_priority_worker_irq+0xc4>)
10004710:	0020      	movs	r0, r4
10004712:	9100      	str	r1, [sp, #0]
10004714:	f7fc fb50 	bl	10000db8 <alarm_pool_add_alarm_at>
10004718:	e7ce      	b.n	100046b8 <low_priority_worker_irq+0x48>
1000471a:	46c0      	nop			@ (mov r8, r8)
1000471c:	20001f88 	.word	0x20001f88
10004720:	20001f60 	.word	0x20001f60
10004724:	20001fa8 	.word	0x20001fa8
10004728:	20001ad0 	.word	0x20001ad0
1000472c:	20001ad4 	.word	0x20001ad4
10004730:	7fffffff 	.word	0x7fffffff
10004734:	10004435 	.word	0x10004435

10004738 <stdio_usb_init>:
10004738:	23d0      	movs	r3, #208	@ 0xd0
1000473a:	b510      	push	{r4, lr}
1000473c:	061b      	lsls	r3, r3, #24
1000473e:	b084      	sub	sp, #16
10004740:	681c      	ldr	r4, [r3, #0]
10004742:	f7fc fb35 	bl	10000db0 <alarm_pool_get_default>
10004746:	f7fc fc31 	bl	10000fac <alarm_pool_core_num>
1000474a:	42a0      	cmp	r0, r4
1000474c:	d002      	beq.n	10004754 <stdio_usb_init+0x1c>
1000474e:	2000      	movs	r0, #0
10004750:	b004      	add	sp, #16
10004752:	bd10      	pop	{r4, pc}
10004754:	4b29      	ldr	r3, [pc, #164]	@ (100047fc <stdio_usb_init+0xc4>)
10004756:	2100      	movs	r1, #0
10004758:	2000      	movs	r0, #0
1000475a:	781b      	ldrb	r3, [r3, #0]
1000475c:	f001 fd5e 	bl	1000621c <tusb_rhport_init>
10004760:	4827      	ldr	r0, [pc, #156]	@ (10004800 <stdio_usb_init+0xc8>)
10004762:	6803      	ldr	r3, [r0, #0]
10004764:	2b00      	cmp	r3, #0
10004766:	d045      	beq.n	100047f4 <stdio_usb_init+0xbc>
10004768:	2001      	movs	r0, #1
1000476a:	f7fc f8af 	bl	100008cc <user_irq_claim_unused>
1000476e:	23ff      	movs	r3, #255	@ 0xff
10004770:	4c24      	ldr	r4, [pc, #144]	@ (10004804 <stdio_usb_init+0xcc>)
10004772:	4925      	ldr	r1, [pc, #148]	@ (10004808 <stdio_usb_init+0xd0>)
10004774:	7020      	strb	r0, [r4, #0]
10004776:	4018      	ands	r0, r3
10004778:	f7fb ff2a 	bl	100005d0 <irq_set_exclusive_handler>
1000477c:	7820      	ldrb	r0, [r4, #0]
1000477e:	2101      	movs	r1, #1
10004780:	f7fb feee 	bl	10000560 <irq_set_enabled>
10004784:	2005      	movs	r0, #5
10004786:	f7fb ff11 	bl	100005ac <irq_has_shared_handler>
1000478a:	2800      	cmp	r0, #0
1000478c:	d124      	bne.n	100047d8 <stdio_usb_init+0xa0>
1000478e:	2208      	movs	r2, #8
10004790:	2100      	movs	r1, #0
10004792:	481e      	ldr	r0, [pc, #120]	@ (1000480c <stdio_usb_init+0xd4>)
10004794:	f7fd ff12 	bl	100025bc <__wrap_memset>
10004798:	f7fc fb0a 	bl	10000db0 <alarm_pool_get_default>
1000479c:	0004      	movs	r4, r0
1000479e:	f7fc fd1d 	bl	100011dc <time_us_64>
100047a2:	22fa      	movs	r2, #250	@ 0xfa
100047a4:	2300      	movs	r3, #0
100047a6:	0092      	lsls	r2, r2, #2
100047a8:	1812      	adds	r2, r2, r0
100047aa:	414b      	adcs	r3, r1
100047ac:	2b00      	cmp	r3, #0
100047ae:	da02      	bge.n	100047b6 <stdio_usb_init+0x7e>
100047b0:	2201      	movs	r2, #1
100047b2:	4b17      	ldr	r3, [pc, #92]	@ (10004810 <stdio_usb_init+0xd8>)
100047b4:	4252      	negs	r2, r2
100047b6:	2101      	movs	r1, #1
100047b8:	9102      	str	r1, [sp, #8]
100047ba:	2100      	movs	r1, #0
100047bc:	9101      	str	r1, [sp, #4]
100047be:	4915      	ldr	r1, [pc, #84]	@ (10004814 <stdio_usb_init+0xdc>)
100047c0:	0020      	movs	r0, r4
100047c2:	9100      	str	r1, [sp, #0]
100047c4:	f7fc faf8 	bl	10000db8 <alarm_pool_add_alarm_at>
100047c8:	2800      	cmp	r0, #0
100047ca:	dbc0      	blt.n	1000474e <stdio_usb_init+0x16>
100047cc:	4812      	ldr	r0, [pc, #72]	@ (10004818 <stdio_usb_init+0xe0>)
100047ce:	2101      	movs	r1, #1
100047d0:	f7ff fca6 	bl	10004120 <stdio_set_driver_enabled>
100047d4:	2001      	movs	r0, #1
100047d6:	e7bb      	b.n	10004750 <stdio_usb_init+0x18>
100047d8:	2001      	movs	r0, #1
100047da:	f7fb fe8f 	bl	100004fc <spin_lock_claim_unused>
100047de:	4b0b      	ldr	r3, [pc, #44]	@ (1000480c <stdio_usb_init+0xd4>)
100047e0:	0001      	movs	r1, r0
100047e2:	0018      	movs	r0, r3
100047e4:	f7fc f8d4 	bl	10000990 <critical_section_init_with_lock_num>
100047e8:	2200      	movs	r2, #0
100047ea:	2005      	movs	r0, #5
100047ec:	490b      	ldr	r1, [pc, #44]	@ (1000481c <stdio_usb_init+0xe4>)
100047ee:	f7fb ff19 	bl	10000624 <irq_add_shared_handler>
100047f2:	e7eb      	b.n	100047cc <stdio_usb_init+0x94>
100047f4:	f7fc f8b0 	bl	10000958 <mutex_init>
100047f8:	e7b6      	b.n	10004768 <stdio_usb_init+0x30>
100047fa:	46c0      	nop			@ (mov r8, r8)
100047fc:	100072dc 	.word	0x100072dc
10004800:	20001f88 	.word	0x20001f88
10004804:	20001fa7 	.word	0x20001fa7
10004808:	10004671 	.word	0x10004671
1000480c:	20001f60 	.word	0x20001f60
10004810:	7fffffff 	.word	0x7fffffff
10004814:	10004435 	.word	0x10004435
10004818:	20001070 	.word	0x20001070
1000481c:	10004425 	.word	0x10004425

10004820 <tud_descriptor_device_cb>:
10004820:	4800      	ldr	r0, [pc, #0]	@ (10004824 <tud_descriptor_device_cb+0x4>)
10004822:	4770      	bx	lr
10004824:	100071c0 	.word	0x100071c0

10004828 <tud_descriptor_configuration_cb>:
10004828:	4800      	ldr	r0, [pc, #0]	@ (1000482c <tud_descriptor_configuration_cb+0x4>)
1000482a:	4770      	bx	lr
1000482c:	1000716c 	.word	0x1000716c

10004830 <tud_descriptor_string_cb>:
10004830:	b510      	push	{r4, lr}
10004832:	0004      	movs	r4, r0
10004834:	4817      	ldr	r0, [pc, #92]	@ (10004894 <tud_descriptor_string_cb+0x64>)
10004836:	7803      	ldrb	r3, [r0, #0]
10004838:	2b00      	cmp	r3, #0
1000483a:	d020      	beq.n	1000487e <tud_descriptor_string_cb+0x4e>
1000483c:	2c00      	cmp	r4, #0
1000483e:	d106      	bne.n	1000484e <tud_descriptor_string_cb+0x1e>
10004840:	4b15      	ldr	r3, [pc, #84]	@ (10004898 <tud_descriptor_string_cb+0x68>)
10004842:	4816      	ldr	r0, [pc, #88]	@ (1000489c <tud_descriptor_string_cb+0x6c>)
10004844:	8043      	strh	r3, [r0, #2]
10004846:	3b06      	subs	r3, #6
10004848:	3bff      	subs	r3, #255	@ 0xff
1000484a:	8003      	strh	r3, [r0, #0]
1000484c:	bd10      	pop	{r4, pc}
1000484e:	2c05      	cmp	r4, #5
10004850:	d81d      	bhi.n	1000488e <tud_descriptor_string_cb+0x5e>
10004852:	4b13      	ldr	r3, [pc, #76]	@ (100048a0 <tud_descriptor_string_cb+0x70>)
10004854:	00a4      	lsls	r4, r4, #2
10004856:	58e0      	ldr	r0, [r4, r3]
10004858:	4912      	ldr	r1, [pc, #72]	@ (100048a4 <tud_descriptor_string_cb+0x74>)
1000485a:	2301      	movs	r3, #1
1000485c:	3801      	subs	r0, #1
1000485e:	e004      	b.n	1000486a <tud_descriptor_string_cb+0x3a>
10004860:	3301      	adds	r3, #1
10004862:	800a      	strh	r2, [r1, #0]
10004864:	3102      	adds	r1, #2
10004866:	2b14      	cmp	r3, #20
10004868:	d00d      	beq.n	10004886 <tud_descriptor_string_cb+0x56>
1000486a:	5cc2      	ldrb	r2, [r0, r3]
1000486c:	2a00      	cmp	r2, #0
1000486e:	d1f7      	bne.n	10004860 <tud_descriptor_string_cb+0x30>
10004870:	22c0      	movs	r2, #192	@ 0xc0
10004872:	b2db      	uxtb	r3, r3
10004874:	005b      	lsls	r3, r3, #1
10004876:	0092      	lsls	r2, r2, #2
10004878:	4808      	ldr	r0, [pc, #32]	@ (1000489c <tud_descriptor_string_cb+0x6c>)
1000487a:	4313      	orrs	r3, r2
1000487c:	e7e5      	b.n	1000484a <tud_descriptor_string_cb+0x1a>
1000487e:	2111      	movs	r1, #17
10004880:	f000 f81a 	bl	100048b8 <pico_get_unique_board_id_string>
10004884:	e7da      	b.n	1000483c <tud_descriptor_string_cb+0xc>
10004886:	23ca      	movs	r3, #202	@ 0xca
10004888:	4804      	ldr	r0, [pc, #16]	@ (1000489c <tud_descriptor_string_cb+0x6c>)
1000488a:	009b      	lsls	r3, r3, #2
1000488c:	e7dd      	b.n	1000484a <tud_descriptor_string_cb+0x1a>
1000488e:	2000      	movs	r0, #0
10004890:	e7dc      	b.n	1000484c <tud_descriptor_string_cb+0x1c>
10004892:	46c0      	nop			@ (mov r8, r8)
10004894:	20001f90 	.word	0x20001f90
10004898:	00000409 	.word	0x00000409
1000489c:	20001b08 	.word	0x20001b08
100048a0:	10007154 	.word	0x10007154
100048a4:	20001b0a 	.word	0x20001b0a

100048a8 <_retrieve_unique_id_on_boot>:
100048a8:	b510      	push	{r4, lr}
100048aa:	4802      	ldr	r0, [pc, #8]	@ (100048b4 <_retrieve_unique_id_on_boot+0xc>)
100048ac:	f000 f8d8 	bl	10004a60 <flash_get_unique_id>
100048b0:	bd10      	pop	{r4, pc}
100048b2:	46c0      	nop			@ (mov r8, r8)
100048b4:	20001f78 	.word	0x20001f78

100048b8 <pico_get_unique_board_id_string>:
100048b8:	b530      	push	{r4, r5, lr}
100048ba:	1e4b      	subs	r3, r1, #1
100048bc:	2901      	cmp	r1, #1
100048be:	d100      	bne.n	100048c2 <pico_get_unique_board_id_string+0xa>
100048c0:	e0a7      	b.n	10004a12 <pico_get_unique_board_id_string+0x15a>
100048c2:	4a66      	ldr	r2, [pc, #408]	@ (10004a5c <pico_get_unique_board_id_string+0x1a4>)
100048c4:	7811      	ldrb	r1, [r2, #0]
100048c6:	090d      	lsrs	r5, r1, #4
100048c8:	002c      	movs	r4, r5
100048ca:	3430      	adds	r4, #48	@ 0x30
100048cc:	299f      	cmp	r1, #159	@ 0x9f
100048ce:	d900      	bls.n	100048d2 <pico_get_unique_board_id_string+0x1a>
100048d0:	e0a2      	b.n	10004a18 <pico_get_unique_board_id_string+0x160>
100048d2:	7004      	strb	r4, [r0, #0]
100048d4:	2b01      	cmp	r3, #1
100048d6:	d100      	bne.n	100048da <pico_get_unique_board_id_string+0x22>
100048d8:	e0be      	b.n	10004a58 <pico_get_unique_board_id_string+0x1a0>
100048da:	210f      	movs	r1, #15
100048dc:	7814      	ldrb	r4, [r2, #0]
100048de:	4021      	ands	r1, r4
100048e0:	000c      	movs	r4, r1
100048e2:	3430      	adds	r4, #48	@ 0x30
100048e4:	2909      	cmp	r1, #9
100048e6:	d900      	bls.n	100048ea <pico_get_unique_board_id_string+0x32>
100048e8:	e098      	b.n	10004a1c <pico_get_unique_board_id_string+0x164>
100048ea:	7044      	strb	r4, [r0, #1]
100048ec:	2b02      	cmp	r3, #2
100048ee:	d100      	bne.n	100048f2 <pico_get_unique_board_id_string+0x3a>
100048f0:	e0b2      	b.n	10004a58 <pico_get_unique_board_id_string+0x1a0>
100048f2:	7854      	ldrb	r4, [r2, #1]
100048f4:	0925      	lsrs	r5, r4, #4
100048f6:	0029      	movs	r1, r5
100048f8:	3130      	adds	r1, #48	@ 0x30
100048fa:	2c9f      	cmp	r4, #159	@ 0x9f
100048fc:	d900      	bls.n	10004900 <pico_get_unique_board_id_string+0x48>
100048fe:	e090      	b.n	10004a22 <pico_get_unique_board_id_string+0x16a>
10004900:	7081      	strb	r1, [r0, #2]
10004902:	2b03      	cmp	r3, #3
10004904:	d100      	bne.n	10004908 <pico_get_unique_board_id_string+0x50>
10004906:	e0a7      	b.n	10004a58 <pico_get_unique_board_id_string+0x1a0>
10004908:	210f      	movs	r1, #15
1000490a:	4021      	ands	r1, r4
1000490c:	000c      	movs	r4, r1
1000490e:	3430      	adds	r4, #48	@ 0x30
10004910:	2909      	cmp	r1, #9
10004912:	d900      	bls.n	10004916 <pico_get_unique_board_id_string+0x5e>
10004914:	e087      	b.n	10004a26 <pico_get_unique_board_id_string+0x16e>
10004916:	70c4      	strb	r4, [r0, #3]
10004918:	2b04      	cmp	r3, #4
1000491a:	d100      	bne.n	1000491e <pico_get_unique_board_id_string+0x66>
1000491c:	e09c      	b.n	10004a58 <pico_get_unique_board_id_string+0x1a0>
1000491e:	7894      	ldrb	r4, [r2, #2]
10004920:	0925      	lsrs	r5, r4, #4
10004922:	0029      	movs	r1, r5
10004924:	3130      	adds	r1, #48	@ 0x30
10004926:	2c9f      	cmp	r4, #159	@ 0x9f
10004928:	d900      	bls.n	1000492c <pico_get_unique_board_id_string+0x74>
1000492a:	e07f      	b.n	10004a2c <pico_get_unique_board_id_string+0x174>
1000492c:	7101      	strb	r1, [r0, #4]
1000492e:	2b05      	cmp	r3, #5
10004930:	d100      	bne.n	10004934 <pico_get_unique_board_id_string+0x7c>
10004932:	e091      	b.n	10004a58 <pico_get_unique_board_id_string+0x1a0>
10004934:	210f      	movs	r1, #15
10004936:	4021      	ands	r1, r4
10004938:	000c      	movs	r4, r1
1000493a:	3430      	adds	r4, #48	@ 0x30
1000493c:	2909      	cmp	r1, #9
1000493e:	d900      	bls.n	10004942 <pico_get_unique_board_id_string+0x8a>
10004940:	e076      	b.n	10004a30 <pico_get_unique_board_id_string+0x178>
10004942:	7144      	strb	r4, [r0, #5]
10004944:	2b06      	cmp	r3, #6
10004946:	d100      	bne.n	1000494a <pico_get_unique_board_id_string+0x92>
10004948:	e086      	b.n	10004a58 <pico_get_unique_board_id_string+0x1a0>
1000494a:	78d4      	ldrb	r4, [r2, #3]
1000494c:	0925      	lsrs	r5, r4, #4
1000494e:	0029      	movs	r1, r5
10004950:	3130      	adds	r1, #48	@ 0x30
10004952:	2c9f      	cmp	r4, #159	@ 0x9f
10004954:	d900      	bls.n	10004958 <pico_get_unique_board_id_string+0xa0>
10004956:	e06e      	b.n	10004a36 <pico_get_unique_board_id_string+0x17e>
10004958:	7181      	strb	r1, [r0, #6]
1000495a:	2b07      	cmp	r3, #7
1000495c:	d100      	bne.n	10004960 <pico_get_unique_board_id_string+0xa8>
1000495e:	e07b      	b.n	10004a58 <pico_get_unique_board_id_string+0x1a0>
10004960:	210f      	movs	r1, #15
10004962:	4021      	ands	r1, r4
10004964:	000c      	movs	r4, r1
10004966:	3430      	adds	r4, #48	@ 0x30
10004968:	2909      	cmp	r1, #9
1000496a:	d866      	bhi.n	10004a3a <pico_get_unique_board_id_string+0x182>
1000496c:	71c4      	strb	r4, [r0, #7]
1000496e:	2b08      	cmp	r3, #8
10004970:	d100      	bne.n	10004974 <pico_get_unique_board_id_string+0xbc>
10004972:	e071      	b.n	10004a58 <pico_get_unique_board_id_string+0x1a0>
10004974:	7914      	ldrb	r4, [r2, #4]
10004976:	0925      	lsrs	r5, r4, #4
10004978:	0029      	movs	r1, r5
1000497a:	3130      	adds	r1, #48	@ 0x30
1000497c:	2c9f      	cmp	r4, #159	@ 0x9f
1000497e:	d85f      	bhi.n	10004a40 <pico_get_unique_board_id_string+0x188>
10004980:	7201      	strb	r1, [r0, #8]
10004982:	2b09      	cmp	r3, #9
10004984:	d068      	beq.n	10004a58 <pico_get_unique_board_id_string+0x1a0>
10004986:	210f      	movs	r1, #15
10004988:	4021      	ands	r1, r4
1000498a:	000c      	movs	r4, r1
1000498c:	3430      	adds	r4, #48	@ 0x30
1000498e:	2909      	cmp	r1, #9
10004990:	d858      	bhi.n	10004a44 <pico_get_unique_board_id_string+0x18c>
10004992:	7244      	strb	r4, [r0, #9]
10004994:	2b0a      	cmp	r3, #10
10004996:	d05f      	beq.n	10004a58 <pico_get_unique_board_id_string+0x1a0>
10004998:	7954      	ldrb	r4, [r2, #5]
1000499a:	0925      	lsrs	r5, r4, #4
1000499c:	0029      	movs	r1, r5
1000499e:	3130      	adds	r1, #48	@ 0x30
100049a0:	2c9f      	cmp	r4, #159	@ 0x9f
100049a2:	d852      	bhi.n	10004a4a <pico_get_unique_board_id_string+0x192>
100049a4:	7281      	strb	r1, [r0, #10]
100049a6:	2b0b      	cmp	r3, #11
100049a8:	d056      	beq.n	10004a58 <pico_get_unique_board_id_string+0x1a0>
100049aa:	210f      	movs	r1, #15
100049ac:	4021      	ands	r1, r4
100049ae:	000c      	movs	r4, r1
100049b0:	3430      	adds	r4, #48	@ 0x30
100049b2:	2909      	cmp	r1, #9
100049b4:	d84b      	bhi.n	10004a4e <pico_get_unique_board_id_string+0x196>
100049b6:	72c4      	strb	r4, [r0, #11]
100049b8:	2b0c      	cmp	r3, #12
100049ba:	d04d      	beq.n	10004a58 <pico_get_unique_board_id_string+0x1a0>
100049bc:	7994      	ldrb	r4, [r2, #6]
100049be:	0925      	lsrs	r5, r4, #4
100049c0:	0029      	movs	r1, r5
100049c2:	3130      	adds	r1, #48	@ 0x30
100049c4:	2c9f      	cmp	r4, #159	@ 0x9f
100049c6:	d900      	bls.n	100049ca <pico_get_unique_board_id_string+0x112>
100049c8:	3107      	adds	r1, #7
100049ca:	7301      	strb	r1, [r0, #12]
100049cc:	2b0d      	cmp	r3, #13
100049ce:	d043      	beq.n	10004a58 <pico_get_unique_board_id_string+0x1a0>
100049d0:	210f      	movs	r1, #15
100049d2:	4021      	ands	r1, r4
100049d4:	000c      	movs	r4, r1
100049d6:	3430      	adds	r4, #48	@ 0x30
100049d8:	2909      	cmp	r1, #9
100049da:	d901      	bls.n	100049e0 <pico_get_unique_board_id_string+0x128>
100049dc:	3137      	adds	r1, #55	@ 0x37
100049de:	000c      	movs	r4, r1
100049e0:	7344      	strb	r4, [r0, #13]
100049e2:	2b0e      	cmp	r3, #14
100049e4:	d038      	beq.n	10004a58 <pico_get_unique_board_id_string+0x1a0>
100049e6:	79d1      	ldrb	r1, [r2, #7]
100049e8:	090c      	lsrs	r4, r1, #4
100049ea:	0022      	movs	r2, r4
100049ec:	3230      	adds	r2, #48	@ 0x30
100049ee:	299f      	cmp	r1, #159	@ 0x9f
100049f0:	d900      	bls.n	100049f4 <pico_get_unique_board_id_string+0x13c>
100049f2:	3207      	adds	r2, #7
100049f4:	7382      	strb	r2, [r0, #14]
100049f6:	2b0f      	cmp	r3, #15
100049f8:	d02e      	beq.n	10004a58 <pico_get_unique_board_id_string+0x1a0>
100049fa:	220f      	movs	r2, #15
100049fc:	400a      	ands	r2, r1
100049fe:	0011      	movs	r1, r2
10004a00:	3137      	adds	r1, #55	@ 0x37
10004a02:	2a09      	cmp	r2, #9
10004a04:	d801      	bhi.n	10004a0a <pico_get_unique_board_id_string+0x152>
10004a06:	3230      	adds	r2, #48	@ 0x30
10004a08:	0011      	movs	r1, r2
10004a0a:	73c1      	strb	r1, [r0, #15]
10004a0c:	2b10      	cmp	r3, #16
10004a0e:	d023      	beq.n	10004a58 <pico_get_unique_board_id_string+0x1a0>
10004a10:	3010      	adds	r0, #16
10004a12:	2300      	movs	r3, #0
10004a14:	7003      	strb	r3, [r0, #0]
10004a16:	bd30      	pop	{r4, r5, pc}
10004a18:	3407      	adds	r4, #7
10004a1a:	e75a      	b.n	100048d2 <pico_get_unique_board_id_string+0x1a>
10004a1c:	3137      	adds	r1, #55	@ 0x37
10004a1e:	000c      	movs	r4, r1
10004a20:	e763      	b.n	100048ea <pico_get_unique_board_id_string+0x32>
10004a22:	3107      	adds	r1, #7
10004a24:	e76c      	b.n	10004900 <pico_get_unique_board_id_string+0x48>
10004a26:	3137      	adds	r1, #55	@ 0x37
10004a28:	000c      	movs	r4, r1
10004a2a:	e774      	b.n	10004916 <pico_get_unique_board_id_string+0x5e>
10004a2c:	3107      	adds	r1, #7
10004a2e:	e77d      	b.n	1000492c <pico_get_unique_board_id_string+0x74>
10004a30:	3137      	adds	r1, #55	@ 0x37
10004a32:	000c      	movs	r4, r1
10004a34:	e785      	b.n	10004942 <pico_get_unique_board_id_string+0x8a>
10004a36:	3107      	adds	r1, #7
10004a38:	e78e      	b.n	10004958 <pico_get_unique_board_id_string+0xa0>
10004a3a:	3137      	adds	r1, #55	@ 0x37
10004a3c:	000c      	movs	r4, r1
10004a3e:	e795      	b.n	1000496c <pico_get_unique_board_id_string+0xb4>
10004a40:	3107      	adds	r1, #7
10004a42:	e79d      	b.n	10004980 <pico_get_unique_board_id_string+0xc8>
10004a44:	3137      	adds	r1, #55	@ 0x37
10004a46:	000c      	movs	r4, r1
10004a48:	e7a3      	b.n	10004992 <pico_get_unique_board_id_string+0xda>
10004a4a:	3107      	adds	r1, #7
10004a4c:	e7aa      	b.n	100049a4 <pico_get_unique_board_id_string+0xec>
10004a4e:	3137      	adds	r1, #55	@ 0x37
10004a50:	000c      	movs	r4, r1
10004a52:	72c4      	strb	r4, [r0, #11]
10004a54:	2b0c      	cmp	r3, #12
10004a56:	d1b1      	bne.n	100049bc <pico_get_unique_board_id_string+0x104>
10004a58:	18c0      	adds	r0, r0, r3
10004a5a:	e7da      	b.n	10004a12 <pico_get_unique_board_id_string+0x15a>
10004a5c:	20001f78 	.word	0x20001f78

10004a60 <flash_get_unique_id>:
10004a60:	b510      	push	{r4, lr}
10004a62:	b088      	sub	sp, #32
10004a64:	0004      	movs	r4, r0
10004a66:	220d      	movs	r2, #13
10004a68:	2100      	movs	r1, #0
10004a6a:	4668      	mov	r0, sp
10004a6c:	f7fd fda6 	bl	100025bc <__wrap_memset>
10004a70:	220d      	movs	r2, #13
10004a72:	2100      	movs	r1, #0
10004a74:	a804      	add	r0, sp, #16
10004a76:	f7fd fda1 	bl	100025bc <__wrap_memset>
10004a7a:	234b      	movs	r3, #75	@ 0x4b
10004a7c:	466a      	mov	r2, sp
10004a7e:	4668      	mov	r0, sp
10004a80:	7013      	strb	r3, [r2, #0]
10004a82:	a904      	add	r1, sp, #16
10004a84:	220d      	movs	r2, #13
10004a86:	f002 f847 	bl	10006b18 <__flash_do_cmd_veneer>
10004a8a:	2115      	movs	r1, #21
10004a8c:	2208      	movs	r2, #8
10004a8e:	0020      	movs	r0, r4
10004a90:	4469      	add	r1, sp
10004a92:	f7fd fd99 	bl	100025c8 <__wrap___aeabi_memcpy>
10004a96:	b008      	add	sp, #32
10004a98:	bd10      	pop	{r4, pc}
10004a9a:	46c0      	nop			@ (mov r8, r8)

10004a9c <dcd_init>:
10004a9c:	b5f8      	push	{r3, r4, r5, r6, r7, lr}
10004a9e:	f000 f947 	bl	10004d30 <rp2040_usb_init>
10004aa2:	230c      	movs	r3, #12
10004aa4:	4d19      	ldr	r5, [pc, #100]	@ (10004b0c <dcd_init+0x70>)
10004aa6:	22ff      	movs	r2, #255	@ 0xff
10004aa8:	67ab      	str	r3, [r5, #120]	@ 0x78
10004aaa:	2005      	movs	r0, #5
10004aac:	4918      	ldr	r1, [pc, #96]	@ (10004b10 <dcd_init+0x74>)
10004aae:	f7fb fdb9 	bl	10000624 <irq_add_shared_handler>
10004ab2:	4c18      	ldr	r4, [pc, #96]	@ (10004b14 <dcd_init+0x78>)
10004ab4:	2240      	movs	r2, #64	@ 0x40
10004ab6:	2100      	movs	r1, #0
10004ab8:	0020      	movs	r0, r4
10004aba:	f7fd fd7f 	bl	100025bc <__wrap_memset>
10004abe:	2740      	movs	r7, #64	@ 0x40
10004ac0:	2300      	movs	r3, #0
10004ac2:	2601      	movs	r6, #1
10004ac4:	2121      	movs	r1, #33	@ 0x21
10004ac6:	4a14      	ldr	r2, [pc, #80]	@ (10004b18 <dcd_init+0x7c>)
10004ac8:	7066      	strb	r6, [r4, #1]
10004aca:	8327      	strh	r7, [r4, #24]
10004acc:	60a2      	str	r2, [r4, #8]
10004ace:	6013      	str	r3, [r2, #0]
10004ad0:	5463      	strb	r3, [r4, r1]
10004ad2:	315f      	adds	r1, #95	@ 0x5f
10004ad4:	8461      	strh	r1, [r4, #34]	@ 0x22
10004ad6:	3945      	subs	r1, #69	@ 0x45
10004ad8:	5463      	strb	r3, [r4, r1]
10004ada:	4a10      	ldr	r2, [pc, #64]	@ (10004b1c <dcd_init+0x80>)
10004adc:	4910      	ldr	r1, [pc, #64]	@ (10004b20 <dcd_init+0x84>)
10004ade:	6063      	str	r3, [r4, #4]
10004ae0:	60e2      	str	r2, [r4, #12]
10004ae2:	8727      	strh	r7, [r4, #56]	@ 0x38
10004ae4:	62a1      	str	r1, [r4, #40]	@ 0x28
10004ae6:	600b      	str	r3, [r1, #0]
10004ae8:	6263      	str	r3, [r4, #36]	@ 0x24
10004aea:	62e2      	str	r2, [r4, #44]	@ 0x2c
10004aec:	f002 f84c 	bl	10006b88 <__reset_non_control_endpoints_veneer>
10004af0:	2380      	movs	r3, #128	@ 0x80
10004af2:	059b      	lsls	r3, r3, #22
10004af4:	642e      	str	r6, [r5, #64]	@ 0x40
10004af6:	64eb      	str	r3, [r5, #76]	@ 0x4c
10004af8:	2390      	movs	r3, #144	@ 0x90
10004afa:	4a0a      	ldr	r2, [pc, #40]	@ (10004b24 <dcd_init+0x88>)
10004afc:	2001      	movs	r0, #1
10004afe:	50ea      	str	r2, [r5, r3]
10004b00:	2280      	movs	r2, #128	@ 0x80
10004b02:	4b09      	ldr	r3, [pc, #36]	@ (10004b28 <dcd_init+0x8c>)
10004b04:	0252      	lsls	r2, r2, #9
10004b06:	64da      	str	r2, [r3, #76]	@ 0x4c
10004b08:	bdf8      	pop	{r3, r4, r5, r6, r7, pc}
10004b0a:	46c0      	nop			@ (mov r8, r8)
10004b0c:	50110000 	.word	0x50110000
10004b10:	20000545 	.word	0x20000545
10004b14:	20001b3c 	.word	0x20001b3c
10004b18:	50100084 	.word	0x50100084
10004b1c:	50100100 	.word	0x50100100
10004b20:	50100080 	.word	0x50100080
10004b24:	0001d010 	.word	0x0001d010
10004b28:	50112000 	.word	0x50112000

10004b2c <dcd_int_enable>:
10004b2c:	b510      	push	{r4, lr}
10004b2e:	2101      	movs	r1, #1
10004b30:	2005      	movs	r0, #5
10004b32:	f7fb fd15 	bl	10000560 <irq_set_enabled>
10004b36:	bd10      	pop	{r4, pc}

10004b38 <dcd_set_address>:
10004b38:	b510      	push	{r4, lr}
10004b3a:	2200      	movs	r2, #0
10004b3c:	2100      	movs	r1, #0
10004b3e:	4802      	ldr	r0, [pc, #8]	@ (10004b48 <dcd_set_address+0x10>)
10004b40:	f000 f916 	bl	10004d70 <hw_endpoint_xfer_start>
10004b44:	bd10      	pop	{r4, pc}
10004b46:	46c0      	nop			@ (mov r8, r8)
10004b48:	20001b5c 	.word	0x20001b5c

10004b4c <dcd_sof_enable>:
10004b4c:	4b04      	ldr	r3, [pc, #16]	@ (10004b60 <dcd_sof_enable+0x14>)
10004b4e:	7019      	strb	r1, [r3, #0]
10004b50:	2900      	cmp	r1, #0
10004b52:	d004      	beq.n	10004b5e <dcd_sof_enable+0x12>
10004b54:	2180      	movs	r1, #128	@ 0x80
10004b56:	2390      	movs	r3, #144	@ 0x90
10004b58:	4a02      	ldr	r2, [pc, #8]	@ (10004b64 <dcd_sof_enable+0x18>)
10004b5a:	0289      	lsls	r1, r1, #10
10004b5c:	50d1      	str	r1, [r2, r3]
10004b5e:	4770      	bx	lr
10004b60:	20001fa2 	.word	0x20001fa2
10004b64:	50112000 	.word	0x50112000

10004b68 <dcd_edpt0_status_complete>:
10004b68:	780b      	ldrb	r3, [r1, #0]
10004b6a:	065b      	lsls	r3, r3, #25
10004b6c:	d102      	bne.n	10004b74 <dcd_edpt0_status_complete+0xc>
10004b6e:	784b      	ldrb	r3, [r1, #1]
10004b70:	2b05      	cmp	r3, #5
10004b72:	d000      	beq.n	10004b76 <dcd_edpt0_status_complete+0xe>
10004b74:	4770      	bx	lr
10004b76:	788a      	ldrb	r2, [r1, #2]
10004b78:	4b01      	ldr	r3, [pc, #4]	@ (10004b80 <dcd_edpt0_status_complete+0x18>)
10004b7a:	601a      	str	r2, [r3, #0]
10004b7c:	e7fa      	b.n	10004b74 <dcd_edpt0_status_complete+0xc>
10004b7e:	46c0      	nop			@ (mov r8, r8)
10004b80:	50110000 	.word	0x50110000

10004b84 <dcd_edpt_open>:
10004b84:	b5f0      	push	{r4, r5, r6, r7, lr}
10004b86:	46c6      	mov	lr, r8
10004b88:	78c8      	ldrb	r0, [r1, #3]
10004b8a:	b500      	push	{lr}
10004b8c:	0780      	lsls	r0, r0, #30
10004b8e:	0f83      	lsrs	r3, r0, #30
10004b90:	0018      	movs	r0, r3
10004b92:	2b01      	cmp	r3, #1
10004b94:	d060      	beq.n	10004c58 <dcd_edpt_open+0xd4>
10004b96:	788f      	ldrb	r7, [r1, #2]
10004b98:	790a      	ldrb	r2, [r1, #4]
10004b9a:	794b      	ldrb	r3, [r1, #5]
10004b9c:	217f      	movs	r1, #127	@ 0x7f
10004b9e:	4039      	ands	r1, r7
10004ba0:	09fc      	lsrs	r4, r7, #7
10004ba2:	021b      	lsls	r3, r3, #8
10004ba4:	004e      	lsls	r6, r1, #1
10004ba6:	4313      	orrs	r3, r2
10004ba8:	4d33      	ldr	r5, [pc, #204]	@ (10004c78 <dcd_edpt_open+0xf4>)
10004baa:	1932      	adds	r2, r6, r4
10004bac:	0152      	lsls	r2, r2, #5
10004bae:	18aa      	adds	r2, r5, r2
10004bb0:	7097      	strb	r7, [r2, #2]
10004bb2:	2701      	movs	r7, #1
10004bb4:	4067      	eors	r7, r4
10004bb6:	7057      	strb	r7, [r2, #1]
10004bb8:	2700      	movs	r7, #0
10004bba:	055b      	lsls	r3, r3, #21
10004bbc:	0d5b      	lsrs	r3, r3, #21
10004bbe:	70d7      	strb	r7, [r2, #3]
10004bc0:	8313      	strh	r3, [r2, #24]
10004bc2:	76d0      	strb	r0, [r2, #27]
10004bc4:	46b8      	mov	r8, r7
10004bc6:	00ca      	lsls	r2, r1, #3
10004bc8:	2c01      	cmp	r4, #1
10004bca:	d032      	beq.n	10004c32 <dcd_edpt_open+0xae>
10004bcc:	4f2b      	ldr	r7, [pc, #172]	@ (10004c7c <dcd_edpt_open+0xf8>)
10004bce:	46bc      	mov	ip, r7
10004bd0:	018f      	lsls	r7, r1, #6
10004bd2:	4462      	add	r2, ip
10004bd4:	46bc      	mov	ip, r7
10004bd6:	44ac      	add	ip, r5
10004bd8:	4667      	mov	r7, ip
10004bda:	60ba      	str	r2, [r7, #8]
10004bdc:	4647      	mov	r7, r8
10004bde:	6017      	str	r7, [r2, #0]
10004be0:	2900      	cmp	r1, #0
10004be2:	d032      	beq.n	10004c4a <dcd_edpt_open+0xc6>
10004be4:	4a26      	ldr	r2, [pc, #152]	@ (10004c80 <dcd_edpt_open+0xfc>)
10004be6:	00c9      	lsls	r1, r1, #3
10004be8:	4690      	mov	r8, r2
10004bea:	4662      	mov	r2, ip
10004bec:	4441      	add	r1, r8
10004bee:	6051      	str	r1, [r2, #4]
10004bf0:	223f      	movs	r2, #63	@ 0x3f
10004bf2:	333f      	adds	r3, #63	@ 0x3f
10004bf4:	4393      	bics	r3, r2
10004bf6:	2802      	cmp	r0, #2
10004bf8:	d037      	beq.n	10004c6a <dcd_edpt_open+0xe6>
10004bfa:	4922      	ldr	r1, [pc, #136]	@ (10004c84 <dcd_edpt_open+0x100>)
10004bfc:	1937      	adds	r7, r6, r4
10004bfe:	680a      	ldr	r2, [r1, #0]
10004c00:	017f      	lsls	r7, r7, #5
10004c02:	18d3      	adds	r3, r2, r3
10004c04:	600b      	str	r3, [r1, #0]
10004c06:	4920      	ldr	r1, [pc, #128]	@ (10004c88 <dcd_edpt_open+0x104>)
10004c08:	19ef      	adds	r7, r5, r7
10004c0a:	60fa      	str	r2, [r7, #12]
10004c0c:	428b      	cmp	r3, r1
10004c0e:	d82e      	bhi.n	10004c6e <dcd_edpt_open+0xea>
10004c10:	1936      	adds	r6, r6, r4
10004c12:	0176      	lsls	r6, r6, #5
10004c14:	19ad      	adds	r5, r5, r6
10004c16:	7eeb      	ldrb	r3, [r5, #27]
10004c18:	491c      	ldr	r1, [pc, #112]	@ (10004c8c <dcd_edpt_open+0x108>)
10004c1a:	069b      	lsls	r3, r3, #26
10004c1c:	404a      	eors	r2, r1
10004c1e:	4313      	orrs	r3, r2
10004c20:	2280      	movs	r2, #128	@ 0x80
10004c22:	0612      	lsls	r2, r2, #24
10004c24:	4313      	orrs	r3, r2
10004c26:	686a      	ldr	r2, [r5, #4]
10004c28:	6013      	str	r3, [r2, #0]
10004c2a:	2001      	movs	r0, #1
10004c2c:	bc80      	pop	{r7}
10004c2e:	46b8      	mov	r8, r7
10004c30:	bdf0      	pop	{r4, r5, r6, r7, pc}
10004c32:	4f17      	ldr	r7, [pc, #92]	@ (10004c90 <dcd_edpt_open+0x10c>)
10004c34:	46bc      	mov	ip, r7
10004c36:	018f      	lsls	r7, r1, #6
10004c38:	4462      	add	r2, ip
10004c3a:	46bc      	mov	ip, r7
10004c3c:	44ac      	add	ip, r5
10004c3e:	4667      	mov	r7, ip
10004c40:	62ba      	str	r2, [r7, #40]	@ 0x28
10004c42:	4647      	mov	r7, r8
10004c44:	6017      	str	r7, [r2, #0]
10004c46:	2900      	cmp	r1, #0
10004c48:	d108      	bne.n	10004c5c <dcd_edpt_open+0xd8>
10004c4a:	2300      	movs	r3, #0
10004c4c:	0164      	lsls	r4, r4, #5
10004c4e:	192c      	adds	r4, r5, r4
10004c50:	6063      	str	r3, [r4, #4]
10004c52:	4b10      	ldr	r3, [pc, #64]	@ (10004c94 <dcd_edpt_open+0x110>)
10004c54:	60e3      	str	r3, [r4, #12]
10004c56:	e7e8      	b.n	10004c2a <dcd_edpt_open+0xa6>
10004c58:	2000      	movs	r0, #0
10004c5a:	e7e7      	b.n	10004c2c <dcd_edpt_open+0xa8>
10004c5c:	4a0b      	ldr	r2, [pc, #44]	@ (10004c8c <dcd_edpt_open+0x108>)
10004c5e:	00c9      	lsls	r1, r1, #3
10004c60:	4690      	mov	r8, r2
10004c62:	4662      	mov	r2, ip
10004c64:	4441      	add	r1, r8
10004c66:	6251      	str	r1, [r2, #36]	@ 0x24
10004c68:	e7c2      	b.n	10004bf0 <dcd_edpt_open+0x6c>
10004c6a:	005b      	lsls	r3, r3, #1
10004c6c:	e7c5      	b.n	10004bfa <dcd_edpt_open+0x76>
10004c6e:	f7fc fcc5 	bl	100015fc <hard_assertion_failure>
10004c72:	68fa      	ldr	r2, [r7, #12]
10004c74:	e7cc      	b.n	10004c10 <dcd_edpt_open+0x8c>
10004c76:	46c0      	nop			@ (mov r8, r8)
10004c78:	20001b3c 	.word	0x20001b3c
10004c7c:	50100084 	.word	0x50100084
10004c80:	50100004 	.word	0x50100004
10004c84:	20001f44 	.word	0x20001f44
10004c88:	50100fff 	.word	0x50100fff
10004c8c:	50100000 	.word	0x50100000
10004c90:	50100080 	.word	0x50100080
10004c94:	50100100 	.word	0x50100100

10004c98 <dcd_edpt_close_all>:
10004c98:	b510      	push	{r4, lr}
10004c9a:	f001 ff75 	bl	10006b88 <__reset_non_control_endpoints_veneer>
10004c9e:	bd10      	pop	{r4, pc}

10004ca0 <dcd_edpt_xfer>:
10004ca0:	b510      	push	{r4, lr}
10004ca2:	207f      	movs	r0, #127	@ 0x7f
10004ca4:	000c      	movs	r4, r1
10004ca6:	4020      	ands	r0, r4
10004ca8:	0040      	lsls	r0, r0, #1
10004caa:	09e4      	lsrs	r4, r4, #7
10004cac:	0011      	movs	r1, r2
10004cae:	1900      	adds	r0, r0, r4
10004cb0:	001a      	movs	r2, r3
10004cb2:	4b03      	ldr	r3, [pc, #12]	@ (10004cc0 <dcd_edpt_xfer+0x20>)
10004cb4:	0140      	lsls	r0, r0, #5
10004cb6:	18c0      	adds	r0, r0, r3
10004cb8:	f000 f85a 	bl	10004d70 <hw_endpoint_xfer_start>
10004cbc:	2001      	movs	r0, #1
10004cbe:	bd10      	pop	{r4, pc}
10004cc0:	20001b3c 	.word	0x20001b3c

10004cc4 <dcd_edpt_stall>:
10004cc4:	237f      	movs	r3, #127	@ 0x7f
10004cc6:	0018      	movs	r0, r3
10004cc8:	b500      	push	{lr}
10004cca:	4008      	ands	r0, r1
10004ccc:	b083      	sub	sp, #12
10004cce:	420b      	tst	r3, r1
10004cd0:	d104      	bne.n	10004cdc <dcd_edpt_stall+0x18>
10004cd2:	424b      	negs	r3, r1
10004cd4:	414b      	adcs	r3, r1
10004cd6:	4a08      	ldr	r2, [pc, #32]	@ (10004cf8 <dcd_edpt_stall+0x34>)
10004cd8:	3301      	adds	r3, #1
10004cda:	6693      	str	r3, [r2, #104]	@ 0x68
10004cdc:	2280      	movs	r2, #128	@ 0x80
10004cde:	09c9      	lsrs	r1, r1, #7
10004ce0:	0040      	lsls	r0, r0, #1
10004ce2:	4b06      	ldr	r3, [pc, #24]	@ (10004cfc <dcd_edpt_stall+0x38>)
10004ce4:	1840      	adds	r0, r0, r1
10004ce6:	0140      	lsls	r0, r0, #5
10004ce8:	2100      	movs	r1, #0
10004cea:	18c0      	adds	r0, r0, r3
10004cec:	0112      	lsls	r2, r2, #4
10004cee:	f001 ff6b 	bl	10006bc8 <___hw_endpoint_buffer_control_update32_veneer>
10004cf2:	b003      	add	sp, #12
10004cf4:	bd00      	pop	{pc}
10004cf6:	46c0      	nop			@ (mov r8, r8)
10004cf8:	50112000 	.word	0x50112000
10004cfc:	20001b3c 	.word	0x20001b3c

10004d00 <dcd_edpt_clear_stall>:
10004d00:	227f      	movs	r2, #127	@ 0x7f
10004d02:	0013      	movs	r3, r2
10004d04:	b510      	push	{r4, lr}
10004d06:	400b      	ands	r3, r1
10004d08:	420a      	tst	r2, r1
10004d0a:	d100      	bne.n	10004d0e <dcd_edpt_clear_stall+0xe>
10004d0c:	bd10      	pop	{r4, pc}
10004d0e:	09c9      	lsrs	r1, r1, #7
10004d10:	005b      	lsls	r3, r3, #1
10004d12:	185b      	adds	r3, r3, r1
10004d14:	4804      	ldr	r0, [pc, #16]	@ (10004d28 <dcd_edpt_clear_stall+0x28>)
10004d16:	015b      	lsls	r3, r3, #5
10004d18:	18c0      	adds	r0, r0, r3
10004d1a:	2300      	movs	r3, #0
10004d1c:	2200      	movs	r2, #0
10004d1e:	4903      	ldr	r1, [pc, #12]	@ (10004d2c <dcd_edpt_clear_stall+0x2c>)
10004d20:	70c3      	strb	r3, [r0, #3]
10004d22:	f001 ff51 	bl	10006bc8 <___hw_endpoint_buffer_control_update32_veneer>
10004d26:	e7f1      	b.n	10004d0c <dcd_edpt_clear_stall+0xc>
10004d28:	20001b3c 	.word	0x20001b3c
10004d2c:	fffff7ff 	.word	0xfffff7ff

10004d30 <rp2040_usb_init>:
10004d30:	2280      	movs	r2, #128	@ 0x80
10004d32:	4b0a      	ldr	r3, [pc, #40]	@ (10004d5c <rp2040_usb_init+0x2c>)
10004d34:	0452      	lsls	r2, r2, #17
10004d36:	b510      	push	{r4, lr}
10004d38:	601a      	str	r2, [r3, #0]
10004d3a:	4b09      	ldr	r3, [pc, #36]	@ (10004d60 <rp2040_usb_init+0x30>)
10004d3c:	4909      	ldr	r1, [pc, #36]	@ (10004d64 <rp2040_usb_init+0x34>)
10004d3e:	601a      	str	r2, [r3, #0]
10004d40:	0010      	movs	r0, r2
10004d42:	680b      	ldr	r3, [r1, #0]
10004d44:	4398      	bics	r0, r3
10004d46:	d1fb      	bne.n	10004d40 <rp2040_usb_init+0x10>
10004d48:	2280      	movs	r2, #128	@ 0x80
10004d4a:	2100      	movs	r1, #0
10004d4c:	0152      	lsls	r2, r2, #5
10004d4e:	4806      	ldr	r0, [pc, #24]	@ (10004d68 <rp2040_usb_init+0x38>)
10004d50:	f7fd fc34 	bl	100025bc <__wrap_memset>
10004d54:	2209      	movs	r2, #9
10004d56:	4b05      	ldr	r3, [pc, #20]	@ (10004d6c <rp2040_usb_init+0x3c>)
10004d58:	675a      	str	r2, [r3, #116]	@ 0x74
10004d5a:	bd10      	pop	{r4, pc}
10004d5c:	4000e000 	.word	0x4000e000
10004d60:	4000f000 	.word	0x4000f000
10004d64:	4000c008 	.word	0x4000c008
10004d68:	50100000 	.word	0x50100000
10004d6c:	50110000 	.word	0x50110000

10004d70 <hw_endpoint_xfer_start>:
10004d70:	2300      	movs	r3, #0
10004d72:	b510      	push	{r4, lr}
10004d74:	82c3      	strh	r3, [r0, #22]
10004d76:	3301      	adds	r3, #1
10004d78:	8282      	strh	r2, [r0, #20]
10004d7a:	7683      	strb	r3, [r0, #26]
10004d7c:	6101      	str	r1, [r0, #16]
10004d7e:	0004      	movs	r4, r0
10004d80:	f001 ff0a 	bl	10006b98 <__e15_is_bulkin_ep_veneer>
10004d84:	2800      	cmp	r0, #0
10004d86:	d004      	beq.n	10004d92 <hw_endpoint_xfer_start+0x22>
10004d88:	2180      	movs	r1, #128	@ 0x80
10004d8a:	2390      	movs	r3, #144	@ 0x90
10004d8c:	4a07      	ldr	r2, [pc, #28]	@ (10004dac <hw_endpoint_xfer_start+0x3c>)
10004d8e:	0289      	lsls	r1, r1, #10
10004d90:	50d1      	str	r1, [r2, r3]
10004d92:	0020      	movs	r0, r4
10004d94:	f001 fed8 	bl	10006b48 <__e15_is_critical_frame_period_veneer>
10004d98:	2800      	cmp	r0, #0
10004d9a:	d002      	beq.n	10004da2 <hw_endpoint_xfer_start+0x32>
10004d9c:	2301      	movs	r3, #1
10004d9e:	7723      	strb	r3, [r4, #28]
10004da0:	bd10      	pop	{r4, pc}
10004da2:	0020      	movs	r0, r4
10004da4:	f001 ff08 	bl	10006bb8 <__hw_endpoint_start_next_buffer_veneer>
10004da8:	e7fa      	b.n	10004da0 <hw_endpoint_xfer_start+0x30>
10004daa:	46c0      	nop			@ (mov r8, r8)
10004dac:	50112000 	.word	0x50112000

10004db0 <tud_event_hook_cb>:
10004db0:	4770      	bx	lr
10004db2:	46c0      	nop			@ (mov r8, r8)

10004db4 <tud_sof_cb>:
10004db4:	4770      	bx	lr
10004db6:	46c0      	nop			@ (mov r8, r8)

10004db8 <tud_descriptor_device_qualifier_cb>:
10004db8:	2000      	movs	r0, #0
10004dba:	4770      	bx	lr

10004dbc <tud_descriptor_other_speed_configuration_cb>:
10004dbc:	2000      	movs	r0, #0
10004dbe:	4770      	bx	lr

10004dc0 <tud_mount_cb>:
10004dc0:	4770      	bx	lr
10004dc2:	46c0      	nop			@ (mov r8, r8)

10004dc4 <tud_umount_cb>:
10004dc4:	4770      	bx	lr
10004dc6:	46c0      	nop			@ (mov r8, r8)

10004dc8 <tud_suspend_cb>:
10004dc8:	4770      	bx	lr
10004dca:	46c0      	nop			@ (mov r8, r8)

10004dcc <tud_resume_cb>:
10004dcc:	4770      	bx	lr
10004dce:	46c0      	nop			@ (mov r8, r8)

10004dd0 <tud_mounted>:
10004dd0:	4b02      	ldr	r3, [pc, #8]	@ (10004ddc <tud_mounted+0xc>)
10004dd2:	7858      	ldrb	r0, [r3, #1]
10004dd4:	1e43      	subs	r3, r0, #1
10004dd6:	4198      	sbcs	r0, r3
10004dd8:	b2c0      	uxtb	r0, r0
10004dda:	4770      	bx	lr
10004ddc:	200015e8 	.word	0x200015e8

10004de0 <tud_suspended>:
10004de0:	4b02      	ldr	r3, [pc, #8]	@ (10004dec <tud_suspended+0xc>)
10004de2:	7818      	ldrb	r0, [r3, #0]
10004de4:	0740      	lsls	r0, r0, #29
10004de6:	0fc0      	lsrs	r0, r0, #31
10004de8:	4770      	bx	lr
10004dea:	46c0      	nop			@ (mov r8, r8)
10004dec:	200015e8 	.word	0x200015e8

10004df0 <tud_rhport_init>:
10004df0:	b5f0      	push	{r4, r5, r6, r7, lr}
10004df2:	46d6      	mov	lr, sl
10004df4:	464f      	mov	r7, r9
10004df6:	4646      	mov	r6, r8
10004df8:	b5c0      	push	{r6, r7, lr}
10004dfa:	4b2f      	ldr	r3, [pc, #188]	@ (10004eb8 <tud_rhport_init+0xc8>)
10004dfc:	0007      	movs	r7, r0
10004dfe:	469a      	mov	sl, r3
10004e00:	781b      	ldrb	r3, [r3, #0]
10004e02:	000e      	movs	r6, r1
10004e04:	2bff      	cmp	r3, #255	@ 0xff
10004e06:	d150      	bne.n	10004eaa <tud_rhport_init+0xba>
10004e08:	2900      	cmp	r1, #0
10004e0a:	d041      	beq.n	10004e90 <tud_rhport_init+0xa0>
10004e0c:	2100      	movs	r1, #0
10004e0e:	2254      	movs	r2, #84	@ 0x54
10004e10:	482a      	ldr	r0, [pc, #168]	@ (10004ebc <tud_rhport_init+0xcc>)
10004e12:	f7fd fbd3 	bl	100025bc <__wrap_memset>
10004e16:	2200      	movs	r2, #0
10004e18:	4c29      	ldr	r4, [pc, #164]	@ (10004ec0 <tud_rhport_init+0xd0>)
10004e1a:	4b2a      	ldr	r3, [pc, #168]	@ (10004ec4 <tud_rhport_init+0xd4>)
10004e1c:	0020      	movs	r0, r4
10004e1e:	701a      	strb	r2, [r3, #0]
10004e20:	f7fb fd9a 	bl	10000958 <mutex_init>
10004e24:	4b28      	ldr	r3, [pc, #160]	@ (10004ec8 <tud_rhport_init+0xd8>)
10004e26:	601c      	str	r4, [r3, #0]
10004e28:	4c28      	ldr	r4, [pc, #160]	@ (10004ecc <tud_rhport_init+0xdc>)
10004e2a:	0020      	movs	r0, r4
10004e2c:	3c14      	subs	r4, #20
10004e2e:	f7fb fda1 	bl	10000974 <critical_section_init>
10004e32:	0020      	movs	r0, r4
10004e34:	f001 fdfa 	bl	10006a2c <tu_fifo_clear>
10004e38:	4b25      	ldr	r3, [pc, #148]	@ (10004ed0 <tud_rhport_init+0xe0>)
10004e3a:	4d26      	ldr	r5, [pc, #152]	@ (10004ed4 <tud_rhport_init+0xe4>)
10004e3c:	601c      	str	r4, [r3, #0]
10004e3e:	4b26      	ldr	r3, [pc, #152]	@ (10004ed8 <tud_rhport_init+0xe8>)
10004e40:	2b00      	cmp	r3, #0
10004e42:	d004      	beq.n	10004e4e <tud_rhport_init+0x5e>
10004e44:	0028      	movs	r0, r5
10004e46:	f7ff fac7 	bl	100043d8 <usbd_app_driver_get_cb>
10004e4a:	4b24      	ldr	r3, [pc, #144]	@ (10004edc <tud_rhport_init+0xec>)
10004e4c:	6018      	str	r0, [r3, #0]
10004e4e:	4924      	ldr	r1, [pc, #144]	@ (10004ee0 <tud_rhport_init+0xf0>)
10004e50:	2400      	movs	r4, #0
10004e52:	4689      	mov	r9, r1
10004e54:	4921      	ldr	r1, [pc, #132]	@ (10004edc <tud_rhport_init+0xec>)
10004e56:	2300      	movs	r3, #0
10004e58:	4688      	mov	r8, r1
10004e5a:	782a      	ldrb	r2, [r5, #0]
10004e5c:	e010      	b.n	10004e80 <tud_rhport_init+0x90>
10004e5e:	4643      	mov	r3, r8
10004e60:	681b      	ldr	r3, [r3, #0]
10004e62:	0162      	lsls	r2, r4, #5
10004e64:	189b      	adds	r3, r3, r2
10004e66:	2b00      	cmp	r3, #0
10004e68:	d012      	beq.n	10004e90 <tud_rhport_init+0xa0>
10004e6a:	685b      	ldr	r3, [r3, #4]
10004e6c:	2b00      	cmp	r3, #0
10004e6e:	d00f      	beq.n	10004e90 <tud_rhport_init+0xa0>
10004e70:	4798      	blx	r3
10004e72:	782a      	ldrb	r2, [r5, #0]
10004e74:	3401      	adds	r4, #1
10004e76:	b2e4      	uxtb	r4, r4
10004e78:	1c51      	adds	r1, r2, #1
10004e7a:	0023      	movs	r3, r4
10004e7c:	42a1      	cmp	r1, r4
10004e7e:	db09      	blt.n	10004e94 <tud_rhport_init+0xa4>
10004e80:	42a2      	cmp	r2, r4
10004e82:	d8ec      	bhi.n	10004e5e <tud_rhport_init+0x6e>
10004e84:	1a9b      	subs	r3, r3, r2
10004e86:	015b      	lsls	r3, r3, #5
10004e88:	444b      	add	r3, r9
10004e8a:	685b      	ldr	r3, [r3, #4]
10004e8c:	2b00      	cmp	r3, #0
10004e8e:	d1ef      	bne.n	10004e70 <tud_rhport_init+0x80>
10004e90:	2000      	movs	r0, #0
10004e92:	e00b      	b.n	10004eac <tud_rhport_init+0xbc>
10004e94:	4653      	mov	r3, sl
10004e96:	0031      	movs	r1, r6
10004e98:	0038      	movs	r0, r7
10004e9a:	701f      	strb	r7, [r3, #0]
10004e9c:	f7ff fdfe 	bl	10004a9c <dcd_init>
10004ea0:	2800      	cmp	r0, #0
10004ea2:	d0f5      	beq.n	10004e90 <tud_rhport_init+0xa0>
10004ea4:	0038      	movs	r0, r7
10004ea6:	f7ff fe41 	bl	10004b2c <dcd_int_enable>
10004eaa:	2001      	movs	r0, #1
10004eac:	bce0      	pop	{r5, r6, r7}
10004eae:	46ba      	mov	sl, r7
10004eb0:	46b1      	mov	r9, r6
10004eb2:	46a8      	mov	r8, r5
10004eb4:	bdf0      	pop	{r4, r5, r6, r7, pc}
10004eb6:	46c0      	nop			@ (mov r8, r8)
10004eb8:	200010a4 	.word	0x200010a4
10004ebc:	200015e8 	.word	0x200015e8
10004ec0:	200015e0 	.word	0x200015e0
10004ec4:	20001fa3 	.word	0x20001fa3
10004ec8:	2000163c 	.word	0x2000163c
10004ecc:	2000109c 	.word	0x2000109c
10004ed0:	20001640 	.word	0x20001640
10004ed4:	20001fa1 	.word	0x20001fa1
10004ed8:	100043d9 	.word	0x100043d9
10004edc:	20001438 	.word	0x20001438
10004ee0:	1000727c 	.word	0x1000727c

10004ee4 <tud_task_ext>:
10004ee4:	b5f0      	push	{r4, r5, r6, r7, lr}
10004ee6:	46de      	mov	lr, fp
10004ee8:	4657      	mov	r7, sl
10004eea:	464e      	mov	r6, r9
10004eec:	4645      	mov	r5, r8
10004eee:	b5e0      	push	{r5, r6, r7, lr}
10004ef0:	4bc8      	ldr	r3, [pc, #800]	@ (10005214 <tud_task_ext+0x330>)
10004ef2:	b091      	sub	sp, #68	@ 0x44
10004ef4:	9302      	str	r3, [sp, #8]
10004ef6:	781b      	ldrb	r3, [r3, #0]
10004ef8:	2bff      	cmp	r3, #255	@ 0xff
10004efa:	d100      	bne.n	10004efe <tud_task_ext+0x1a>
10004efc:	e13e      	b.n	1000517c <tud_task_ext+0x298>
10004efe:	4bc6      	ldr	r3, [pc, #792]	@ (10005218 <tud_task_ext+0x334>)
10004f00:	4ec6      	ldr	r6, [pc, #792]	@ (1000521c <tud_task_ext+0x338>)
10004f02:	469b      	mov	fp, r3
10004f04:	465f      	mov	r7, fp
10004f06:	4bc6      	ldr	r3, [pc, #792]	@ (10005220 <tud_task_ext+0x33c>)
10004f08:	ac0d      	add	r4, sp, #52	@ 0x34
10004f0a:	9301      	str	r3, [sp, #4]
10004f0c:	4bc5      	ldr	r3, [pc, #788]	@ (10005224 <tud_task_ext+0x340>)
10004f0e:	9300      	str	r3, [sp, #0]
10004f10:	6835      	ldr	r5, [r6, #0]
10004f12:	696a      	ldr	r2, [r5, #20]
10004f14:	f3ef 8110 	mrs	r1, PRIMASK
10004f18:	b672      	cpsid	i
10004f1a:	6813      	ldr	r3, [r2, #0]
10004f1c:	2b00      	cmp	r3, #0
10004f1e:	d0fc      	beq.n	10004f1a <tud_task_ext+0x36>
10004f20:	f3bf 8f5f 	dmb	sy
10004f24:	61a9      	str	r1, [r5, #24]
10004f26:	0028      	movs	r0, r5
10004f28:	0021      	movs	r1, r4
10004f2a:	f001 fbaf 	bl	1000668c <tu_fifo_read>
10004f2e:	696a      	ldr	r2, [r5, #20]
10004f30:	69ab      	ldr	r3, [r5, #24]
10004f32:	f3bf 8f5f 	dmb	sy
10004f36:	2100      	movs	r1, #0
10004f38:	6011      	str	r1, [r2, #0]
10004f3a:	f383 8810 	msr	PRIMASK, r3
10004f3e:	2800      	cmp	r0, #0
10004f40:	d100      	bne.n	10004f44 <tud_task_ext+0x60>
10004f42:	e11b      	b.n	1000517c <tud_task_ext+0x298>
10004f44:	7863      	ldrb	r3, [r4, #1]
10004f46:	2b08      	cmp	r3, #8
10004f48:	d8e2      	bhi.n	10004f10 <tud_task_ext+0x2c>
10004f4a:	009b      	lsls	r3, r3, #2
10004f4c:	58fb      	ldr	r3, [r7, r3]
10004f4e:	469f      	mov	pc, r3
10004f50:	6863      	ldr	r3, [r4, #4]
10004f52:	2b00      	cmp	r3, #0
10004f54:	d0dc      	beq.n	10004f10 <tud_task_ext+0x2c>
10004f56:	68a0      	ldr	r0, [r4, #8]
10004f58:	4798      	blx	r3
10004f5a:	e7d9      	b.n	10004f10 <tud_task_ext+0x2c>
10004f5c:	227f      	movs	r2, #127	@ 0x7f
10004f5e:	7921      	ldrb	r1, [r4, #4]
10004f60:	4daf      	ldr	r5, [pc, #700]	@ (10005220 <tud_task_ext+0x33c>)
10004f62:	400a      	ands	r2, r1
10004f64:	0053      	lsls	r3, r2, #1
10004f66:	18eb      	adds	r3, r5, r3
10004f68:	4698      	mov	r8, r3
10004f6a:	09c8      	lsrs	r0, r1, #7
10004f6c:	4480      	add	r8, r0
10004f6e:	4640      	mov	r0, r8
10004f70:	2301      	movs	r3, #1
10004f72:	3030      	adds	r0, #48	@ 0x30
10004f74:	7905      	ldrb	r5, [r0, #4]
10004f76:	439d      	bics	r5, r3
10004f78:	7105      	strb	r5, [r0, #4]
10004f7a:	7905      	ldrb	r5, [r0, #4]
10004f7c:	3303      	adds	r3, #3
10004f7e:	439d      	bics	r5, r3
10004f80:	7105      	strb	r5, [r0, #4]
10004f82:	2a00      	cmp	r2, #0
10004f84:	d100      	bne.n	10004f88 <tud_task_ext+0xa4>
10004f86:	e100      	b.n	1000518a <tud_task_ext+0x2a6>
10004f88:	4643      	mov	r3, r8
10004f8a:	4aa7      	ldr	r2, [pc, #668]	@ (10005228 <tud_task_ext+0x344>)
10004f8c:	7d1b      	ldrb	r3, [r3, #20]
10004f8e:	7812      	ldrb	r2, [r2, #0]
10004f90:	4293      	cmp	r3, r2
10004f92:	d300      	bcc.n	10004f96 <tud_task_ext+0xb2>
10004f94:	e0ef      	b.n	10005176 <tud_task_ext+0x292>
10004f96:	4aa5      	ldr	r2, [pc, #660]	@ (1000522c <tud_task_ext+0x348>)
10004f98:	015b      	lsls	r3, r3, #5
10004f9a:	6815      	ldr	r5, [r2, #0]
10004f9c:	18ed      	adds	r5, r5, r3
10004f9e:	2d00      	cmp	r5, #0
10004fa0:	d100      	bne.n	10004fa4 <tud_task_ext+0xc0>
10004fa2:	e0eb      	b.n	1000517c <tud_task_ext+0x298>
10004fa4:	68a3      	ldr	r3, [r4, #8]
10004fa6:	7962      	ldrb	r2, [r4, #5]
10004fa8:	7820      	ldrb	r0, [r4, #0]
10004faa:	69ad      	ldr	r5, [r5, #24]
10004fac:	47a8      	blx	r5
10004fae:	e7af      	b.n	10004f10 <tud_task_ext+0x2c>
10004fb0:	4a9f      	ldr	r2, [pc, #636]	@ (10005230 <tud_task_ext+0x34c>)
10004fb2:	7813      	ldrb	r3, [r2, #0]
10004fb4:	2b00      	cmp	r3, #0
10004fb6:	d100      	bne.n	10004fba <tud_task_ext+0xd6>
10004fb8:	e0e0      	b.n	1000517c <tud_task_ext+0x298>
10004fba:	7813      	ldrb	r3, [r2, #0]
10004fbc:	3b01      	subs	r3, #1
10004fbe:	b2db      	uxtb	r3, r3
10004fc0:	7013      	strb	r3, [r2, #0]
10004fc2:	7813      	ldrb	r3, [r2, #0]
10004fc4:	2b00      	cmp	r3, #0
10004fc6:	d1a3      	bne.n	10004f10 <tud_task_ext+0x2c>
10004fc8:	2201      	movs	r2, #1
10004fca:	4d95      	ldr	r5, [pc, #596]	@ (10005220 <tud_task_ext+0x33c>)
10004fcc:	2101      	movs	r1, #1
10004fce:	782b      	ldrb	r3, [r5, #0]
10004fd0:	2004      	movs	r0, #4
10004fd2:	4313      	orrs	r3, r2
10004fd4:	702b      	strb	r3, [r5, #0]
10004fd6:	2334      	movs	r3, #52	@ 0x34
10004fd8:	5cea      	ldrb	r2, [r5, r3]
10004fda:	438a      	bics	r2, r1
10004fdc:	54ea      	strb	r2, [r5, r3]
10004fde:	5cea      	ldrb	r2, [r5, r3]
10004fe0:	4382      	bics	r2, r0
10004fe2:	54ea      	strb	r2, [r5, r3]
10004fe4:	3301      	adds	r3, #1
10004fe6:	5cea      	ldrb	r2, [r5, r3]
10004fe8:	438a      	bics	r2, r1
10004fea:	54ea      	strb	r2, [r5, r3]
10004fec:	5cea      	ldrb	r2, [r5, r3]
10004fee:	4382      	bics	r2, r0
10004ff0:	54ea      	strb	r2, [r5, r3]
10004ff2:	7823      	ldrb	r3, [r4, #0]
10004ff4:	2000      	movs	r0, #0
10004ff6:	469b      	mov	fp, r3
10004ff8:	f000 fc9e 	bl	10005938 <usbd_control_set_complete_callback>
10004ffc:	2260      	movs	r2, #96	@ 0x60
10004ffe:	7923      	ldrb	r3, [r4, #4]
10005000:	401a      	ands	r2, r3
10005002:	2a60      	cmp	r2, #96	@ 0x60
10005004:	d100      	bne.n	10005008 <tud_task_ext+0x124>
10005006:	e0ef      	b.n	100051e8 <tud_task_ext+0x304>
10005008:	2a40      	cmp	r2, #64	@ 0x40
1000500a:	d100      	bne.n	1000500e <tud_task_ext+0x12a>
1000500c:	e0f5      	b.n	100051fa <tud_task_ext+0x316>
1000500e:	06db      	lsls	r3, r3, #27
10005010:	0edb      	lsrs	r3, r3, #27
10005012:	2b01      	cmp	r3, #1
10005014:	d100      	bne.n	10005018 <tud_task_ext+0x134>
10005016:	e113      	b.n	10005240 <tud_task_ext+0x35c>
10005018:	2b02      	cmp	r3, #2
1000501a:	d100      	bne.n	1000501e <tud_task_ext+0x13a>
1000501c:	e0c7      	b.n	100051ae <tud_task_ext+0x2ca>
1000501e:	2b00      	cmp	r3, #0
10005020:	d000      	beq.n	10005024 <tud_task_ext+0x140>
10005022:	e0e1      	b.n	100051e8 <tud_task_ext+0x304>
10005024:	2a20      	cmp	r2, #32
10005026:	d100      	bne.n	1000502a <tud_task_ext+0x146>
10005028:	e21c      	b.n	10005464 <tud_task_ext+0x580>
1000502a:	2a00      	cmp	r2, #0
1000502c:	d000      	beq.n	10005030 <tud_task_ext+0x14c>
1000502e:	e0db      	b.n	100051e8 <tud_task_ext+0x304>
10005030:	7963      	ldrb	r3, [r4, #5]
10005032:	2b09      	cmp	r3, #9
10005034:	d900      	bls.n	10005038 <tud_task_ext+0x154>
10005036:	e0d7      	b.n	100051e8 <tud_task_ext+0x304>
10005038:	4a7e      	ldr	r2, [pc, #504]	@ (10005234 <tud_task_ext+0x350>)
1000503a:	009b      	lsls	r3, r3, #2
1000503c:	58d3      	ldr	r3, [r2, r3]
1000503e:	469f      	mov	pc, r3
10005040:	4d77      	ldr	r5, [pc, #476]	@ (10005220 <tud_task_ext+0x33c>)
10005042:	782b      	ldrb	r3, [r5, #0]
10005044:	07db      	lsls	r3, r3, #31
10005046:	d400      	bmi.n	1000504a <tud_task_ext+0x166>
10005048:	e762      	b.n	10004f10 <tud_task_ext+0x2c>
1000504a:	f7ff febf 	bl	10004dcc <tud_resume_cb>
1000504e:	e75f      	b.n	10004f10 <tud_task_ext+0x2c>
10005050:	9b01      	ldr	r3, [sp, #4]
10005052:	78db      	ldrb	r3, [r3, #3]
10005054:	07db      	lsls	r3, r3, #31
10005056:	d400      	bmi.n	1000505a <tud_task_ext+0x176>
10005058:	e75a      	b.n	10004f10 <tud_task_ext+0x2c>
1000505a:	6860      	ldr	r0, [r4, #4]
1000505c:	f7ff feaa 	bl	10004db4 <tud_sof_cb>
10005060:	e756      	b.n	10004f10 <tud_task_ext+0x2c>
10005062:	4d6f      	ldr	r5, [pc, #444]	@ (10005220 <tud_task_ext+0x33c>)
10005064:	782b      	ldrb	r3, [r5, #0]
10005066:	07db      	lsls	r3, r3, #31
10005068:	d400      	bmi.n	1000506c <tud_task_ext+0x188>
1000506a:	e751      	b.n	10004f10 <tud_task_ext+0x2c>
1000506c:	7828      	ldrb	r0, [r5, #0]
1000506e:	0700      	lsls	r0, r0, #28
10005070:	0fc0      	lsrs	r0, r0, #31
10005072:	f7ff fea9 	bl	10004dc8 <tud_suspend_cb>
10005076:	e74b      	b.n	10004f10 <tud_task_ext+0x2c>
10005078:	7823      	ldrb	r3, [r4, #0]
1000507a:	496a      	ldr	r1, [pc, #424]	@ (10005224 <tud_task_ext+0x340>)
1000507c:	4699      	mov	r9, r3
1000507e:	468b      	mov	fp, r1
10005080:	4b69      	ldr	r3, [pc, #420]	@ (10005228 <tud_task_ext+0x344>)
10005082:	496a      	ldr	r1, [pc, #424]	@ (1000522c <tud_task_ext+0x348>)
10005084:	4698      	mov	r8, r3
10005086:	468a      	mov	sl, r1
10005088:	0039      	movs	r1, r7
1000508a:	781a      	ldrb	r2, [r3, #0]
1000508c:	4647      	mov	r7, r8
1000508e:	2300      	movs	r3, #0
10005090:	46b0      	mov	r8, r6
10005092:	2500      	movs	r5, #0
10005094:	464e      	mov	r6, r9
10005096:	4689      	mov	r9, r1
10005098:	e010      	b.n	100050bc <tud_task_ext+0x1d8>
1000509a:	4653      	mov	r3, sl
1000509c:	681b      	ldr	r3, [r3, #0]
1000509e:	016a      	lsls	r2, r5, #5
100050a0:	189b      	adds	r3, r3, r2
100050a2:	2b00      	cmp	r3, #0
100050a4:	d100      	bne.n	100050a8 <tud_task_ext+0x1c4>
100050a6:	e076      	b.n	10005196 <tud_task_ext+0x2b2>
100050a8:	68db      	ldr	r3, [r3, #12]
100050aa:	0030      	movs	r0, r6
100050ac:	4798      	blx	r3
100050ae:	783a      	ldrb	r2, [r7, #0]
100050b0:	3501      	adds	r5, #1
100050b2:	b2ed      	uxtb	r5, r5
100050b4:	1c51      	adds	r1, r2, #1
100050b6:	002b      	movs	r3, r5
100050b8:	428d      	cmp	r5, r1
100050ba:	dc44      	bgt.n	10005146 <tud_task_ext+0x262>
100050bc:	4295      	cmp	r5, r2
100050be:	d3ec      	bcc.n	1000509a <tud_task_ext+0x1b6>
100050c0:	1a9b      	subs	r3, r3, r2
100050c2:	015b      	lsls	r3, r3, #5
100050c4:	445b      	add	r3, fp
100050c6:	e7ef      	b.n	100050a8 <tud_task_ext+0x1c4>
100050c8:	7823      	ldrb	r3, [r4, #0]
100050ca:	4958      	ldr	r1, [pc, #352]	@ (1000522c <tud_task_ext+0x348>)
100050cc:	4699      	mov	r9, r3
100050ce:	4b56      	ldr	r3, [pc, #344]	@ (10005228 <tud_task_ext+0x344>)
100050d0:	468a      	mov	sl, r1
100050d2:	4698      	mov	r8, r3
100050d4:	0031      	movs	r1, r6
100050d6:	46bb      	mov	fp, r7
100050d8:	464e      	mov	r6, r9
100050da:	781a      	ldrb	r2, [r3, #0]
100050dc:	2500      	movs	r5, #0
100050de:	2300      	movs	r3, #0
100050e0:	4647      	mov	r7, r8
100050e2:	4689      	mov	r9, r1
100050e4:	e00f      	b.n	10005106 <tud_task_ext+0x222>
100050e6:	4653      	mov	r3, sl
100050e8:	681b      	ldr	r3, [r3, #0]
100050ea:	016a      	lsls	r2, r5, #5
100050ec:	189b      	adds	r3, r3, r2
100050ee:	2b00      	cmp	r3, #0
100050f0:	d055      	beq.n	1000519e <tud_task_ext+0x2ba>
100050f2:	68db      	ldr	r3, [r3, #12]
100050f4:	0030      	movs	r0, r6
100050f6:	4798      	blx	r3
100050f8:	783a      	ldrb	r2, [r7, #0]
100050fa:	3501      	adds	r5, #1
100050fc:	b2ed      	uxtb	r5, r5
100050fe:	1c51      	adds	r1, r2, #1
10005100:	002b      	movs	r3, r5
10005102:	428d      	cmp	r5, r1
10005104:	dc07      	bgt.n	10005116 <tud_task_ext+0x232>
10005106:	4295      	cmp	r5, r2
10005108:	d3ed      	bcc.n	100050e6 <tud_task_ext+0x202>
1000510a:	1a9b      	subs	r3, r3, r2
1000510c:	9a00      	ldr	r2, [sp, #0]
1000510e:	015b      	lsls	r3, r3, #5
10005110:	4694      	mov	ip, r2
10005112:	4463      	add	r3, ip
10005114:	e7ed      	b.n	100050f2 <tud_task_ext+0x20e>
10005116:	9d01      	ldr	r5, [sp, #4]
10005118:	2254      	movs	r2, #84	@ 0x54
1000511a:	2100      	movs	r1, #0
1000511c:	0028      	movs	r0, r5
1000511e:	f7fd fa4d 	bl	100025bc <__wrap_memset>
10005122:	2210      	movs	r2, #16
10005124:	21ff      	movs	r1, #255	@ 0xff
10005126:	4844      	ldr	r0, [pc, #272]	@ (10005238 <tud_task_ext+0x354>)
10005128:	f7fd fa48 	bl	100025bc <__wrap_memset>
1000512c:	0028      	movs	r0, r5
1000512e:	2220      	movs	r2, #32
10005130:	21ff      	movs	r1, #255	@ 0xff
10005132:	3014      	adds	r0, #20
10005134:	464e      	mov	r6, r9
10005136:	465f      	mov	r7, fp
10005138:	f7fd fa40 	bl	100025bc <__wrap_memset>
1000513c:	f000 fbf2 	bl	10005924 <usbd_control_reset>
10005140:	f7ff fe40 	bl	10004dc4 <tud_umount_cb>
10005144:	e6e4      	b.n	10004f10 <tud_task_ext+0x2c>
10005146:	4d36      	ldr	r5, [pc, #216]	@ (10005220 <tud_task_ext+0x33c>)
10005148:	2254      	movs	r2, #84	@ 0x54
1000514a:	2100      	movs	r1, #0
1000514c:	0028      	movs	r0, r5
1000514e:	f7fd fa35 	bl	100025bc <__wrap_memset>
10005152:	2210      	movs	r2, #16
10005154:	21ff      	movs	r1, #255	@ 0xff
10005156:	1d28      	adds	r0, r5, #4
10005158:	f7fd fa30 	bl	100025bc <__wrap_memset>
1000515c:	0028      	movs	r0, r5
1000515e:	2220      	movs	r2, #32
10005160:	21ff      	movs	r1, #255	@ 0xff
10005162:	3014      	adds	r0, #20
10005164:	4646      	mov	r6, r8
10005166:	464f      	mov	r7, r9
10005168:	f7fd fa28 	bl	100025bc <__wrap_memset>
1000516c:	f000 fbda 	bl	10005924 <usbd_control_reset>
10005170:	7923      	ldrb	r3, [r4, #4]
10005172:	70ab      	strb	r3, [r5, #2]
10005174:	e6cc      	b.n	10004f10 <tud_task_ext+0x2c>
10005176:	1c50      	adds	r0, r2, #1
10005178:	4298      	cmp	r0, r3
1000517a:	da13      	bge.n	100051a4 <tud_task_ext+0x2c0>
1000517c:	b011      	add	sp, #68	@ 0x44
1000517e:	bcf0      	pop	{r4, r5, r6, r7}
10005180:	46bb      	mov	fp, r7
10005182:	46b2      	mov	sl, r6
10005184:	46a9      	mov	r9, r5
10005186:	46a0      	mov	r8, r4
10005188:	bdf0      	pop	{r4, r5, r6, r7, pc}
1000518a:	68a3      	ldr	r3, [r4, #8]
1000518c:	7962      	ldrb	r2, [r4, #5]
1000518e:	7820      	ldrb	r0, [r4, #0]
10005190:	f000 fbe6 	bl	10005960 <usbd_control_xfer_cb>
10005194:	e6bc      	b.n	10004f10 <tud_task_ext+0x2c>
10005196:	4646      	mov	r6, r8
10005198:	464f      	mov	r7, r9
1000519a:	4d21      	ldr	r5, [pc, #132]	@ (10005220 <tud_task_ext+0x33c>)
1000519c:	e7e6      	b.n	1000516c <tud_task_ext+0x288>
1000519e:	464e      	mov	r6, r9
100051a0:	465f      	mov	r7, fp
100051a2:	e7cb      	b.n	1000513c <tud_task_ext+0x258>
100051a4:	4d1f      	ldr	r5, [pc, #124]	@ (10005224 <tud_task_ext+0x340>)
100051a6:	1a9b      	subs	r3, r3, r2
100051a8:	015b      	lsls	r3, r3, #5
100051aa:	195d      	adds	r5, r3, r5
100051ac:	e6fa      	b.n	10004fa4 <tud_task_ext+0xc0>
100051ae:	2370      	movs	r3, #112	@ 0x70
100051b0:	7a21      	ldrb	r1, [r4, #8]
100051b2:	420b      	tst	r3, r1
100051b4:	d118      	bne.n	100051e8 <tud_task_ext+0x304>
100051b6:	09c8      	lsrs	r0, r1, #7
100051b8:	4682      	mov	sl, r0
100051ba:	330f      	adds	r3, #15
100051bc:	400b      	ands	r3, r1
100051be:	005b      	lsls	r3, r3, #1
100051c0:	4698      	mov	r8, r3
100051c2:	4819      	ldr	r0, [pc, #100]	@ (10005228 <tud_task_ext+0x344>)
100051c4:	18eb      	adds	r3, r5, r3
100051c6:	4453      	add	r3, sl
100051c8:	7d1b      	ldrb	r3, [r3, #20]
100051ca:	7800      	ldrb	r0, [r0, #0]
100051cc:	4699      	mov	r9, r3
100051ce:	4283      	cmp	r3, r0
100051d0:	d266      	bcs.n	100052a0 <tud_task_ext+0x3bc>
100051d2:	4816      	ldr	r0, [pc, #88]	@ (1000522c <tud_task_ext+0x348>)
100051d4:	015b      	lsls	r3, r3, #5
100051d6:	6800      	ldr	r0, [r0, #0]
100051d8:	4681      	mov	r9, r0
100051da:	4499      	add	r9, r3
100051dc:	2a00      	cmp	r2, #0
100051de:	d100      	bne.n	100051e2 <tud_task_ext+0x2fe>
100051e0:	e15f      	b.n	100054a2 <tud_task_ext+0x5be>
100051e2:	464b      	mov	r3, r9
100051e4:	2b00      	cmp	r3, #0
100051e6:	d168      	bne.n	100052ba <tud_task_ext+0x3d6>
100051e8:	7820      	ldrb	r0, [r4, #0]
100051ea:	2100      	movs	r1, #0
100051ec:	f7ff fd6a 	bl	10004cc4 <dcd_edpt_stall>
100051f0:	2180      	movs	r1, #128	@ 0x80
100051f2:	7820      	ldrb	r0, [r4, #0]
100051f4:	f7ff fd66 	bl	10004cc4 <dcd_edpt_stall>
100051f8:	e68a      	b.n	10004f10 <tud_task_ext+0x2c>
100051fa:	4810      	ldr	r0, [pc, #64]	@ (1000523c <tud_task_ext+0x358>)
100051fc:	f000 fb9c 	bl	10005938 <usbd_control_set_complete_callback>
10005200:	2101      	movs	r1, #1
10005202:	4658      	mov	r0, fp
10005204:	aa0e      	add	r2, sp, #56	@ 0x38
10005206:	f7ff f8cd 	bl	100043a4 <tud_vendor_control_xfer_cb>
1000520a:	2800      	cmp	r0, #0
1000520c:	d000      	beq.n	10005210 <tud_task_ext+0x32c>
1000520e:	e67f      	b.n	10004f10 <tud_task_ext+0x2c>
10005210:	e7ea      	b.n	100051e8 <tud_task_ext+0x304>
10005212:	46c0      	nop			@ (mov r8, r8)
10005214:	200010a4 	.word	0x200010a4
10005218:	100071d4 	.word	0x100071d4
1000521c:	20001640 	.word	0x20001640
10005220:	200015e8 	.word	0x200015e8
10005224:	1000727c 	.word	0x1000727c
10005228:	20001fa1 	.word	0x20001fa1
1000522c:	20001438 	.word	0x20001438
10005230:	20001fa3 	.word	0x20001fa3
10005234:	100071f8 	.word	0x100071f8
10005238:	200015ec 	.word	0x200015ec
1000523c:	100043a5 	.word	0x100043a5
10005240:	7a23      	ldrb	r3, [r4, #8]
10005242:	2b0f      	cmp	r3, #15
10005244:	d8d0      	bhi.n	100051e8 <tud_task_ext+0x304>
10005246:	4acf      	ldr	r2, [pc, #828]	@ (10005584 <tud_task_ext+0x6a0>)
10005248:	18eb      	adds	r3, r5, r3
1000524a:	791b      	ldrb	r3, [r3, #4]
1000524c:	7815      	ldrb	r5, [r2, #0]
1000524e:	42ab      	cmp	r3, r5
10005250:	d33e      	bcc.n	100052d0 <tud_task_ext+0x3ec>
10005252:	1c69      	adds	r1, r5, #1
10005254:	4299      	cmp	r1, r3
10005256:	dbc7      	blt.n	100051e8 <tud_task_ext+0x304>
10005258:	1b5d      	subs	r5, r3, r5
1000525a:	4bcb      	ldr	r3, [pc, #812]	@ (10005588 <tud_task_ext+0x6a4>)
1000525c:	016d      	lsls	r5, r5, #5
1000525e:	18ed      	adds	r5, r5, r3
10005260:	6968      	ldr	r0, [r5, #20]
10005262:	f000 fb69 	bl	10005938 <usbd_control_set_complete_callback>
10005266:	2101      	movs	r1, #1
10005268:	4658      	mov	r0, fp
1000526a:	696b      	ldr	r3, [r5, #20]
1000526c:	aa0e      	add	r2, sp, #56	@ 0x38
1000526e:	4798      	blx	r3
10005270:	2800      	cmp	r0, #0
10005272:	d000      	beq.n	10005276 <tud_task_ext+0x392>
10005274:	e64c      	b.n	10004f10 <tud_task_ext+0x2c>
10005276:	2260      	movs	r2, #96	@ 0x60
10005278:	0015      	movs	r5, r2
1000527a:	7923      	ldrb	r3, [r4, #4]
1000527c:	401d      	ands	r5, r3
1000527e:	421a      	tst	r2, r3
10005280:	d1b2      	bne.n	100051e8 <tud_task_ext+0x304>
10005282:	7963      	ldrb	r3, [r4, #5]
10005284:	3b0a      	subs	r3, #10
10005286:	2b01      	cmp	r3, #1
10005288:	d8ae      	bhi.n	100051e8 <tud_task_ext+0x304>
1000528a:	f000 fb55 	bl	10005938 <usbd_control_set_complete_callback>
1000528e:	7963      	ldrb	r3, [r4, #5]
10005290:	2b0a      	cmp	r3, #10
10005292:	d100      	bne.n	10005296 <tud_task_ext+0x3b2>
10005294:	e199      	b.n	100055ca <tud_task_ext+0x6e6>
10005296:	4658      	mov	r0, fp
10005298:	a90e      	add	r1, sp, #56	@ 0x38
1000529a:	f000 fad9 	bl	10005850 <tud_control_status>
1000529e:	e637      	b.n	10004f10 <tud_task_ext+0x2c>
100052a0:	1c43      	adds	r3, r0, #1
100052a2:	454b      	cmp	r3, r9
100052a4:	da00      	bge.n	100052a8 <tud_task_ext+0x3c4>
100052a6:	e0f7      	b.n	10005498 <tud_task_ext+0x5b4>
100052a8:	464b      	mov	r3, r9
100052aa:	1a1b      	subs	r3, r3, r0
100052ac:	015b      	lsls	r3, r3, #5
100052ae:	4699      	mov	r9, r3
100052b0:	48b5      	ldr	r0, [pc, #724]	@ (10005588 <tud_task_ext+0x6a4>)
100052b2:	4481      	add	r9, r0
100052b4:	2a00      	cmp	r2, #0
100052b6:	d100      	bne.n	100052ba <tud_task_ext+0x3d6>
100052b8:	e0f3      	b.n	100054a2 <tud_task_ext+0x5be>
100052ba:	464b      	mov	r3, r9
100052bc:	6958      	ldr	r0, [r3, #20]
100052be:	f000 fb3b 	bl	10005938 <usbd_control_set_complete_callback>
100052c2:	464b      	mov	r3, r9
100052c4:	2101      	movs	r1, #1
100052c6:	4658      	mov	r0, fp
100052c8:	695b      	ldr	r3, [r3, #20]
100052ca:	aa0e      	add	r2, sp, #56	@ 0x38
100052cc:	4798      	blx	r3
100052ce:	e79c      	b.n	1000520a <tud_task_ext+0x326>
100052d0:	4aae      	ldr	r2, [pc, #696]	@ (1000558c <tud_task_ext+0x6a8>)
100052d2:	015b      	lsls	r3, r3, #5
100052d4:	6815      	ldr	r5, [r2, #0]
100052d6:	18ed      	adds	r5, r5, r3
100052d8:	2d00      	cmp	r5, #0
100052da:	d1c1      	bne.n	10005260 <tud_task_ext+0x37c>
100052dc:	e784      	b.n	100051e8 <tud_task_ext+0x304>
100052de:	79a3      	ldrb	r3, [r4, #6]
100052e0:	4699      	mov	r9, r3
100052e2:	786b      	ldrb	r3, [r5, #1]
100052e4:	4599      	cmp	r9, r3
100052e6:	d0d6      	beq.n	10005296 <tud_task_ext+0x3b2>
100052e8:	786b      	ldrb	r3, [r5, #1]
100052ea:	2b00      	cmp	r3, #0
100052ec:	d000      	beq.n	100052f0 <tud_task_ext+0x40c>
100052ee:	e133      	b.n	10005558 <tud_task_ext+0x674>
100052f0:	464b      	mov	r3, r9
100052f2:	706b      	strb	r3, [r5, #1]
100052f4:	2b00      	cmp	r3, #0
100052f6:	d100      	bne.n	100052fa <tud_task_ext+0x416>
100052f8:	e12b      	b.n	10005552 <tud_task_ext+0x66e>
100052fa:	4648      	mov	r0, r9
100052fc:	3801      	subs	r0, #1
100052fe:	b2c0      	uxtb	r0, r0
10005300:	f7ff fa92 	bl	10004828 <tud_descriptor_configuration_cb>
10005304:	2800      	cmp	r0, #0
10005306:	d100      	bne.n	1000530a <tud_task_ext+0x426>
10005308:	e17e      	b.n	10005608 <tud_task_ext+0x724>
1000530a:	7843      	ldrb	r3, [r0, #1]
1000530c:	9307      	str	r3, [sp, #28]
1000530e:	2b02      	cmp	r3, #2
10005310:	d000      	beq.n	10005314 <tud_task_ext+0x430>
10005312:	e179      	b.n	10005608 <tud_task_ext+0x724>
10005314:	2201      	movs	r2, #1
10005316:	79c1      	ldrb	r1, [r0, #7]
10005318:	46b1      	mov	r9, r6
1000531a:	118b      	asrs	r3, r1, #6
1000531c:	1149      	asrs	r1, r1, #5
1000531e:	4013      	ands	r3, r2
10005320:	400a      	ands	r2, r1
10005322:	2130      	movs	r1, #48	@ 0x30
10005324:	0112      	lsls	r2, r2, #4
10005326:	015b      	lsls	r3, r3, #5
10005328:	4313      	orrs	r3, r2
1000532a:	782a      	ldrb	r2, [r5, #0]
1000532c:	46a8      	mov	r8, r5
1000532e:	438a      	bics	r2, r1
10005330:	4313      	orrs	r3, r2
10005332:	702b      	strb	r3, [r5, #0]
10005334:	2309      	movs	r3, #9
10005336:	469a      	mov	sl, r3
10005338:	4482      	add	sl, r0
1000533a:	4656      	mov	r6, sl
1000533c:	46ba      	mov	sl, r7
1000533e:	78c3      	ldrb	r3, [r0, #3]
10005340:	7882      	ldrb	r2, [r0, #2]
10005342:	021b      	lsls	r3, r3, #8
10005344:	4313      	orrs	r3, r2
10005346:	18c3      	adds	r3, r0, r3
10005348:	9305      	str	r3, [sp, #20]
1000534a:	4b8e      	ldr	r3, [pc, #568]	@ (10005584 <tud_task_ext+0x6a0>)
1000534c:	9304      	str	r3, [sp, #16]
1000534e:	4b8e      	ldr	r3, [pc, #568]	@ (10005588 <tud_task_ext+0x6a4>)
10005350:	9308      	str	r3, [sp, #32]
10005352:	4b8e      	ldr	r3, [pc, #568]	@ (1000558c <tud_task_ext+0x6a8>)
10005354:	9309      	str	r3, [sp, #36]	@ 0x24
10005356:	4b8e      	ldr	r3, [pc, #568]	@ (10005590 <tud_task_ext+0x6ac>)
10005358:	930a      	str	r3, [sp, #40]	@ 0x28
1000535a:	9b05      	ldr	r3, [sp, #20]
1000535c:	42b3      	cmp	r3, r6
1000535e:	d800      	bhi.n	10005362 <tud_task_ext+0x47e>
10005360:	e155      	b.n	1000560e <tud_task_ext+0x72a>
10005362:	7873      	ldrb	r3, [r6, #1]
10005364:	2201      	movs	r2, #1
10005366:	2b0b      	cmp	r3, #11
10005368:	d103      	bne.n	10005372 <tud_task_ext+0x48e>
1000536a:	7833      	ldrb	r3, [r6, #0]
1000536c:	78f2      	ldrb	r2, [r6, #3]
1000536e:	18f6      	adds	r6, r6, r3
10005370:	7873      	ldrb	r3, [r6, #1]
10005372:	2b04      	cmp	r3, #4
10005374:	d000      	beq.n	10005378 <tud_task_ext+0x494>
10005376:	e144      	b.n	10005602 <tud_task_ext+0x71e>
10005378:	9b05      	ldr	r3, [sp, #20]
1000537a:	2700      	movs	r7, #0
1000537c:	1b9b      	subs	r3, r3, r6
1000537e:	b29b      	uxth	r3, r3
10005380:	9306      	str	r3, [sp, #24]
10005382:	9b04      	ldr	r3, [sp, #16]
10005384:	920b      	str	r2, [sp, #44]	@ 0x2c
10005386:	781d      	ldrb	r5, [r3, #0]
10005388:	2300      	movs	r3, #0
1000538a:	9303      	str	r3, [sp, #12]
1000538c:	e01b      	b.n	100053c6 <tud_task_ext+0x4e2>
1000538e:	9a09      	ldr	r2, [sp, #36]	@ 0x24
10005390:	017b      	lsls	r3, r7, #5
10005392:	6815      	ldr	r5, [r2, #0]
10005394:	18ed      	adds	r5, r5, r3
10005396:	2d00      	cmp	r5, #0
10005398:	d100      	bne.n	1000539c <tud_task_ext+0x4b8>
1000539a:	e132      	b.n	10005602 <tud_task_ext+0x71e>
1000539c:	0031      	movs	r1, r6
1000539e:	4658      	mov	r0, fp
100053a0:	692b      	ldr	r3, [r5, #16]
100053a2:	9a06      	ldr	r2, [sp, #24]
100053a4:	4798      	blx	r3
100053a6:	4684      	mov	ip, r0
100053a8:	2808      	cmp	r0, #8
100053aa:	d903      	bls.n	100053b4 <tud_task_ext+0x4d0>
100053ac:	9a06      	ldr	r2, [sp, #24]
100053ae:	4282      	cmp	r2, r0
100053b0:	d300      	bcc.n	100053b4 <tud_task_ext+0x4d0>
100053b2:	e113      	b.n	100055dc <tud_task_ext+0x6f8>
100053b4:	9b04      	ldr	r3, [sp, #16]
100053b6:	3701      	adds	r7, #1
100053b8:	781d      	ldrb	r5, [r3, #0]
100053ba:	b2ff      	uxtb	r7, r7
100053bc:	1c6b      	adds	r3, r5, #1
100053be:	9703      	str	r7, [sp, #12]
100053c0:	429f      	cmp	r7, r3
100053c2:	dd00      	ble.n	100053c6 <tud_task_ext+0x4e2>
100053c4:	e11d      	b.n	10005602 <tud_task_ext+0x71e>
100053c6:	42bd      	cmp	r5, r7
100053c8:	d8e1      	bhi.n	1000538e <tud_task_ext+0x4aa>
100053ca:	9b03      	ldr	r3, [sp, #12]
100053cc:	1b5d      	subs	r5, r3, r5
100053ce:	9b08      	ldr	r3, [sp, #32]
100053d0:	016d      	lsls	r5, r5, #5
100053d2:	469c      	mov	ip, r3
100053d4:	4465      	add	r5, ip
100053d6:	e7e1      	b.n	1000539c <tud_task_ext+0x4b8>
100053d8:	786b      	ldrb	r3, [r5, #1]
100053da:	aa0c      	add	r2, sp, #48	@ 0x30
100053dc:	3202      	adds	r2, #2
100053de:	7013      	strb	r3, [r2, #0]
100053e0:	4658      	mov	r0, fp
100053e2:	2301      	movs	r3, #1
100053e4:	a90e      	add	r1, sp, #56	@ 0x38
100053e6:	f000 fa49 	bl	1000587c <tud_control_xfer>
100053ea:	e591      	b.n	10004f10 <tud_task_ext+0x2c>
100053ec:	88e3      	ldrh	r3, [r4, #6]
100053ee:	0a1a      	lsrs	r2, r3, #8
100053f0:	b2d8      	uxtb	r0, r3
100053f2:	2a0f      	cmp	r2, #15
100053f4:	d900      	bls.n	100053f8 <tud_task_ext+0x514>
100053f6:	e6f7      	b.n	100051e8 <tud_task_ext+0x304>
100053f8:	4966      	ldr	r1, [pc, #408]	@ (10005594 <tud_task_ext+0x6b0>)
100053fa:	0093      	lsls	r3, r2, #2
100053fc:	58cb      	ldr	r3, [r1, r3]
100053fe:	469f      	mov	pc, r3
10005400:	a80e      	add	r0, sp, #56	@ 0x38
10005402:	f000 fa9f 	bl	10005944 <usbd_control_set_request>
10005406:	4658      	mov	r0, fp
10005408:	79a1      	ldrb	r1, [r4, #6]
1000540a:	f7ff fb95 	bl	10004b38 <dcd_set_address>
1000540e:	2202      	movs	r2, #2
10005410:	782b      	ldrb	r3, [r5, #0]
10005412:	4313      	orrs	r3, r2
10005414:	702b      	strb	r3, [r5, #0]
10005416:	e57b      	b.n	10004f10 <tud_task_ext+0x2c>
10005418:	88e3      	ldrh	r3, [r4, #6]
1000541a:	2b01      	cmp	r3, #1
1000541c:	d000      	beq.n	10005420 <tud_task_ext+0x53c>
1000541e:	e6e3      	b.n	100051e8 <tud_task_ext+0x304>
10005420:	2208      	movs	r2, #8
10005422:	782b      	ldrb	r3, [r5, #0]
10005424:	4658      	mov	r0, fp
10005426:	4393      	bics	r3, r2
10005428:	a90e      	add	r1, sp, #56	@ 0x38
1000542a:	702b      	strb	r3, [r5, #0]
1000542c:	f000 fa10 	bl	10005850 <tud_control_status>
10005430:	e56e      	b.n	10004f10 <tud_task_ext+0x2c>
10005432:	2002      	movs	r0, #2
10005434:	7829      	ldrb	r1, [r5, #0]
10005436:	ab0c      	add	r3, sp, #48	@ 0x30
10005438:	1c9a      	adds	r2, r3, #2
1000543a:	068b      	lsls	r3, r1, #26
1000543c:	0889      	lsrs	r1, r1, #2
1000543e:	0fdb      	lsrs	r3, r3, #31
10005440:	4001      	ands	r1, r0
10005442:	430b      	orrs	r3, r1
10005444:	8013      	strh	r3, [r2, #0]
10005446:	4658      	mov	r0, fp
10005448:	2302      	movs	r3, #2
1000544a:	a90e      	add	r1, sp, #56	@ 0x38
1000544c:	f000 fa16 	bl	1000587c <tud_control_xfer>
10005450:	e55e      	b.n	10004f10 <tud_task_ext+0x2c>
10005452:	88e3      	ldrh	r3, [r4, #6]
10005454:	2b01      	cmp	r3, #1
10005456:	d000      	beq.n	1000545a <tud_task_ext+0x576>
10005458:	e6c6      	b.n	100051e8 <tud_task_ext+0x304>
1000545a:	2208      	movs	r2, #8
1000545c:	782b      	ldrb	r3, [r5, #0]
1000545e:	4313      	orrs	r3, r2
10005460:	702b      	strb	r3, [r5, #0]
10005462:	e718      	b.n	10005296 <tud_task_ext+0x3b2>
10005464:	7a23      	ldrb	r3, [r4, #8]
10005466:	2b0f      	cmp	r3, #15
10005468:	d900      	bls.n	1000546c <tud_task_ext+0x588>
1000546a:	e6bd      	b.n	100051e8 <tud_task_ext+0x304>
1000546c:	18eb      	adds	r3, r5, r3
1000546e:	791d      	ldrb	r5, [r3, #4]
10005470:	4b44      	ldr	r3, [pc, #272]	@ (10005584 <tud_task_ext+0x6a0>)
10005472:	781b      	ldrb	r3, [r3, #0]
10005474:	429d      	cmp	r5, r3
10005476:	d228      	bcs.n	100054ca <tud_task_ext+0x5e6>
10005478:	4b44      	ldr	r3, [pc, #272]	@ (1000558c <tud_task_ext+0x6a8>)
1000547a:	016d      	lsls	r5, r5, #5
1000547c:	681b      	ldr	r3, [r3, #0]
1000547e:	195d      	adds	r5, r3, r5
10005480:	2d00      	cmp	r5, #0
10005482:	d100      	bne.n	10005486 <tud_task_ext+0x5a2>
10005484:	e6b0      	b.n	100051e8 <tud_task_ext+0x304>
10005486:	6968      	ldr	r0, [r5, #20]
10005488:	f000 fa56 	bl	10005938 <usbd_control_set_complete_callback>
1000548c:	2101      	movs	r1, #1
1000548e:	4658      	mov	r0, fp
10005490:	696b      	ldr	r3, [r5, #20]
10005492:	aa0e      	add	r2, sp, #56	@ 0x38
10005494:	4798      	blx	r3
10005496:	e6b8      	b.n	1000520a <tud_task_ext+0x326>
10005498:	2a00      	cmp	r2, #0
1000549a:	d000      	beq.n	1000549e <tud_task_ext+0x5ba>
1000549c:	e6a4      	b.n	100051e8 <tud_task_ext+0x304>
1000549e:	2300      	movs	r3, #0
100054a0:	4699      	mov	r9, r3
100054a2:	7962      	ldrb	r2, [r4, #5]
100054a4:	2002      	movs	r0, #2
100054a6:	0013      	movs	r3, r2
100054a8:	9203      	str	r2, [sp, #12]
100054aa:	4383      	bics	r3, r0
100054ac:	2b01      	cmp	r3, #1
100054ae:	d015      	beq.n	100054dc <tud_task_ext+0x5f8>
100054b0:	2a00      	cmp	r2, #0
100054b2:	d000      	beq.n	100054b6 <tud_task_ext+0x5d2>
100054b4:	e698      	b.n	100051e8 <tud_task_ext+0x304>
100054b6:	002b      	movs	r3, r5
100054b8:	4443      	add	r3, r8
100054ba:	4453      	add	r3, sl
100054bc:	3330      	adds	r3, #48	@ 0x30
100054be:	791b      	ldrb	r3, [r3, #4]
100054c0:	aa0c      	add	r2, sp, #48	@ 0x30
100054c2:	079b      	lsls	r3, r3, #30
100054c4:	0fdb      	lsrs	r3, r3, #31
100054c6:	3202      	adds	r2, #2
100054c8:	e7bc      	b.n	10005444 <tud_task_ext+0x560>
100054ca:	1c5a      	adds	r2, r3, #1
100054cc:	42aa      	cmp	r2, r5
100054ce:	da00      	bge.n	100054d2 <tud_task_ext+0x5ee>
100054d0:	e68a      	b.n	100051e8 <tud_task_ext+0x304>
100054d2:	1aed      	subs	r5, r5, r3
100054d4:	4b2c      	ldr	r3, [pc, #176]	@ (10005588 <tud_task_ext+0x6a4>)
100054d6:	016d      	lsls	r5, r5, #5
100054d8:	18ed      	adds	r5, r5, r3
100054da:	e7d4      	b.n	10005486 <tud_task_ext+0x5a2>
100054dc:	88e3      	ldrh	r3, [r4, #6]
100054de:	2b00      	cmp	r3, #0
100054e0:	d112      	bne.n	10005508 <tud_task_ext+0x624>
100054e2:	9b02      	ldr	r3, [sp, #8]
100054e4:	7818      	ldrb	r0, [r3, #0]
100054e6:	9b03      	ldr	r3, [sp, #12]
100054e8:	2b01      	cmp	r3, #1
100054ea:	d023      	beq.n	10005534 <tud_task_ext+0x650>
100054ec:	f7ff fbea 	bl	10004cc4 <dcd_edpt_stall>
100054f0:	4643      	mov	r3, r8
100054f2:	2102      	movs	r1, #2
100054f4:	18eb      	adds	r3, r5, r3
100054f6:	4453      	add	r3, sl
100054f8:	3330      	adds	r3, #48	@ 0x30
100054fa:	791a      	ldrb	r2, [r3, #4]
100054fc:	430a      	orrs	r2, r1
100054fe:	2101      	movs	r1, #1
10005500:	711a      	strb	r2, [r3, #4]
10005502:	791a      	ldrb	r2, [r3, #4]
10005504:	430a      	orrs	r2, r1
10005506:	711a      	strb	r2, [r3, #4]
10005508:	464b      	mov	r3, r9
1000550a:	2b00      	cmp	r3, #0
1000550c:	d100      	bne.n	10005510 <tud_task_ext+0x62c>
1000550e:	e4ff      	b.n	10004f10 <tud_task_ext+0x2c>
10005510:	6958      	ldr	r0, [r3, #20]
10005512:	f000 fa11 	bl	10005938 <usbd_control_set_complete_callback>
10005516:	464b      	mov	r3, r9
10005518:	2101      	movs	r1, #1
1000551a:	695b      	ldr	r3, [r3, #20]
1000551c:	aa0e      	add	r2, sp, #56	@ 0x38
1000551e:	4658      	mov	r0, fp
10005520:	4798      	blx	r3
10005522:	2000      	movs	r0, #0
10005524:	f000 fa08 	bl	10005938 <usbd_control_set_complete_callback>
10005528:	2335      	movs	r3, #53	@ 0x35
1000552a:	5ceb      	ldrb	r3, [r5, r3]
1000552c:	07db      	lsls	r3, r3, #31
1000552e:	d500      	bpl.n	10005532 <tud_task_ext+0x64e>
10005530:	e4ee      	b.n	10004f10 <tud_task_ext+0x2c>
10005532:	e6b0      	b.n	10005296 <tud_task_ext+0x3b2>
10005534:	f7ff fbe4 	bl	10004d00 <dcd_edpt_clear_stall>
10005538:	4643      	mov	r3, r8
1000553a:	2102      	movs	r1, #2
1000553c:	18eb      	adds	r3, r5, r3
1000553e:	4453      	add	r3, sl
10005540:	3330      	adds	r3, #48	@ 0x30
10005542:	791a      	ldrb	r2, [r3, #4]
10005544:	438a      	bics	r2, r1
10005546:	711a      	strb	r2, [r3, #4]
10005548:	791a      	ldrb	r2, [r3, #4]
1000554a:	9903      	ldr	r1, [sp, #12]
1000554c:	438a      	bics	r2, r1
1000554e:	711a      	strb	r2, [r3, #4]
10005550:	e7da      	b.n	10005508 <tud_task_ext+0x624>
10005552:	f7ff fc37 	bl	10004dc4 <tud_umount_cb>
10005556:	e69e      	b.n	10005296 <tud_task_ext+0x3b2>
10005558:	2100      	movs	r1, #0
1000555a:	4658      	mov	r0, fp
1000555c:	f7ff faf6 	bl	10004b4c <dcd_sof_enable>
10005560:	4658      	mov	r0, fp
10005562:	f7ff fb99 	bl	10004c98 <dcd_edpt_close_all>
10005566:	78ab      	ldrb	r3, [r5, #2]
10005568:	4907      	ldr	r1, [pc, #28]	@ (10005588 <tud_task_ext+0x6a4>)
1000556a:	9303      	str	r3, [sp, #12]
1000556c:	9104      	str	r1, [sp, #16]
1000556e:	4b05      	ldr	r3, [pc, #20]	@ (10005584 <tud_task_ext+0x6a0>)
10005570:	4906      	ldr	r1, [pc, #24]	@ (1000558c <tud_task_ext+0x6a8>)
10005572:	4698      	mov	r8, r3
10005574:	781a      	ldrb	r2, [r3, #0]
10005576:	9105      	str	r1, [sp, #20]
10005578:	2300      	movs	r3, #0
1000557a:	0029      	movs	r1, r5
1000557c:	001d      	movs	r5, r3
1000557e:	468a      	mov	sl, r1
10005580:	e01b      	b.n	100055ba <tud_task_ext+0x6d6>
10005582:	46c0      	nop			@ (mov r8, r8)
10005584:	20001fa1 	.word	0x20001fa1
10005588:	1000727c 	.word	0x1000727c
1000558c:	20001438 	.word	0x20001438
10005590:	200015fc 	.word	0x200015fc
10005594:	10007220 	.word	0x10007220
10005598:	9b05      	ldr	r3, [sp, #20]
1000559a:	016a      	lsls	r2, r5, #5
1000559c:	681b      	ldr	r3, [r3, #0]
1000559e:	189b      	adds	r3, r3, r2
100055a0:	2b00      	cmp	r3, #0
100055a2:	d04d      	beq.n	10005640 <tud_task_ext+0x75c>
100055a4:	68db      	ldr	r3, [r3, #12]
100055a6:	4658      	mov	r0, fp
100055a8:	4798      	blx	r3
100055aa:	4643      	mov	r3, r8
100055ac:	781a      	ldrb	r2, [r3, #0]
100055ae:	3501      	adds	r5, #1
100055b0:	b2ed      	uxtb	r5, r5
100055b2:	1c51      	adds	r1, r2, #1
100055b4:	002b      	movs	r3, r5
100055b6:	428d      	cmp	r5, r1
100055b8:	dc2e      	bgt.n	10005618 <tud_task_ext+0x734>
100055ba:	4295      	cmp	r5, r2
100055bc:	d3ec      	bcc.n	10005598 <tud_task_ext+0x6b4>
100055be:	1a9b      	subs	r3, r3, r2
100055c0:	9a04      	ldr	r2, [sp, #16]
100055c2:	015b      	lsls	r3, r3, #5
100055c4:	4694      	mov	ip, r2
100055c6:	4463      	add	r3, ip
100055c8:	e7ec      	b.n	100055a4 <tud_task_ext+0x6c0>
100055ca:	ab0c      	add	r3, sp, #48	@ 0x30
100055cc:	1c9a      	adds	r2, r3, #2
100055ce:	4658      	mov	r0, fp
100055d0:	2301      	movs	r3, #1
100055d2:	a90e      	add	r1, sp, #56	@ 0x38
100055d4:	7015      	strb	r5, [r2, #0]
100055d6:	f000 f951 	bl	1000587c <tud_control_xfer>
100055da:	e499      	b.n	10004f10 <tud_task_ext+0x2c>
100055dc:	9a0b      	ldr	r2, [sp, #44]	@ 0x2c
100055de:	2a01      	cmp	r2, #1
100055e0:	d04f      	beq.n	10005682 <tud_task_ext+0x79e>
100055e2:	2a00      	cmp	r2, #0
100055e4:	d03c      	beq.n	10005660 <tud_task_ext+0x77c>
100055e6:	2300      	movs	r3, #0
100055e8:	78b0      	ldrb	r0, [r6, #2]
100055ea:	e004      	b.n	100055f6 <tud_task_ext+0x712>
100055ec:	3301      	adds	r3, #1
100055ee:	b2db      	uxtb	r3, r3
100055f0:	710f      	strb	r7, [r1, #4]
100055f2:	4293      	cmp	r3, r2
100055f4:	d234      	bcs.n	10005660 <tud_task_ext+0x77c>
100055f6:	18c1      	adds	r1, r0, r3
100055f8:	b2c9      	uxtb	r1, r1
100055fa:	4441      	add	r1, r8
100055fc:	790d      	ldrb	r5, [r1, #4]
100055fe:	2dff      	cmp	r5, #255	@ 0xff
10005600:	d0f4      	beq.n	100055ec <tud_task_ext+0x708>
10005602:	464e      	mov	r6, r9
10005604:	4645      	mov	r5, r8
10005606:	4657      	mov	r7, sl
10005608:	2300      	movs	r3, #0
1000560a:	706b      	strb	r3, [r5, #1]
1000560c:	e5ec      	b.n	100051e8 <tud_task_ext+0x304>
1000560e:	464e      	mov	r6, r9
10005610:	4657      	mov	r7, sl
10005612:	f7ff fbd5 	bl	10004dc0 <tud_mount_cb>
10005616:	e63e      	b.n	10005296 <tud_task_ext+0x3b2>
10005618:	4655      	mov	r5, sl
1000561a:	2254      	movs	r2, #84	@ 0x54
1000561c:	2100      	movs	r1, #0
1000561e:	0028      	movs	r0, r5
10005620:	f7fc ffcc 	bl	100025bc <__wrap_memset>
10005624:	2210      	movs	r2, #16
10005626:	21ff      	movs	r1, #255	@ 0xff
10005628:	1d28      	adds	r0, r5, #4
1000562a:	f7fc ffc7 	bl	100025bc <__wrap_memset>
1000562e:	0028      	movs	r0, r5
10005630:	2220      	movs	r2, #32
10005632:	21ff      	movs	r1, #255	@ 0xff
10005634:	3014      	adds	r0, #20
10005636:	f7fc ffc1 	bl	100025bc <__wrap_memset>
1000563a:	9b03      	ldr	r3, [sp, #12]
1000563c:	70ab      	strb	r3, [r5, #2]
1000563e:	e657      	b.n	100052f0 <tud_task_ext+0x40c>
10005640:	4655      	mov	r5, sl
10005642:	e7fa      	b.n	1000563a <tud_task_ext+0x756>
10005644:	f7fe feaa 	bl	1000439c <tud_descriptor_bos_cb>
10005648:	1e02      	subs	r2, r0, #0
1000564a:	d100      	bne.n	1000564e <tud_task_ext+0x76a>
1000564c:	e5cc      	b.n	100051e8 <tud_task_ext+0x304>
1000564e:	78d3      	ldrb	r3, [r2, #3]
10005650:	7891      	ldrb	r1, [r2, #2]
10005652:	021b      	lsls	r3, r3, #8
10005654:	430b      	orrs	r3, r1
10005656:	4658      	mov	r0, fp
10005658:	a90e      	add	r1, sp, #56	@ 0x38
1000565a:	f000 f90f 	bl	1000587c <tud_control_xfer>
1000565e:	e5d4      	b.n	1000520a <tud_task_ext+0x326>
10005660:	4665      	mov	r5, ip
10005662:	003b      	movs	r3, r7
10005664:	002a      	movs	r2, r5
10005666:	0031      	movs	r1, r6
10005668:	980a      	ldr	r0, [sp, #40]	@ 0x28
1000566a:	f000 fe7f 	bl	1000636c <tu_edpt_bind_driver>
1000566e:	46ac      	mov	ip, r5
10005670:	9b04      	ldr	r3, [sp, #16]
10005672:	9a03      	ldr	r2, [sp, #12]
10005674:	781b      	ldrb	r3, [r3, #0]
10005676:	4466      	add	r6, ip
10005678:	3301      	adds	r3, #1
1000567a:	4293      	cmp	r3, r2
1000567c:	db00      	blt.n	10005680 <tud_task_ext+0x79c>
1000567e:	e66c      	b.n	1000535a <tud_task_ext+0x476>
10005680:	e7bf      	b.n	10005602 <tud_task_ext+0x71e>
10005682:	4b17      	ldr	r3, [pc, #92]	@ (100056e0 <tud_task_ext+0x7fc>)
10005684:	6929      	ldr	r1, [r5, #16]
10005686:	4299      	cmp	r1, r3
10005688:	d1ad      	bne.n	100055e6 <tud_task_ext+0x702>
1000568a:	9a07      	ldr	r2, [sp, #28]
1000568c:	e7ab      	b.n	100055e6 <tud_task_ext+0x702>
1000568e:	f7ff fb93 	bl	10004db8 <tud_descriptor_device_qualifier_cb>
10005692:	1e02      	subs	r2, r0, #0
10005694:	d100      	bne.n	10005698 <tud_task_ext+0x7b4>
10005696:	e5a7      	b.n	100051e8 <tud_task_ext+0x304>
10005698:	4658      	mov	r0, fp
1000569a:	7813      	ldrb	r3, [r2, #0]
1000569c:	a90e      	add	r1, sp, #56	@ 0x38
1000569e:	f000 f8ed 	bl	1000587c <tud_control_xfer>
100056a2:	e5b2      	b.n	1000520a <tud_task_ext+0x326>
100056a4:	8921      	ldrh	r1, [r4, #8]
100056a6:	f7ff f8c3 	bl	10004830 <tud_descriptor_string_cb>
100056aa:	1e02      	subs	r2, r0, #0
100056ac:	d1f4      	bne.n	10005698 <tud_task_ext+0x7b4>
100056ae:	e59b      	b.n	100051e8 <tud_task_ext+0x304>
100056b0:	2a02      	cmp	r2, #2
100056b2:	d00f      	beq.n	100056d4 <tud_task_ext+0x7f0>
100056b4:	f7ff fb82 	bl	10004dbc <tud_descriptor_other_speed_configuration_cb>
100056b8:	1e02      	subs	r2, r0, #0
100056ba:	d1c8      	bne.n	1000564e <tud_task_ext+0x76a>
100056bc:	e594      	b.n	100051e8 <tud_task_ext+0x304>
100056be:	f7ff f8af 	bl	10004820 <tud_descriptor_device_cb>
100056c2:	1e02      	subs	r2, r0, #0
100056c4:	d100      	bne.n	100056c8 <tud_task_ext+0x7e4>
100056c6:	e58f      	b.n	100051e8 <tud_task_ext+0x304>
100056c8:	2312      	movs	r3, #18
100056ca:	4658      	mov	r0, fp
100056cc:	a90e      	add	r1, sp, #56	@ 0x38
100056ce:	f000 f8d5 	bl	1000587c <tud_control_xfer>
100056d2:	e59a      	b.n	1000520a <tud_task_ext+0x326>
100056d4:	f7ff f8a8 	bl	10004828 <tud_descriptor_configuration_cb>
100056d8:	1e02      	subs	r2, r0, #0
100056da:	d1b8      	bne.n	1000564e <tud_task_ext+0x76a>
100056dc:	e584      	b.n	100051e8 <tud_task_ext+0x304>
100056de:	46c0      	nop			@ (mov r8, r8)
100056e0:	10005d35 	.word	0x10005d35

100056e4 <usbd_open_edpt_pair>:
100056e4:	b5f8      	push	{r3, r4, r5, r6, r7, lr}
100056e6:	4657      	mov	r7, sl
100056e8:	464e      	mov	r6, r9
100056ea:	46de      	mov	lr, fp
100056ec:	4645      	mov	r5, r8
100056ee:	000c      	movs	r4, r1
100056f0:	b5e0      	push	{r5, r6, r7, lr}
100056f2:	0016      	movs	r6, r2
100056f4:	001f      	movs	r7, r3
100056f6:	2a00      	cmp	r2, #0
100056f8:	d03c      	beq.n	10005774 <usbd_open_edpt_pair+0x90>
100056fa:	2370      	movs	r3, #112	@ 0x70
100056fc:	4698      	mov	r8, r3
100056fe:	4b1e      	ldr	r3, [pc, #120]	@ (10005778 <usbd_open_edpt_pair+0x94>)
10005700:	2500      	movs	r5, #0
10005702:	469b      	mov	fp, r3
10005704:	4b1d      	ldr	r3, [pc, #116]	@ (1000577c <usbd_open_edpt_pair+0x98>)
10005706:	469a      	mov	sl, r3
10005708:	e01a      	b.n	10005740 <usbd_open_edpt_pair+0x5c>
1000570a:	465b      	mov	r3, fp
1000570c:	781b      	ldrb	r3, [r3, #0]
1000570e:	0020      	movs	r0, r4
10005710:	4699      	mov	r9, r3
10005712:	4653      	mov	r3, sl
10005714:	7899      	ldrb	r1, [r3, #2]
10005716:	f000 fdeb 	bl	100062f0 <tu_edpt_validate>
1000571a:	2800      	cmp	r0, #0
1000571c:	d01c      	beq.n	10005758 <usbd_open_edpt_pair+0x74>
1000571e:	0021      	movs	r1, r4
10005720:	4648      	mov	r0, r9
10005722:	f7ff fa2f 	bl	10004b84 <dcd_edpt_open>
10005726:	2800      	cmp	r0, #0
10005728:	d016      	beq.n	10005758 <usbd_open_edpt_pair+0x74>
1000572a:	78a3      	ldrb	r3, [r4, #2]
1000572c:	09da      	lsrs	r2, r3, #7
1000572e:	2a01      	cmp	r2, #1
10005730:	d019      	beq.n	10005766 <usbd_open_edpt_pair+0x82>
10005732:	9a0a      	ldr	r2, [sp, #40]	@ 0x28
10005734:	3501      	adds	r5, #1
10005736:	7013      	strb	r3, [r2, #0]
10005738:	7823      	ldrb	r3, [r4, #0]
1000573a:	18e4      	adds	r4, r4, r3
1000573c:	42b5      	cmp	r5, r6
1000573e:	da19      	bge.n	10005774 <usbd_open_edpt_pair+0x90>
10005740:	7863      	ldrb	r3, [r4, #1]
10005742:	2b05      	cmp	r3, #5
10005744:	d108      	bne.n	10005758 <usbd_open_edpt_pair+0x74>
10005746:	78e3      	ldrb	r3, [r4, #3]
10005748:	079b      	lsls	r3, r3, #30
1000574a:	0f9b      	lsrs	r3, r3, #30
1000574c:	42bb      	cmp	r3, r7
1000574e:	d103      	bne.n	10005758 <usbd_open_edpt_pair+0x74>
10005750:	4642      	mov	r2, r8
10005752:	78a3      	ldrb	r3, [r4, #2]
10005754:	421a      	tst	r2, r3
10005756:	d0d8      	beq.n	1000570a <usbd_open_edpt_pair+0x26>
10005758:	2000      	movs	r0, #0
1000575a:	bcf0      	pop	{r4, r5, r6, r7}
1000575c:	46bb      	mov	fp, r7
1000575e:	46b2      	mov	sl, r6
10005760:	46a9      	mov	r9, r5
10005762:	46a0      	mov	r8, r4
10005764:	bdf8      	pop	{r3, r4, r5, r6, r7, pc}
10005766:	9a0b      	ldr	r2, [sp, #44]	@ 0x2c
10005768:	3501      	adds	r5, #1
1000576a:	7013      	strb	r3, [r2, #0]
1000576c:	7823      	ldrb	r3, [r4, #0]
1000576e:	18e4      	adds	r4, r4, r3
10005770:	42b5      	cmp	r5, r6
10005772:	dbe5      	blt.n	10005740 <usbd_open_edpt_pair+0x5c>
10005774:	2001      	movs	r0, #1
10005776:	e7f0      	b.n	1000575a <usbd_open_edpt_pair+0x76>
10005778:	200010a4 	.word	0x200010a4
1000577c:	200015e8 	.word	0x200015e8

10005780 <usbd_edpt_open>:
10005780:	2270      	movs	r2, #112	@ 0x70
10005782:	b570      	push	{r4, r5, r6, lr}
10005784:	788b      	ldrb	r3, [r1, #2]
10005786:	000c      	movs	r4, r1
10005788:	421a      	tst	r2, r3
1000578a:	d001      	beq.n	10005790 <usbd_edpt_open+0x10>
1000578c:	2000      	movs	r0, #0
1000578e:	bd70      	pop	{r4, r5, r6, pc}
10005790:	4b06      	ldr	r3, [pc, #24]	@ (100057ac <usbd_edpt_open+0x2c>)
10005792:	0020      	movs	r0, r4
10005794:	781d      	ldrb	r5, [r3, #0]
10005796:	4b06      	ldr	r3, [pc, #24]	@ (100057b0 <usbd_edpt_open+0x30>)
10005798:	7899      	ldrb	r1, [r3, #2]
1000579a:	f000 fda9 	bl	100062f0 <tu_edpt_validate>
1000579e:	2800      	cmp	r0, #0
100057a0:	d0f4      	beq.n	1000578c <usbd_edpt_open+0xc>
100057a2:	0021      	movs	r1, r4
100057a4:	0028      	movs	r0, r5
100057a6:	f7ff f9ed 	bl	10004b84 <dcd_edpt_open>
100057aa:	e7f0      	b.n	1000578e <usbd_edpt_open+0xe>
100057ac:	200010a4 	.word	0x200010a4
100057b0:	200015e8 	.word	0x200015e8

100057b4 <usbd_edpt_claim>:
100057b4:	000b      	movs	r3, r1
100057b6:	207f      	movs	r0, #127	@ 0x7f
100057b8:	b510      	push	{r4, lr}
100057ba:	4018      	ands	r0, r3
100057bc:	09db      	lsrs	r3, r3, #7
100057be:	3334      	adds	r3, #52	@ 0x34
100057c0:	0040      	lsls	r0, r0, #1
100057c2:	4a04      	ldr	r2, [pc, #16]	@ (100057d4 <usbd_edpt_claim+0x20>)
100057c4:	18c0      	adds	r0, r0, r3
100057c6:	4b04      	ldr	r3, [pc, #16]	@ (100057d8 <usbd_edpt_claim+0x24>)
100057c8:	6811      	ldr	r1, [r2, #0]
100057ca:	18c0      	adds	r0, r0, r3
100057cc:	f000 fd4c 	bl	10006268 <tu_edpt_claim>
100057d0:	bd10      	pop	{r4, pc}
100057d2:	46c0      	nop			@ (mov r8, r8)
100057d4:	2000163c 	.word	0x2000163c
100057d8:	200015e8 	.word	0x200015e8

100057dc <usbd_edpt_release>:
100057dc:	000b      	movs	r3, r1
100057de:	207f      	movs	r0, #127	@ 0x7f
100057e0:	b510      	push	{r4, lr}
100057e2:	4018      	ands	r0, r3
100057e4:	09db      	lsrs	r3, r3, #7
100057e6:	3334      	adds	r3, #52	@ 0x34
100057e8:	0040      	lsls	r0, r0, #1
100057ea:	4a04      	ldr	r2, [pc, #16]	@ (100057fc <usbd_edpt_release+0x20>)
100057ec:	18c0      	adds	r0, r0, r3
100057ee:	4b04      	ldr	r3, [pc, #16]	@ (10005800 <usbd_edpt_release+0x24>)
100057f0:	6811      	ldr	r1, [r2, #0]
100057f2:	18c0      	adds	r0, r0, r3
100057f4:	f000 fd60 	bl	100062b8 <tu_edpt_release>
100057f8:	bd10      	pop	{r4, pc}
100057fa:	46c0      	nop			@ (mov r8, r8)
100057fc:	2000163c 	.word	0x2000163c
10005800:	200015e8 	.word	0x200015e8

10005804 <usbd_edpt_xfer>:
10005804:	b570      	push	{r4, r5, r6, lr}
10005806:	247f      	movs	r4, #127	@ 0x7f
10005808:	480f      	ldr	r0, [pc, #60]	@ (10005848 <usbd_edpt_xfer+0x44>)
1000580a:	400c      	ands	r4, r1
1000580c:	0064      	lsls	r4, r4, #1
1000580e:	1904      	adds	r4, r0, r4
10005810:	09cd      	lsrs	r5, r1, #7
10005812:	1964      	adds	r4, r4, r5
10005814:	3430      	adds	r4, #48	@ 0x30
10005816:	7920      	ldrb	r0, [r4, #4]
10005818:	07c0      	lsls	r0, r0, #31
1000581a:	d501      	bpl.n	10005820 <usbd_edpt_xfer+0x1c>
1000581c:	2000      	movs	r0, #0
1000581e:	bd70      	pop	{r4, r5, r6, pc}
10005820:	2601      	movs	r6, #1
10005822:	7925      	ldrb	r5, [r4, #4]
10005824:	4809      	ldr	r0, [pc, #36]	@ (1000584c <usbd_edpt_xfer+0x48>)
10005826:	4335      	orrs	r5, r6
10005828:	7800      	ldrb	r0, [r0, #0]
1000582a:	7125      	strb	r5, [r4, #4]
1000582c:	f7ff fa38 	bl	10004ca0 <dcd_edpt_xfer>
10005830:	2800      	cmp	r0, #0
10005832:	d1f4      	bne.n	1000581e <usbd_edpt_xfer+0x1a>
10005834:	2201      	movs	r2, #1
10005836:	7923      	ldrb	r3, [r4, #4]
10005838:	4393      	bics	r3, r2
1000583a:	7123      	strb	r3, [r4, #4]
1000583c:	7923      	ldrb	r3, [r4, #4]
1000583e:	3203      	adds	r2, #3
10005840:	4393      	bics	r3, r2
10005842:	7123      	strb	r3, [r4, #4]
10005844:	e7ea      	b.n	1000581c <usbd_edpt_xfer+0x18>
10005846:	46c0      	nop			@ (mov r8, r8)
10005848:	200015e8 	.word	0x200015e8
1000584c:	200010a4 	.word	0x200010a4

10005850 <tud_control_status>:
10005850:	b570      	push	{r4, r5, r6, lr}
10005852:	4c09      	ldr	r4, [pc, #36]	@ (10005878 <tud_control_status+0x28>)
10005854:	0006      	movs	r6, r0
10005856:	2208      	movs	r2, #8
10005858:	0020      	movs	r0, r4
1000585a:	000d      	movs	r5, r1
1000585c:	f7fc feb4 	bl	100025c8 <__wrap___aeabi_memcpy>
10005860:	2300      	movs	r3, #0
10005862:	2180      	movs	r1, #128	@ 0x80
10005864:	60e3      	str	r3, [r4, #12]
10005866:	60a3      	str	r3, [r4, #8]
10005868:	782b      	ldrb	r3, [r5, #0]
1000586a:	0030      	movs	r0, r6
1000586c:	4399      	bics	r1, r3
1000586e:	2200      	movs	r2, #0
10005870:	2300      	movs	r3, #0
10005872:	f7ff ffc7 	bl	10005804 <usbd_edpt_xfer>
10005876:	bd70      	pop	{r4, r5, r6, pc}
10005878:	200015c8 	.word	0x200015c8

1000587c <tud_control_xfer>:
1000587c:	b5f8      	push	{r3, r4, r5, r6, r7, lr}
1000587e:	46ce      	mov	lr, r9
10005880:	4647      	mov	r7, r8
10005882:	4690      	mov	r8, r2
10005884:	4e25      	ldr	r6, [pc, #148]	@ (1000591c <tud_control_xfer+0xa0>)
10005886:	b580      	push	{r7, lr}
10005888:	4681      	mov	r9, r0
1000588a:	2208      	movs	r2, #8
1000588c:	0030      	movs	r0, r6
1000588e:	000d      	movs	r5, r1
10005890:	001f      	movs	r7, r3
10005892:	f7fc fe99 	bl	100025c8 <__wrap___aeabi_memcpy>
10005896:	4643      	mov	r3, r8
10005898:	60b3      	str	r3, [r6, #8]
1000589a:	2300      	movs	r3, #0
1000589c:	81f3      	strh	r3, [r6, #14]
1000589e:	79ec      	ldrb	r4, [r5, #7]
100058a0:	79ab      	ldrb	r3, [r5, #6]
100058a2:	0224      	lsls	r4, r4, #8
100058a4:	431c      	orrs	r4, r3
100058a6:	1c23      	adds	r3, r4, #0
100058a8:	42bc      	cmp	r4, r7
100058aa:	d900      	bls.n	100058ae <tud_control_xfer+0x32>
100058ac:	1c3b      	adds	r3, r7, #0
100058ae:	b29f      	uxth	r7, r3
100058b0:	81b3      	strh	r3, [r6, #12]
100058b2:	2c00      	cmp	r4, #0
100058b4:	d00d      	beq.n	100058d2 <tud_control_xfer+0x56>
100058b6:	2f00      	cmp	r7, #0
100058b8:	d017      	beq.n	100058ea <tud_control_xfer+0x6e>
100058ba:	4642      	mov	r2, r8
100058bc:	2a00      	cmp	r2, #0
100058be:	d02b      	beq.n	10005918 <tud_control_xfer+0x9c>
100058c0:	2f40      	cmp	r7, #64	@ 0x40
100058c2:	d81b      	bhi.n	100058fc <tud_control_xfer+0x80>
100058c4:	b29f      	uxth	r7, r3
100058c6:	7833      	ldrb	r3, [r6, #0]
100058c8:	2b7f      	cmp	r3, #127	@ 0x7f
100058ca:	d81c      	bhi.n	10005906 <tud_control_xfer+0x8a>
100058cc:	2100      	movs	r1, #0
100058ce:	4a14      	ldr	r2, [pc, #80]	@ (10005920 <tud_control_xfer+0xa4>)
100058d0:	e00f      	b.n	100058f2 <tud_control_xfer+0x76>
100058d2:	2180      	movs	r1, #128	@ 0x80
100058d4:	782b      	ldrb	r3, [r5, #0]
100058d6:	2200      	movs	r2, #0
100058d8:	4399      	bics	r1, r3
100058da:	4648      	mov	r0, r9
100058dc:	2300      	movs	r3, #0
100058de:	f7ff ff91 	bl	10005804 <usbd_edpt_xfer>
100058e2:	bcc0      	pop	{r6, r7}
100058e4:	46b9      	mov	r9, r7
100058e6:	46b0      	mov	r8, r6
100058e8:	bdf8      	pop	{r3, r4, r5, r6, r7, pc}
100058ea:	237f      	movs	r3, #127	@ 0x7f
100058ec:	2200      	movs	r2, #0
100058ee:	7831      	ldrb	r1, [r6, #0]
100058f0:	4399      	bics	r1, r3
100058f2:	003b      	movs	r3, r7
100058f4:	4648      	mov	r0, r9
100058f6:	f7ff ff85 	bl	10005804 <usbd_edpt_xfer>
100058fa:	e7f2      	b.n	100058e2 <tud_control_xfer+0x66>
100058fc:	2340      	movs	r3, #64	@ 0x40
100058fe:	b29f      	uxth	r7, r3
10005900:	7833      	ldrb	r3, [r6, #0]
10005902:	2b7f      	cmp	r3, #127	@ 0x7f
10005904:	d9e2      	bls.n	100058cc <tud_control_xfer+0x50>
10005906:	4c06      	ldr	r4, [pc, #24]	@ (10005920 <tud_control_xfer+0xa4>)
10005908:	003a      	movs	r2, r7
1000590a:	4641      	mov	r1, r8
1000590c:	0020      	movs	r0, r4
1000590e:	f7fc fe5b 	bl	100025c8 <__wrap___aeabi_memcpy>
10005912:	2180      	movs	r1, #128	@ 0x80
10005914:	0022      	movs	r2, r4
10005916:	e7ec      	b.n	100058f2 <tud_control_xfer+0x76>
10005918:	2000      	movs	r0, #0
1000591a:	e7e2      	b.n	100058e2 <tud_control_xfer+0x66>
1000591c:	200015c8 	.word	0x200015c8
10005920:	20001588 	.word	0x20001588

10005924 <usbd_control_reset>:
10005924:	b510      	push	{r4, lr}
10005926:	2214      	movs	r2, #20
10005928:	2100      	movs	r1, #0
1000592a:	4802      	ldr	r0, [pc, #8]	@ (10005934 <usbd_control_reset+0x10>)
1000592c:	f7fc fe46 	bl	100025bc <__wrap_memset>
10005930:	bd10      	pop	{r4, pc}
10005932:	46c0      	nop			@ (mov r8, r8)
10005934:	200015c8 	.word	0x200015c8

10005938 <usbd_control_set_complete_callback>:
10005938:	4b01      	ldr	r3, [pc, #4]	@ (10005940 <usbd_control_set_complete_callback+0x8>)
1000593a:	6118      	str	r0, [r3, #16]
1000593c:	4770      	bx	lr
1000593e:	46c0      	nop			@ (mov r8, r8)
10005940:	200015c8 	.word	0x200015c8

10005944 <usbd_control_set_request>:
10005944:	b510      	push	{r4, lr}
10005946:	4c05      	ldr	r4, [pc, #20]	@ (1000595c <usbd_control_set_request+0x18>)
10005948:	0001      	movs	r1, r0
1000594a:	2208      	movs	r2, #8
1000594c:	0020      	movs	r0, r4
1000594e:	f7fc fe3b 	bl	100025c8 <__wrap___aeabi_memcpy>
10005952:	2300      	movs	r3, #0
10005954:	60a3      	str	r3, [r4, #8]
10005956:	60e3      	str	r3, [r4, #12]
10005958:	bd10      	pop	{r4, pc}
1000595a:	46c0      	nop			@ (mov r8, r8)
1000595c:	200015c8 	.word	0x200015c8

10005960 <usbd_control_xfer_cb>:
10005960:	b570      	push	{r4, r5, r6, lr}
10005962:	4c38      	ldr	r4, [pc, #224]	@ (10005a44 <usbd_control_xfer_cb+0xe4>)
10005964:	001d      	movs	r5, r3
10005966:	7823      	ldrb	r3, [r4, #0]
10005968:	0006      	movs	r6, r0
1000596a:	09da      	lsrs	r2, r3, #7
1000596c:	09c9      	lsrs	r1, r1, #7
1000596e:	428a      	cmp	r2, r1
10005970:	d010      	beq.n	10005994 <usbd_control_xfer_cb+0x34>
10005972:	2000      	movs	r0, #0
10005974:	2d00      	cmp	r5, #0
10005976:	d000      	beq.n	1000597a <usbd_control_xfer_cb+0x1a>
10005978:	bd70      	pop	{r4, r5, r6, pc}
1000597a:	0021      	movs	r1, r4
1000597c:	0030      	movs	r0, r6
1000597e:	f7ff f8f3 	bl	10004b68 <dcd_edpt0_status_complete>
10005982:	6923      	ldr	r3, [r4, #16]
10005984:	2b00      	cmp	r3, #0
10005986:	d003      	beq.n	10005990 <usbd_control_xfer_cb+0x30>
10005988:	0022      	movs	r2, r4
1000598a:	2103      	movs	r1, #3
1000598c:	0030      	movs	r0, r6
1000598e:	4798      	blx	r3
10005990:	2001      	movs	r0, #1
10005992:	e7f1      	b.n	10005978 <usbd_control_xfer_cb+0x18>
10005994:	2b7f      	cmp	r3, #127	@ 0x7f
10005996:	d806      	bhi.n	100059a6 <usbd_control_xfer_cb+0x46>
10005998:	68a0      	ldr	r0, [r4, #8]
1000599a:	2800      	cmp	r0, #0
1000599c:	d034      	beq.n	10005a08 <usbd_control_xfer_cb+0xa8>
1000599e:	002a      	movs	r2, r5
100059a0:	4929      	ldr	r1, [pc, #164]	@ (10005a48 <usbd_control_xfer_cb+0xe8>)
100059a2:	f7fc fe11 	bl	100025c8 <__wrap___aeabi_memcpy>
100059a6:	89e2      	ldrh	r2, [r4, #14]
100059a8:	68a1      	ldr	r1, [r4, #8]
100059aa:	1952      	adds	r2, r2, r5
100059ac:	88e3      	ldrh	r3, [r4, #6]
100059ae:	b292      	uxth	r2, r2
100059b0:	1949      	adds	r1, r1, r5
100059b2:	81e2      	strh	r2, [r4, #14]
100059b4:	60a1      	str	r1, [r4, #8]
100059b6:	4293      	cmp	r3, r2
100059b8:	d014      	beq.n	100059e4 <usbd_control_xfer_cb+0x84>
100059ba:	2d3f      	cmp	r5, #63	@ 0x3f
100059bc:	d912      	bls.n	100059e4 <usbd_control_xfer_cb+0x84>
100059be:	89a3      	ldrh	r3, [r4, #12]
100059c0:	1a98      	subs	r0, r3, r2
100059c2:	1c05      	adds	r5, r0, #0
100059c4:	b280      	uxth	r0, r0
100059c6:	2840      	cmp	r0, #64	@ 0x40
100059c8:	d82a      	bhi.n	10005a20 <usbd_control_xfer_cb+0xc0>
100059ca:	7820      	ldrb	r0, [r4, #0]
100059cc:	b2ad      	uxth	r5, r5
100059ce:	287f      	cmp	r0, #127	@ 0x7f
100059d0:	d828      	bhi.n	10005a24 <usbd_control_xfer_cb+0xc4>
100059d2:	2100      	movs	r1, #0
100059d4:	429a      	cmp	r2, r3
100059d6:	d032      	beq.n	10005a3e <usbd_control_xfer_cb+0xde>
100059d8:	4a1b      	ldr	r2, [pc, #108]	@ (10005a48 <usbd_control_xfer_cb+0xe8>)
100059da:	002b      	movs	r3, r5
100059dc:	0030      	movs	r0, r6
100059de:	f7ff ff11 	bl	10005804 <usbd_edpt_xfer>
100059e2:	e7c9      	b.n	10005978 <usbd_control_xfer_cb+0x18>
100059e4:	6923      	ldr	r3, [r4, #16]
100059e6:	2b00      	cmp	r3, #0
100059e8:	d005      	beq.n	100059f6 <usbd_control_xfer_cb+0x96>
100059ea:	0022      	movs	r2, r4
100059ec:	2102      	movs	r1, #2
100059ee:	0030      	movs	r0, r6
100059f0:	4798      	blx	r3
100059f2:	2800      	cmp	r0, #0
100059f4:	d00a      	beq.n	10005a0c <usbd_control_xfer_cb+0xac>
100059f6:	2180      	movs	r1, #128	@ 0x80
100059f8:	7823      	ldrb	r3, [r4, #0]
100059fa:	2200      	movs	r2, #0
100059fc:	4399      	bics	r1, r3
100059fe:	0030      	movs	r0, r6
10005a00:	2300      	movs	r3, #0
10005a02:	f7ff feff 	bl	10005804 <usbd_edpt_xfer>
10005a06:	e7b7      	b.n	10005978 <usbd_control_xfer_cb+0x18>
10005a08:	2000      	movs	r0, #0
10005a0a:	e7b5      	b.n	10005978 <usbd_control_xfer_cb+0x18>
10005a0c:	2100      	movs	r1, #0
10005a0e:	0030      	movs	r0, r6
10005a10:	f7ff f958 	bl	10004cc4 <dcd_edpt_stall>
10005a14:	0030      	movs	r0, r6
10005a16:	2180      	movs	r1, #128	@ 0x80
10005a18:	f7ff f954 	bl	10004cc4 <dcd_edpt_stall>
10005a1c:	2001      	movs	r0, #1
10005a1e:	e7ab      	b.n	10005978 <usbd_control_xfer_cb+0x18>
10005a20:	2540      	movs	r5, #64	@ 0x40
10005a22:	e7d2      	b.n	100059ca <usbd_control_xfer_cb+0x6a>
10005a24:	429a      	cmp	r2, r3
10005a26:	d007      	beq.n	10005a38 <usbd_control_xfer_cb+0xd8>
10005a28:	4c07      	ldr	r4, [pc, #28]	@ (10005a48 <usbd_control_xfer_cb+0xe8>)
10005a2a:	002a      	movs	r2, r5
10005a2c:	0020      	movs	r0, r4
10005a2e:	f7fc fdcb 	bl	100025c8 <__wrap___aeabi_memcpy>
10005a32:	2180      	movs	r1, #128	@ 0x80
10005a34:	0022      	movs	r2, r4
10005a36:	e7d0      	b.n	100059da <usbd_control_xfer_cb+0x7a>
10005a38:	2180      	movs	r1, #128	@ 0x80
10005a3a:	2200      	movs	r2, #0
10005a3c:	e7cd      	b.n	100059da <usbd_control_xfer_cb+0x7a>
10005a3e:	2200      	movs	r2, #0
10005a40:	e7cb      	b.n	100059da <usbd_control_xfer_cb+0x7a>
10005a42:	46c0      	nop			@ (mov r8, r8)
10005a44:	200015c8 	.word	0x200015c8
10005a48:	20001588 	.word	0x20001588

10005a4c <_prep_out_transaction.isra.0>:
10005a4c:	b570      	push	{r4, r5, r6, lr}
10005a4e:	0004      	movs	r4, r0
10005a50:	f7ff f9be 	bl	10004dd0 <tud_mounted>
10005a54:	2800      	cmp	r0, #0
10005a56:	d100      	bne.n	10005a5a <_prep_out_transaction.isra.0+0xe>
10005a58:	bd70      	pop	{r4, r5, r6, pc}
10005a5a:	f7ff f9c1 	bl	10004de0 <tud_suspended>
10005a5e:	2800      	cmp	r0, #0
10005a60:	d1fa      	bne.n	10005a58 <_prep_out_transaction.isra.0+0xc>
10005a62:	23c8      	movs	r3, #200	@ 0xc8
10005a64:	4363      	muls	r3, r4
10005a66:	4d12      	ldr	r5, [pc, #72]	@ (10005ab0 <_prep_out_transaction.isra.0+0x64>)
10005a68:	18ee      	adds	r6, r5, r3
10005a6a:	78f1      	ldrb	r1, [r6, #3]
10005a6c:	2900      	cmp	r1, #0
10005a6e:	d0f3      	beq.n	10005a58 <_prep_out_transaction.isra.0+0xc>
10005a70:	3310      	adds	r3, #16
10005a72:	195d      	adds	r5, r3, r5
10005a74:	0028      	movs	r0, r5
10005a76:	f000 fdf3 	bl	10006660 <tu_fifo_remaining>
10005a7a:	283f      	cmp	r0, #63	@ 0x3f
10005a7c:	d9ec      	bls.n	10005a58 <_prep_out_transaction.isra.0+0xc>
10005a7e:	2000      	movs	r0, #0
10005a80:	78f1      	ldrb	r1, [r6, #3]
10005a82:	f7ff fe97 	bl	100057b4 <usbd_edpt_claim>
10005a86:	2800      	cmp	r0, #0
10005a88:	d0e6      	beq.n	10005a58 <_prep_out_transaction.isra.0+0xc>
10005a8a:	0028      	movs	r0, r5
10005a8c:	f000 fde8 	bl	10006660 <tu_fifo_remaining>
10005a90:	78f1      	ldrb	r1, [r6, #3]
10005a92:	283f      	cmp	r0, #63	@ 0x3f
10005a94:	d907      	bls.n	10005aa6 <_prep_out_transaction.isra.0+0x5a>
10005a96:	4b07      	ldr	r3, [pc, #28]	@ (10005ab4 <_prep_out_transaction.isra.0+0x68>)
10005a98:	01e2      	lsls	r2, r4, #7
10005a9a:	18d2      	adds	r2, r2, r3
10005a9c:	2000      	movs	r0, #0
10005a9e:	2340      	movs	r3, #64	@ 0x40
10005aa0:	f7ff feb0 	bl	10005804 <usbd_edpt_xfer>
10005aa4:	e7d8      	b.n	10005a58 <_prep_out_transaction.isra.0+0xc>
10005aa6:	2000      	movs	r0, #0
10005aa8:	f7ff fe98 	bl	100057dc <usbd_edpt_release>
10005aac:	e7d4      	b.n	10005a58 <_prep_out_transaction.isra.0+0xc>
10005aae:	46c0      	nop			@ (mov r8, r8)
10005ab0:	200014c0 	.word	0x200014c0
10005ab4:	2000143c 	.word	0x2000143c

10005ab8 <tud_cdc_n_connected>:
10005ab8:	b510      	push	{r4, lr}
10005aba:	0004      	movs	r4, r0
10005abc:	f7ff f988 	bl	10004dd0 <tud_mounted>
10005ac0:	2800      	cmp	r0, #0
10005ac2:	d101      	bne.n	10005ac8 <tud_cdc_n_connected+0x10>
10005ac4:	2000      	movs	r0, #0
10005ac6:	bd10      	pop	{r4, pc}
10005ac8:	f7ff f98a 	bl	10004de0 <tud_suspended>
10005acc:	2800      	cmp	r0, #0
10005ace:	d1f9      	bne.n	10005ac4 <tud_cdc_n_connected+0xc>
10005ad0:	22c8      	movs	r2, #200	@ 0xc8
10005ad2:	4362      	muls	r2, r4
10005ad4:	4b02      	ldr	r3, [pc, #8]	@ (10005ae0 <tud_cdc_n_connected+0x28>)
10005ad6:	3001      	adds	r0, #1
10005ad8:	189b      	adds	r3, r3, r2
10005ada:	791b      	ldrb	r3, [r3, #4]
10005adc:	4018      	ands	r0, r3
10005ade:	e7f2      	b.n	10005ac6 <tud_cdc_n_connected+0xe>
10005ae0:	200014c0 	.word	0x200014c0

10005ae4 <tud_cdc_n_available>:
10005ae4:	23c8      	movs	r3, #200	@ 0xc8
10005ae6:	b510      	push	{r4, lr}
10005ae8:	4343      	muls	r3, r0
10005aea:	4802      	ldr	r0, [pc, #8]	@ (10005af4 <tud_cdc_n_available+0x10>)
10005aec:	1818      	adds	r0, r3, r0
10005aee:	f000 fd99 	bl	10006624 <tu_fifo_count>
10005af2:	bd10      	pop	{r4, pc}
10005af4:	200014d0 	.word	0x200014d0

10005af8 <tud_cdc_n_read>:
10005af8:	b5f8      	push	{r3, r4, r5, r6, r7, lr}
10005afa:	24c8      	movs	r4, #200	@ 0xc8
10005afc:	2380      	movs	r3, #128	@ 0x80
10005afe:	4344      	muls	r4, r0
10005b00:	4f1c      	ldr	r7, [pc, #112]	@ (10005b74 <tud_cdc_n_read+0x7c>)
10005b02:	3410      	adds	r4, #16
10005b04:	0005      	movs	r5, r0
10005b06:	193c      	adds	r4, r7, r4
10005b08:	025b      	lsls	r3, r3, #9
10005b0a:	429a      	cmp	r2, r3
10005b0c:	d300      	bcc.n	10005b10 <tud_cdc_n_read+0x18>
10005b0e:	4a1a      	ldr	r2, [pc, #104]	@ (10005b78 <tud_cdc_n_read+0x80>)
10005b10:	0020      	movs	r0, r4
10005b12:	b292      	uxth	r2, r2
10005b14:	f000 fe08 	bl	10006728 <tu_fifo_read_n>
10005b18:	0006      	movs	r6, r0
10005b1a:	f7ff f959 	bl	10004dd0 <tud_mounted>
10005b1e:	2800      	cmp	r0, #0
10005b20:	d101      	bne.n	10005b26 <tud_cdc_n_read+0x2e>
10005b22:	0030      	movs	r0, r6
10005b24:	bdf8      	pop	{r3, r4, r5, r6, r7, pc}
10005b26:	f7ff f95b 	bl	10004de0 <tud_suspended>
10005b2a:	2800      	cmp	r0, #0
10005b2c:	d1f9      	bne.n	10005b22 <tud_cdc_n_read+0x2a>
10005b2e:	23c8      	movs	r3, #200	@ 0xc8
10005b30:	436b      	muls	r3, r5
10005b32:	18ff      	adds	r7, r7, r3
10005b34:	78fb      	ldrb	r3, [r7, #3]
10005b36:	2b00      	cmp	r3, #0
10005b38:	d0f3      	beq.n	10005b22 <tud_cdc_n_read+0x2a>
10005b3a:	0020      	movs	r0, r4
10005b3c:	f000 fd90 	bl	10006660 <tu_fifo_remaining>
10005b40:	283f      	cmp	r0, #63	@ 0x3f
10005b42:	d9ee      	bls.n	10005b22 <tud_cdc_n_read+0x2a>
10005b44:	2000      	movs	r0, #0
10005b46:	78f9      	ldrb	r1, [r7, #3]
10005b48:	f7ff fe34 	bl	100057b4 <usbd_edpt_claim>
10005b4c:	2800      	cmp	r0, #0
10005b4e:	d0e8      	beq.n	10005b22 <tud_cdc_n_read+0x2a>
10005b50:	0020      	movs	r0, r4
10005b52:	f000 fd85 	bl	10006660 <tu_fifo_remaining>
10005b56:	78f9      	ldrb	r1, [r7, #3]
10005b58:	283f      	cmp	r0, #63	@ 0x3f
10005b5a:	d907      	bls.n	10005b6c <tud_cdc_n_read+0x74>
10005b5c:	4b07      	ldr	r3, [pc, #28]	@ (10005b7c <tud_cdc_n_read+0x84>)
10005b5e:	01ea      	lsls	r2, r5, #7
10005b60:	18d2      	adds	r2, r2, r3
10005b62:	2000      	movs	r0, #0
10005b64:	2340      	movs	r3, #64	@ 0x40
10005b66:	f7ff fe4d 	bl	10005804 <usbd_edpt_xfer>
10005b6a:	e7da      	b.n	10005b22 <tud_cdc_n_read+0x2a>
10005b6c:	2000      	movs	r0, #0
10005b6e:	f7ff fe35 	bl	100057dc <usbd_edpt_release>
10005b72:	e7d6      	b.n	10005b22 <tud_cdc_n_read+0x2a>
10005b74:	200014c0 	.word	0x200014c0
10005b78:	0000ffff 	.word	0x0000ffff
10005b7c:	2000143c 	.word	0x2000143c

10005b80 <tud_cdc_n_write_flush>:
10005b80:	b5f8      	push	{r3, r4, r5, r6, r7, lr}
10005b82:	0004      	movs	r4, r0
10005b84:	f7ff f924 	bl	10004dd0 <tud_mounted>
10005b88:	2800      	cmp	r0, #0
10005b8a:	d101      	bne.n	10005b90 <tud_cdc_n_write_flush+0x10>
10005b8c:	2000      	movs	r0, #0
10005b8e:	bdf8      	pop	{r3, r4, r5, r6, r7, pc}
10005b90:	f7ff f926 	bl	10004de0 <tud_suspended>
10005b94:	2800      	cmp	r0, #0
10005b96:	d1f9      	bne.n	10005b8c <tud_cdc_n_write_flush+0xc>
10005b98:	25c8      	movs	r5, #200	@ 0xc8
10005b9a:	4365      	muls	r5, r4
10005b9c:	002e      	movs	r6, r5
10005b9e:	4f13      	ldr	r7, [pc, #76]	@ (10005bec <tud_cdc_n_write_flush+0x6c>)
10005ba0:	3624      	adds	r6, #36	@ 0x24
10005ba2:	19f6      	adds	r6, r6, r7
10005ba4:	0030      	movs	r0, r6
10005ba6:	f000 fd3d 	bl	10006624 <tu_fifo_count>
10005baa:	2800      	cmp	r0, #0
10005bac:	d0ee      	beq.n	10005b8c <tud_cdc_n_write_flush+0xc>
10005bae:	197f      	adds	r7, r7, r5
10005bb0:	2000      	movs	r0, #0
10005bb2:	78b9      	ldrb	r1, [r7, #2]
10005bb4:	f7ff fdfe 	bl	100057b4 <usbd_edpt_claim>
10005bb8:	2800      	cmp	r0, #0
10005bba:	d0e7      	beq.n	10005b8c <tud_cdc_n_write_flush+0xc>
10005bbc:	4d0c      	ldr	r5, [pc, #48]	@ (10005bf0 <tud_cdc_n_write_flush+0x70>)
10005bbe:	01e4      	lsls	r4, r4, #7
10005bc0:	1965      	adds	r5, r4, r5
10005bc2:	0029      	movs	r1, r5
10005bc4:	2240      	movs	r2, #64	@ 0x40
10005bc6:	0030      	movs	r0, r6
10005bc8:	f000 fdae 	bl	10006728 <tu_fifo_read_n>
10005bcc:	78b9      	ldrb	r1, [r7, #2]
10005bce:	1e04      	subs	r4, r0, #0
10005bd0:	d008      	beq.n	10005be4 <tud_cdc_n_write_flush+0x64>
10005bd2:	0003      	movs	r3, r0
10005bd4:	002a      	movs	r2, r5
10005bd6:	2000      	movs	r0, #0
10005bd8:	f7ff fe14 	bl	10005804 <usbd_edpt_xfer>
10005bdc:	2800      	cmp	r0, #0
10005bde:	d0d5      	beq.n	10005b8c <tud_cdc_n_write_flush+0xc>
10005be0:	0020      	movs	r0, r4
10005be2:	e7d4      	b.n	10005b8e <tud_cdc_n_write_flush+0xe>
10005be4:	2000      	movs	r0, #0
10005be6:	f7ff fdf9 	bl	100057dc <usbd_edpt_release>
10005bea:	e7cf      	b.n	10005b8c <tud_cdc_n_write_flush+0xc>
10005bec:	200014c0 	.word	0x200014c0
10005bf0:	2000147c 	.word	0x2000147c

10005bf4 <tud_cdc_n_write>:
10005bf4:	b570      	push	{r4, r5, r6, lr}
10005bf6:	24c8      	movs	r4, #200	@ 0xc8
10005bf8:	4344      	muls	r4, r0
10005bfa:	4b0c      	ldr	r3, [pc, #48]	@ (10005c2c <tud_cdc_n_write+0x38>)
10005bfc:	0005      	movs	r5, r0
10005bfe:	18e4      	adds	r4, r4, r3
10005c00:	2380      	movs	r3, #128	@ 0x80
10005c02:	025b      	lsls	r3, r3, #9
10005c04:	429a      	cmp	r2, r3
10005c06:	d300      	bcc.n	10005c0a <tud_cdc_n_write+0x16>
10005c08:	4a09      	ldr	r2, [pc, #36]	@ (10005c30 <tud_cdc_n_write+0x3c>)
10005c0a:	0020      	movs	r0, r4
10005c0c:	b292      	uxth	r2, r2
10005c0e:	f000 fe51 	bl	100068b4 <tu_fifo_write_n>
10005c12:	0006      	movs	r6, r0
10005c14:	0020      	movs	r0, r4
10005c16:	f000 fd05 	bl	10006624 <tu_fifo_count>
10005c1a:	283f      	cmp	r0, #63	@ 0x3f
10005c1c:	d801      	bhi.n	10005c22 <tud_cdc_n_write+0x2e>
10005c1e:	0030      	movs	r0, r6
10005c20:	bd70      	pop	{r4, r5, r6, pc}
10005c22:	0028      	movs	r0, r5
10005c24:	f7ff ffac 	bl	10005b80 <tud_cdc_n_write_flush>
10005c28:	e7f9      	b.n	10005c1e <tud_cdc_n_write+0x2a>
10005c2a:	46c0      	nop			@ (mov r8, r8)
10005c2c:	200014e4 	.word	0x200014e4
10005c30:	0000ffff 	.word	0x0000ffff

10005c34 <tud_cdc_n_write_available>:
10005c34:	23c8      	movs	r3, #200	@ 0xc8
10005c36:	b510      	push	{r4, lr}
10005c38:	4343      	muls	r3, r0
10005c3a:	4802      	ldr	r0, [pc, #8]	@ (10005c44 <tud_cdc_n_write_available+0x10>)
10005c3c:	1818      	adds	r0, r3, r0
10005c3e:	f000 fd0f 	bl	10006660 <tu_fifo_remaining>
10005c42:	bd10      	pop	{r4, pc}
10005c44:	200014e4 	.word	0x200014e4

10005c48 <cdcd_init>:
10005c48:	b5f0      	push	{r4, r5, r6, r7, lr}
10005c4a:	2500      	movs	r5, #0
10005c4c:	4c18      	ldr	r4, [pc, #96]	@ (10005cb0 <cdcd_init+0x68>)
10005c4e:	b083      	sub	sp, #12
10005c50:	22c8      	movs	r2, #200	@ 0xc8
10005c52:	2100      	movs	r1, #0
10005c54:	0020      	movs	r0, r4
10005c56:	f7fc fcb1 	bl	100025bc <__wrap_memset>
10005c5a:	4b16      	ldr	r3, [pc, #88]	@ (10005cb4 <cdcd_init+0x6c>)
10005c5c:	0021      	movs	r1, r4
10005c5e:	701d      	strb	r5, [r3, #0]
10005c60:	23ff      	movs	r3, #255	@ 0xff
10005c62:	7163      	strb	r3, [r4, #5]
10005c64:	23e1      	movs	r3, #225	@ 0xe1
10005c66:	025b      	lsls	r3, r3, #9
10005c68:	60a3      	str	r3, [r4, #8]
10005c6a:	0020      	movs	r0, r4
10005c6c:	2308      	movs	r3, #8
10005c6e:	2240      	movs	r2, #64	@ 0x40
10005c70:	73a3      	strb	r3, [r4, #14]
10005c72:	3138      	adds	r1, #56	@ 0x38
10005c74:	9500      	str	r5, [sp, #0]
10005c76:	3b07      	subs	r3, #7
10005c78:	3010      	adds	r0, #16
10005c7a:	f000 fc9d 	bl	100065b8 <tu_fifo_config>
10005c7e:	0027      	movs	r7, r4
10005c80:	2301      	movs	r3, #1
10005c82:	0021      	movs	r1, r4
10005c84:	0020      	movs	r0, r4
10005c86:	0026      	movs	r6, r4
10005c88:	2240      	movs	r2, #64	@ 0x40
10005c8a:	3178      	adds	r1, #120	@ 0x78
10005c8c:	9300      	str	r3, [sp, #0]
10005c8e:	37b8      	adds	r7, #184	@ 0xb8
10005c90:	3024      	adds	r0, #36	@ 0x24
10005c92:	f000 fc91 	bl	100065b8 <tu_fifo_config>
10005c96:	36c0      	adds	r6, #192	@ 0xc0
10005c98:	0038      	movs	r0, r7
10005c9a:	f7fa fe5d 	bl	10000958 <mutex_init>
10005c9e:	0030      	movs	r0, r6
10005ca0:	f7fa fe5a 	bl	10000958 <mutex_init>
10005ca4:	61e5      	str	r5, [r4, #28]
10005ca6:	6227      	str	r7, [r4, #32]
10005ca8:	6326      	str	r6, [r4, #48]	@ 0x30
10005caa:	6365      	str	r5, [r4, #52]	@ 0x34
10005cac:	b003      	add	sp, #12
10005cae:	bdf0      	pop	{r4, r5, r6, r7, pc}
10005cb0:	200014c0 	.word	0x200014c0
10005cb4:	200014bc 	.word	0x200014bc

10005cb8 <cdcd_deinit>:
10005cb8:	4a0a      	ldr	r2, [pc, #40]	@ (10005ce4 <cdcd_deinit+0x2c>)
10005cba:	6b11      	ldr	r1, [r2, #48]	@ 0x30
10005cbc:	6a13      	ldr	r3, [r2, #32]
10005cbe:	2900      	cmp	r1, #0
10005cc0:	d00c      	beq.n	10005cdc <cdcd_deinit+0x24>
10005cc2:	2b00      	cmp	r3, #0
10005cc4:	d007      	beq.n	10005cd6 <cdcd_deinit+0x1e>
10005cc6:	2300      	movs	r3, #0
10005cc8:	61d3      	str	r3, [r2, #28]
10005cca:	6353      	str	r3, [r2, #52]	@ 0x34
10005ccc:	6313      	str	r3, [r2, #48]	@ 0x30
10005cce:	2300      	movs	r3, #0
10005cd0:	6213      	str	r3, [r2, #32]
10005cd2:	2001      	movs	r0, #1
10005cd4:	4770      	bx	lr
10005cd6:	6353      	str	r3, [r2, #52]	@ 0x34
10005cd8:	6313      	str	r3, [r2, #48]	@ 0x30
10005cda:	e7fa      	b.n	10005cd2 <cdcd_deinit+0x1a>
10005cdc:	2b00      	cmp	r3, #0
10005cde:	d0f8      	beq.n	10005cd2 <cdcd_deinit+0x1a>
10005ce0:	61d1      	str	r1, [r2, #28]
10005ce2:	e7f4      	b.n	10005cce <cdcd_deinit+0x16>
10005ce4:	200014c0 	.word	0x200014c0

10005ce8 <cdcd_reset>:
10005ce8:	b570      	push	{r4, r5, r6, lr}
10005cea:	4c0f      	ldr	r4, [pc, #60]	@ (10005d28 <cdcd_reset+0x40>)
10005cec:	2205      	movs	r2, #5
10005cee:	2100      	movs	r1, #0
10005cf0:	0020      	movs	r0, r4
10005cf2:	f7fc fc63 	bl	100025bc <__wrap_memset>
10005cf6:	4d0d      	ldr	r5, [pc, #52]	@ (10005d2c <cdcd_reset+0x44>)
10005cf8:	782b      	ldrb	r3, [r5, #0]
10005cfa:	07da      	lsls	r2, r3, #31
10005cfc:	d507      	bpl.n	10005d0e <cdcd_reset+0x26>
10005cfe:	4c0c      	ldr	r4, [pc, #48]	@ (10005d30 <cdcd_reset+0x48>)
10005d00:	079b      	lsls	r3, r3, #30
10005d02:	d50c      	bpl.n	10005d1e <cdcd_reset+0x36>
10005d04:	2101      	movs	r1, #1
10005d06:	0020      	movs	r0, r4
10005d08:	f000 feb0 	bl	10006a6c <tu_fifo_set_overwritable>
10005d0c:	bd70      	pop	{r4, r5, r6, pc}
10005d0e:	0020      	movs	r0, r4
10005d10:	3010      	adds	r0, #16
10005d12:	f000 fe8b 	bl	10006a2c <tu_fifo_clear>
10005d16:	782b      	ldrb	r3, [r5, #0]
10005d18:	4c05      	ldr	r4, [pc, #20]	@ (10005d30 <cdcd_reset+0x48>)
10005d1a:	079b      	lsls	r3, r3, #30
10005d1c:	d4f2      	bmi.n	10005d04 <cdcd_reset+0x1c>
10005d1e:	0020      	movs	r0, r4
10005d20:	f000 fe84 	bl	10006a2c <tu_fifo_clear>
10005d24:	e7ee      	b.n	10005d04 <cdcd_reset+0x1c>
10005d26:	46c0      	nop			@ (mov r8, r8)
10005d28:	200014c0 	.word	0x200014c0
10005d2c:	200014bc 	.word	0x200014bc
10005d30:	200014e4 	.word	0x200014e4

10005d34 <cdcd_open>:
10005d34:	b5f0      	push	{r4, r5, r6, r7, lr}
10005d36:	794b      	ldrb	r3, [r1, #5]
10005d38:	0006      	movs	r6, r0
10005d3a:	b083      	sub	sp, #12
10005d3c:	2b02      	cmp	r3, #2
10005d3e:	d102      	bne.n	10005d46 <cdcd_open+0x12>
10005d40:	798b      	ldrb	r3, [r1, #6]
10005d42:	2b02      	cmp	r3, #2
10005d44:	d003      	beq.n	10005d4e <cdcd_open+0x1a>
10005d46:	2500      	movs	r5, #0
10005d48:	0028      	movs	r0, r5
10005d4a:	b003      	add	sp, #12
10005d4c:	bdf0      	pop	{r4, r5, r6, r7, pc}
10005d4e:	4f20      	ldr	r7, [pc, #128]	@ (10005dd0 <cdcd_open+0x9c>)
10005d50:	78bb      	ldrb	r3, [r7, #2]
10005d52:	2b00      	cmp	r3, #0
10005d54:	d1f7      	bne.n	10005d46 <cdcd_open+0x12>
10005d56:	788b      	ldrb	r3, [r1, #2]
10005d58:	2509      	movs	r5, #9
10005d5a:	703b      	strb	r3, [r7, #0]
10005d5c:	780c      	ldrb	r4, [r1, #0]
10005d5e:	190c      	adds	r4, r1, r4
10005d60:	7863      	ldrb	r3, [r4, #1]
10005d62:	2b24      	cmp	r3, #36	@ 0x24
10005d64:	d007      	beq.n	10005d76 <cdcd_open+0x42>
10005d66:	e00c      	b.n	10005d82 <cdcd_open+0x4e>
10005d68:	7823      	ldrb	r3, [r4, #0]
10005d6a:	18e4      	adds	r4, r4, r3
10005d6c:	195d      	adds	r5, r3, r5
10005d6e:	7863      	ldrb	r3, [r4, #1]
10005d70:	b2ad      	uxth	r5, r5
10005d72:	2b24      	cmp	r3, #36	@ 0x24
10005d74:	d105      	bne.n	10005d82 <cdcd_open+0x4e>
10005d76:	4295      	cmp	r5, r2
10005d78:	d9f6      	bls.n	10005d68 <cdcd_open+0x34>
10005d7a:	2000      	movs	r0, #0
10005d7c:	f7ff fe66 	bl	10005a4c <_prep_out_transaction.isra.0>
10005d80:	e7e2      	b.n	10005d48 <cdcd_open+0x14>
10005d82:	001a      	movs	r2, r3
10005d84:	2b05      	cmp	r3, #5
10005d86:	d015      	beq.n	10005db4 <cdcd_open+0x80>
10005d88:	2a04      	cmp	r2, #4
10005d8a:	d1f6      	bne.n	10005d7a <cdcd_open+0x46>
10005d8c:	7963      	ldrb	r3, [r4, #5]
10005d8e:	2b0a      	cmp	r3, #10
10005d90:	d1f3      	bne.n	10005d7a <cdcd_open+0x46>
10005d92:	4b10      	ldr	r3, [pc, #64]	@ (10005dd4 <cdcd_open+0xa0>)
10005d94:	7827      	ldrb	r7, [r4, #0]
10005d96:	9301      	str	r3, [sp, #4]
10005d98:	3301      	adds	r3, #1
10005d9a:	9300      	str	r3, [sp, #0]
10005d9c:	0030      	movs	r0, r6
10005d9e:	2302      	movs	r3, #2
10005da0:	19e1      	adds	r1, r4, r7
10005da2:	3a02      	subs	r2, #2
10005da4:	f7ff fc9e 	bl	100056e4 <usbd_open_edpt_pair>
10005da8:	2800      	cmp	r0, #0
10005daa:	d0cc      	beq.n	10005d46 <cdcd_open+0x12>
10005dac:	350e      	adds	r5, #14
10005dae:	19ed      	adds	r5, r5, r7
10005db0:	b2ad      	uxth	r5, r5
10005db2:	e7e2      	b.n	10005d7a <cdcd_open+0x46>
10005db4:	0021      	movs	r1, r4
10005db6:	0030      	movs	r0, r6
10005db8:	f7ff fce2 	bl	10005780 <usbd_edpt_open>
10005dbc:	2800      	cmp	r0, #0
10005dbe:	d0c2      	beq.n	10005d46 <cdcd_open+0x12>
10005dc0:	78a3      	ldrb	r3, [r4, #2]
10005dc2:	707b      	strb	r3, [r7, #1]
10005dc4:	7823      	ldrb	r3, [r4, #0]
10005dc6:	195d      	adds	r5, r3, r5
10005dc8:	18e4      	adds	r4, r4, r3
10005dca:	7862      	ldrb	r2, [r4, #1]
10005dcc:	b2ad      	uxth	r5, r5
10005dce:	e7db      	b.n	10005d88 <cdcd_open+0x54>
10005dd0:	200014c0 	.word	0x200014c0
10005dd4:	200014c2 	.word	0x200014c2

10005dd8 <cdcd_control_xfer_cb>:
10005dd8:	b5f8      	push	{r3, r4, r5, r6, r7, lr}
10005dda:	2360      	movs	r3, #96	@ 0x60
10005ddc:	0014      	movs	r4, r2
10005dde:	7812      	ldrb	r2, [r2, #0]
10005de0:	0005      	movs	r5, r0
10005de2:	4013      	ands	r3, r2
10005de4:	2000      	movs	r0, #0
10005de6:	2b20      	cmp	r3, #32
10005de8:	d107      	bne.n	10005dfa <cdcd_control_xfer_cb+0x22>
10005dea:	4a30      	ldr	r2, [pc, #192]	@ (10005eac <cdcd_control_xfer_cb+0xd4>)
10005dec:	7963      	ldrb	r3, [r4, #5]
10005dee:	7927      	ldrb	r7, [r4, #4]
10005df0:	7816      	ldrb	r6, [r2, #0]
10005df2:	021b      	lsls	r3, r3, #8
10005df4:	433b      	orrs	r3, r7
10005df6:	429e      	cmp	r6, r3
10005df8:	d000      	beq.n	10005dfc <cdcd_control_xfer_cb+0x24>
10005dfa:	bdf8      	pop	{r3, r4, r5, r6, r7, pc}
10005dfc:	7863      	ldrb	r3, [r4, #1]
10005dfe:	2b22      	cmp	r3, #34	@ 0x22
10005e00:	d01a      	beq.n	10005e38 <cdcd_control_xfer_cb+0x60>
10005e02:	d807      	bhi.n	10005e14 <cdcd_control_xfer_cb+0x3c>
10005e04:	2b20      	cmp	r3, #32
10005e06:	d034      	beq.n	10005e72 <cdcd_control_xfer_cb+0x9a>
10005e08:	2b21      	cmp	r3, #33	@ 0x21
10005e0a:	d1f6      	bne.n	10005dfa <cdcd_control_xfer_cb+0x22>
10005e0c:	2901      	cmp	r1, #1
10005e0e:	d03e      	beq.n	10005e8e <cdcd_control_xfer_cb+0xb6>
10005e10:	2001      	movs	r0, #1
10005e12:	e7f2      	b.n	10005dfa <cdcd_control_xfer_cb+0x22>
10005e14:	2b23      	cmp	r3, #35	@ 0x23
10005e16:	d1f0      	bne.n	10005dfa <cdcd_control_xfer_cb+0x22>
10005e18:	2901      	cmp	r1, #1
10005e1a:	d040      	beq.n	10005e9e <cdcd_control_xfer_cb+0xc6>
10005e1c:	2903      	cmp	r1, #3
10005e1e:	d1f7      	bne.n	10005e10 <cdcd_control_xfer_cb+0x38>
10005e20:	4b23      	ldr	r3, [pc, #140]	@ (10005eb0 <cdcd_control_xfer_cb+0xd8>)
10005e22:	2b00      	cmp	r3, #0
10005e24:	d0f4      	beq.n	10005e10 <cdcd_control_xfer_cb+0x38>
10005e26:	78e1      	ldrb	r1, [r4, #3]
10005e28:	78a3      	ldrb	r3, [r4, #2]
10005e2a:	0209      	lsls	r1, r1, #8
10005e2c:	2000      	movs	r0, #0
10005e2e:	4319      	orrs	r1, r3
10005e30:	e000      	b.n	10005e34 <cdcd_control_xfer_cb+0x5c>
10005e32:	bf00      	nop
10005e34:	2001      	movs	r0, #1
10005e36:	e7e0      	b.n	10005dfa <cdcd_control_xfer_cb+0x22>
10005e38:	2901      	cmp	r1, #1
10005e3a:	d030      	beq.n	10005e9e <cdcd_control_xfer_cb+0xc6>
10005e3c:	2903      	cmp	r1, #3
10005e3e:	d1e7      	bne.n	10005e10 <cdcd_control_xfer_cb+0x38>
10005e40:	2501      	movs	r5, #1
10005e42:	002e      	movs	r6, r5
10005e44:	78a3      	ldrb	r3, [r4, #2]
10005e46:	78e4      	ldrb	r4, [r4, #3]
10005e48:	3902      	subs	r1, #2
10005e4a:	0224      	lsls	r4, r4, #8
10005e4c:	431c      	orrs	r4, r3
10005e4e:	7114      	strb	r4, [r2, #4]
10005e50:	4026      	ands	r6, r4
10005e52:	3224      	adds	r2, #36	@ 0x24
10005e54:	0010      	movs	r0, r2
10005e56:	4071      	eors	r1, r6
10005e58:	f000 fe08 	bl	10006a6c <tu_fifo_set_overwritable>
10005e5c:	4b15      	ldr	r3, [pc, #84]	@ (10005eb4 <cdcd_control_xfer_cb+0xdc>)
10005e5e:	2b00      	cmp	r3, #0
10005e60:	d0d6      	beq.n	10005e10 <cdcd_control_xfer_cb+0x38>
10005e62:	0862      	lsrs	r2, r4, #1
10005e64:	2000      	movs	r0, #0
10005e66:	0031      	movs	r1, r6
10005e68:	402a      	ands	r2, r5
10005e6a:	e000      	b.n	10005e6e <cdcd_control_xfer_cb+0x96>
10005e6c:	bf00      	nop
10005e6e:	2001      	movs	r0, #1
10005e70:	e7c3      	b.n	10005dfa <cdcd_control_xfer_cb+0x22>
10005e72:	2901      	cmp	r1, #1
10005e74:	d00b      	beq.n	10005e8e <cdcd_control_xfer_cb+0xb6>
10005e76:	2903      	cmp	r1, #3
10005e78:	d1ca      	bne.n	10005e10 <cdcd_control_xfer_cb+0x38>
10005e7a:	4b0f      	ldr	r3, [pc, #60]	@ (10005eb8 <cdcd_control_xfer_cb+0xe0>)
10005e7c:	2b00      	cmp	r3, #0
10005e7e:	d0c7      	beq.n	10005e10 <cdcd_control_xfer_cb+0x38>
10005e80:	3208      	adds	r2, #8
10005e82:	2000      	movs	r0, #0
10005e84:	0011      	movs	r1, r2
10005e86:	f7fe faad 	bl	100043e4 <tud_cdc_line_coding_cb>
10005e8a:	2001      	movs	r0, #1
10005e8c:	e7b5      	b.n	10005dfa <cdcd_control_xfer_cb+0x22>
10005e8e:	2307      	movs	r3, #7
10005e90:	0021      	movs	r1, r4
10005e92:	0028      	movs	r0, r5
10005e94:	4a09      	ldr	r2, [pc, #36]	@ (10005ebc <cdcd_control_xfer_cb+0xe4>)
10005e96:	f7ff fcf1 	bl	1000587c <tud_control_xfer>
10005e9a:	2001      	movs	r0, #1
10005e9c:	e7ad      	b.n	10005dfa <cdcd_control_xfer_cb+0x22>
10005e9e:	0021      	movs	r1, r4
10005ea0:	0028      	movs	r0, r5
10005ea2:	f7ff fcd5 	bl	10005850 <tud_control_status>
10005ea6:	2001      	movs	r0, #1
10005ea8:	e7a7      	b.n	10005dfa <cdcd_control_xfer_cb+0x22>
10005eaa:	46c0      	nop			@ (mov r8, r8)
10005eac:	200014c0 	.word	0x200014c0
	...
10005eb8:	100043e5 	.word	0x100043e5
10005ebc:	200014c8 	.word	0x200014c8

10005ec0 <cdcd_xfer_cb>:
10005ec0:	b5f0      	push	{r4, r5, r6, r7, lr}
10005ec2:	464f      	mov	r7, r9
10005ec4:	4646      	mov	r6, r8
10005ec6:	46d6      	mov	lr, sl
10005ec8:	b5c0      	push	{r6, r7, lr}
10005eca:	4d36      	ldr	r5, [pc, #216]	@ (10005fa4 <cdcd_xfer_cb+0xe4>)
10005ecc:	4680      	mov	r8, r0
10005ece:	78ea      	ldrb	r2, [r5, #3]
10005ed0:	000c      	movs	r4, r1
10005ed2:	001f      	movs	r7, r3
10005ed4:	428a      	cmp	r2, r1
10005ed6:	d03c      	beq.n	10005f52 <cdcd_xfer_cb+0x92>
10005ed8:	78ab      	ldrb	r3, [r5, #2]
10005eda:	428b      	cmp	r3, r1
10005edc:	d010      	beq.n	10005f00 <cdcd_xfer_cb+0x40>
10005ede:	2000      	movs	r0, #0
10005ee0:	bce0      	pop	{r5, r6, r7}
10005ee2:	46ba      	mov	sl, r7
10005ee4:	46b1      	mov	r9, r6
10005ee6:	46a8      	mov	r8, r5
10005ee8:	bdf0      	pop	{r4, r5, r6, r7, pc}
10005eea:	4b2f      	ldr	r3, [pc, #188]	@ (10005fa8 <cdcd_xfer_cb+0xe8>)
10005eec:	2b00      	cmp	r3, #0
10005eee:	d004      	beq.n	10005efa <cdcd_xfer_cb+0x3a>
10005ef0:	482e      	ldr	r0, [pc, #184]	@ (10005fac <cdcd_xfer_cb+0xec>)
10005ef2:	f000 fbad 	bl	10006650 <tu_fifo_empty>
10005ef6:	2800      	cmp	r0, #0
10005ef8:	d051      	beq.n	10005f9e <cdcd_xfer_cb+0xde>
10005efa:	2000      	movs	r0, #0
10005efc:	f7ff fda6 	bl	10005a4c <_prep_out_transaction.isra.0>
10005f00:	78ab      	ldrb	r3, [r5, #2]
10005f02:	42a3      	cmp	r3, r4
10005f04:	d001      	beq.n	10005f0a <cdcd_xfer_cb+0x4a>
10005f06:	2001      	movs	r0, #1
10005f08:	e7ea      	b.n	10005ee0 <cdcd_xfer_cb+0x20>
10005f0a:	4b29      	ldr	r3, [pc, #164]	@ (10005fb0 <cdcd_xfer_cb+0xf0>)
10005f0c:	2b00      	cmp	r3, #0
10005f0e:	d002      	beq.n	10005f16 <cdcd_xfer_cb+0x56>
10005f10:	2000      	movs	r0, #0
10005f12:	e000      	b.n	10005f16 <cdcd_xfer_cb+0x56>
10005f14:	bf00      	nop
10005f16:	2000      	movs	r0, #0
10005f18:	f7ff fe32 	bl	10005b80 <tud_cdc_n_write_flush>
10005f1c:	2800      	cmp	r0, #0
10005f1e:	d1f2      	bne.n	10005f06 <cdcd_xfer_cb+0x46>
10005f20:	4c24      	ldr	r4, [pc, #144]	@ (10005fb4 <cdcd_xfer_cb+0xf4>)
10005f22:	0020      	movs	r0, r4
10005f24:	f000 fb7e 	bl	10006624 <tu_fifo_count>
10005f28:	2800      	cmp	r0, #0
10005f2a:	d1ec      	bne.n	10005f06 <cdcd_xfer_cb+0x46>
10005f2c:	2f00      	cmp	r7, #0
10005f2e:	d0ea      	beq.n	10005f06 <cdcd_xfer_cb+0x46>
10005f30:	06bf      	lsls	r7, r7, #26
10005f32:	d1e8      	bne.n	10005f06 <cdcd_xfer_cb+0x46>
10005f34:	3c24      	subs	r4, #36	@ 0x24
10005f36:	4640      	mov	r0, r8
10005f38:	78a1      	ldrb	r1, [r4, #2]
10005f3a:	f7ff fc3b 	bl	100057b4 <usbd_edpt_claim>
10005f3e:	2800      	cmp	r0, #0
10005f40:	d0e1      	beq.n	10005f06 <cdcd_xfer_cb+0x46>
10005f42:	2300      	movs	r3, #0
10005f44:	2200      	movs	r2, #0
10005f46:	4640      	mov	r0, r8
10005f48:	78a1      	ldrb	r1, [r4, #2]
10005f4a:	f7ff fc5b 	bl	10005804 <usbd_edpt_xfer>
10005f4e:	2001      	movs	r0, #1
10005f50:	e7c6      	b.n	10005ee0 <cdcd_xfer_cb+0x20>
10005f52:	b29a      	uxth	r2, r3
10005f54:	2310      	movs	r3, #16
10005f56:	469a      	mov	sl, r3
10005f58:	4e17      	ldr	r6, [pc, #92]	@ (10005fb8 <cdcd_xfer_cb+0xf8>)
10005f5a:	44aa      	add	sl, r5
10005f5c:	0031      	movs	r1, r6
10005f5e:	4650      	mov	r0, sl
10005f60:	f000 fca8 	bl	100068b4 <tu_fifo_write_n>
10005f64:	4b15      	ldr	r3, [pc, #84]	@ (10005fbc <cdcd_xfer_cb+0xfc>)
10005f66:	2b00      	cmp	r3, #0
10005f68:	d0bf      	beq.n	10005eea <cdcd_xfer_cb+0x2a>
10005f6a:	796b      	ldrb	r3, [r5, #5]
10005f6c:	2bff      	cmp	r3, #255	@ 0xff
10005f6e:	d0bc      	beq.n	10005eea <cdcd_xfer_cb+0x2a>
10005f70:	2f00      	cmp	r7, #0
10005f72:	d0ba      	beq.n	10005eea <cdcd_xfer_cb+0x2a>
10005f74:	19f2      	adds	r2, r6, r7
10005f76:	4691      	mov	r9, r2
10005f78:	e003      	b.n	10005f82 <cdcd_xfer_cb+0xc2>
10005f7a:	3601      	adds	r6, #1
10005f7c:	454e      	cmp	r6, r9
10005f7e:	d0b4      	beq.n	10005eea <cdcd_xfer_cb+0x2a>
10005f80:	796b      	ldrb	r3, [r5, #5]
10005f82:	7832      	ldrb	r2, [r6, #0]
10005f84:	429a      	cmp	r2, r3
10005f86:	d1f8      	bne.n	10005f7a <cdcd_xfer_cb+0xba>
10005f88:	4650      	mov	r0, sl
10005f8a:	f000 fb61 	bl	10006650 <tu_fifo_empty>
10005f8e:	2800      	cmp	r0, #0
10005f90:	d1f3      	bne.n	10005f7a <cdcd_xfer_cb+0xba>
10005f92:	4653      	mov	r3, sl
10005f94:	3b10      	subs	r3, #16
10005f96:	7959      	ldrb	r1, [r3, #5]
10005f98:	e000      	b.n	10005f9c <cdcd_xfer_cb+0xdc>
10005f9a:	bf00      	nop
10005f9c:	e7ed      	b.n	10005f7a <cdcd_xfer_cb+0xba>
10005f9e:	e000      	b.n	10005fa2 <cdcd_xfer_cb+0xe2>
10005fa0:	bf00      	nop
10005fa2:	e7aa      	b.n	10005efa <cdcd_xfer_cb+0x3a>
10005fa4:	200014c0 	.word	0x200014c0
10005fa8:	00000000 	.word	0x00000000
10005fac:	200014d0 	.word	0x200014d0
10005fb0:	00000000 	.word	0x00000000
10005fb4:	200014e4 	.word	0x200014e4
10005fb8:	2000143c 	.word	0x2000143c
10005fbc:	00000000 	.word	0x00000000

10005fc0 <vendord_init>:
10005fc0:	2293      	movs	r2, #147	@ 0x93
10005fc2:	b5f0      	push	{r4, r5, r6, r7, lr}
10005fc4:	4c13      	ldr	r4, [pc, #76]	@ (10006014 <vendord_init+0x54>)
10005fc6:	b085      	sub	sp, #20
10005fc8:	2100      	movs	r1, #0
10005fca:	0020      	movs	r0, r4
10005fcc:	0092      	lsls	r2, r2, #2
10005fce:	f7fc faf5 	bl	100025bc <__wrap_memset>
10005fd2:	0023      	movs	r3, r4
10005fd4:	0020      	movs	r0, r4
10005fd6:	2680      	movs	r6, #128	@ 0x80
10005fd8:	2740      	movs	r7, #64	@ 0x40
10005fda:	4d0f      	ldr	r5, [pc, #60]	@ (10006018 <vendord_init+0x58>)
10005fdc:	334d      	adds	r3, #77	@ 0x4d
10005fde:	0076      	lsls	r6, r6, #1
10005fe0:	33ff      	adds	r3, #255	@ 0xff
10005fe2:	3029      	adds	r0, #41	@ 0x29
10005fe4:	9502      	str	r5, [sp, #8]
10005fe6:	9300      	str	r3, [sp, #0]
10005fe8:	2200      	movs	r2, #0
10005fea:	2300      	movs	r3, #0
10005fec:	2100      	movs	r1, #0
10005fee:	9703      	str	r7, [sp, #12]
10005ff0:	9601      	str	r6, [sp, #4]
10005ff2:	30ff      	adds	r0, #255	@ 0xff
10005ff4:	f000 f9d4 	bl	100063a0 <tu_edpt_stream_init>
10005ff8:	3540      	adds	r5, #64	@ 0x40
10005ffa:	1d20      	adds	r0, r4, #4
10005ffc:	3428      	adds	r4, #40	@ 0x28
10005ffe:	2300      	movs	r3, #0
10006000:	2201      	movs	r2, #1
10006002:	2100      	movs	r1, #0
10006004:	9703      	str	r7, [sp, #12]
10006006:	9502      	str	r5, [sp, #8]
10006008:	9601      	str	r6, [sp, #4]
1000600a:	9400      	str	r4, [sp, #0]
1000600c:	f000 f9c8 	bl	100063a0 <tu_edpt_stream_init>
10006010:	b005      	add	sp, #20
10006012:	bdf0      	pop	{r4, r5, r6, r7, pc}
10006014:	20001784 	.word	0x20001784
10006018:	20001704 	.word	0x20001704

1000601c <vendord_deinit>:
1000601c:	b510      	push	{r4, lr}
1000601e:	4c05      	ldr	r4, [pc, #20]	@ (10006034 <vendord_deinit+0x18>)
10006020:	0020      	movs	r0, r4
10006022:	f000 f9f3 	bl	1000640c <tu_edpt_stream_deinit>
10006026:	0020      	movs	r0, r4
10006028:	3825      	subs	r0, #37	@ 0x25
1000602a:	38ff      	subs	r0, #255	@ 0xff
1000602c:	f000 f9ee 	bl	1000640c <tu_edpt_stream_deinit>
10006030:	2001      	movs	r0, #1
10006032:	bd10      	pop	{r4, pc}
10006034:	200018ac 	.word	0x200018ac

10006038 <vendord_reset>:
10006038:	b570      	push	{r4, r5, r6, lr}
1000603a:	4c08      	ldr	r4, [pc, #32]	@ (1000605c <vendord_reset+0x24>)
1000603c:	2500      	movs	r5, #0
1000603e:	0020      	movs	r0, r4
10006040:	3031      	adds	r0, #49	@ 0x31
10006042:	30ff      	adds	r0, #255	@ 0xff
10006044:	7025      	strb	r5, [r4, #0]
10006046:	f000 fcf1 	bl	10006a2c <tu_fifo_clear>
1000604a:	0020      	movs	r0, r4
1000604c:	300c      	adds	r0, #12
1000604e:	f000 fced 	bl	10006a2c <tu_fifo_clear>
10006052:	232a      	movs	r3, #42	@ 0x2a
10006054:	33ff      	adds	r3, #255	@ 0xff
10006056:	54e5      	strb	r5, [r4, r3]
10006058:	7165      	strb	r5, [r4, #5]
1000605a:	bd70      	pop	{r4, r5, r6, pc}
1000605c:	20001784 	.word	0x20001784

10006060 <vendord_open>:
10006060:	b5f8      	push	{r3, r4, r5, r6, r7, lr}
10006062:	4657      	mov	r7, sl
10006064:	4645      	mov	r5, r8
10006066:	46de      	mov	lr, fp
10006068:	464e      	mov	r6, r9
1000606a:	b5e0      	push	{r5, r6, r7, lr}
1000606c:	794b      	ldrb	r3, [r1, #5]
1000606e:	4680      	mov	r8, r0
10006070:	000f      	movs	r7, r1
10006072:	2bff      	cmp	r3, #255	@ 0xff
10006074:	d15b      	bne.n	1000612e <vendord_open+0xce>
10006076:	4b40      	ldr	r3, [pc, #256]	@ (10006178 <vendord_open+0x118>)
10006078:	4699      	mov	r9, r3
1000607a:	232a      	movs	r3, #42	@ 0x2a
1000607c:	4649      	mov	r1, r9
1000607e:	33ff      	adds	r3, #255	@ 0xff
10006080:	5ccb      	ldrb	r3, [r1, r3]
10006082:	2b00      	cmp	r3, #0
10006084:	d153      	bne.n	1000612e <vendord_open+0xce>
10006086:	794e      	ldrb	r6, [r1, #5]
10006088:	2e00      	cmp	r6, #0
1000608a:	d150      	bne.n	1000612e <vendord_open+0xce>
1000608c:	78bb      	ldrb	r3, [r7, #2]
1000608e:	783c      	ldrb	r4, [r7, #0]
10006090:	700b      	strb	r3, [r1, #0]
10006092:	793b      	ldrb	r3, [r7, #4]
10006094:	193c      	adds	r4, r7, r4
10006096:	2b00      	cmp	r3, #0
10006098:	d046      	beq.n	10006128 <vendord_open+0xc8>
1000609a:	2398      	movs	r3, #152	@ 0x98
1000609c:	005b      	lsls	r3, r3, #1
1000609e:	444b      	add	r3, r9
100060a0:	469a      	mov	sl, r3
100060a2:	230c      	movs	r3, #12
100060a4:	444b      	add	r3, r9
100060a6:	469b      	mov	fp, r3
100060a8:	18a5      	adds	r5, r4, r2
100060aa:	e003      	b.n	100060b4 <vendord_open+0x54>
100060ac:	42ac      	cmp	r4, r5
100060ae:	d23b      	bcs.n	10006128 <vendord_open+0xc8>
100060b0:	7823      	ldrb	r3, [r4, #0]
100060b2:	18e4      	adds	r4, r4, r3
100060b4:	7863      	ldrb	r3, [r4, #1]
100060b6:	2b05      	cmp	r3, #5
100060b8:	d1f8      	bne.n	100060ac <vendord_open+0x4c>
100060ba:	42ac      	cmp	r4, r5
100060bc:	d234      	bcs.n	10006128 <vendord_open+0xc8>
100060be:	0021      	movs	r1, r4
100060c0:	4640      	mov	r0, r8
100060c2:	f7ff fb5d 	bl	10005780 <usbd_edpt_open>
100060c6:	2800      	cmp	r0, #0
100060c8:	d031      	beq.n	1000612e <vendord_open+0xce>
100060ca:	78a3      	ldrb	r3, [r4, #2]
100060cc:	3601      	adds	r6, #1
100060ce:	b2f6      	uxtb	r6, r6
100060d0:	09db      	lsrs	r3, r3, #7
100060d2:	2b01      	cmp	r3, #1
100060d4:	d032      	beq.n	1000613c <vendord_open+0xdc>
100060d6:	4650      	mov	r0, sl
100060d8:	f000 fca8 	bl	10006a2c <tu_fifo_clear>
100060dc:	232a      	movs	r3, #42	@ 0x2a
100060de:	4649      	mov	r1, r9
100060e0:	78a2      	ldrb	r2, [r4, #2]
100060e2:	33ff      	adds	r3, #255	@ 0xff
100060e4:	54ca      	strb	r2, [r1, r3]
100060e6:	7963      	ldrb	r3, [r4, #5]
100060e8:	7922      	ldrb	r2, [r4, #4]
100060ea:	021b      	lsls	r3, r3, #8
100060ec:	4313      	orrs	r3, r2
100060ee:	4a23      	ldr	r2, [pc, #140]	@ (1000617c <vendord_open+0x11c>)
100060f0:	055b      	lsls	r3, r3, #21
100060f2:	4694      	mov	ip, r2
100060f4:	0d5b      	lsrs	r3, r3, #21
100060f6:	2194      	movs	r1, #148	@ 0x94
100060f8:	4463      	add	r3, ip
100060fa:	425a      	negs	r2, r3
100060fc:	4153      	adcs	r3, r2
100060fe:	464a      	mov	r2, r9
10006100:	2002      	movs	r0, #2
10006102:	0049      	lsls	r1, r1, #1
10006104:	5c52      	ldrb	r2, [r2, r1]
10006106:	005b      	lsls	r3, r3, #1
10006108:	4382      	bics	r2, r0
1000610a:	4313      	orrs	r3, r2
1000610c:	464a      	mov	r2, r9
1000610e:	5453      	strb	r3, [r2, r1]
10006110:	4651      	mov	r1, sl
10006112:	4640      	mov	r0, r8
10006114:	3908      	subs	r1, #8
10006116:	f000 f9e3 	bl	100064e0 <tu_edpt_stream_read_xfer>
1000611a:	2800      	cmp	r0, #0
1000611c:	d007      	beq.n	1000612e <vendord_open+0xce>
1000611e:	7823      	ldrb	r3, [r4, #0]
10006120:	18e4      	adds	r4, r4, r3
10006122:	793b      	ldrb	r3, [r7, #4]
10006124:	42b3      	cmp	r3, r6
10006126:	d8c5      	bhi.n	100060b4 <vendord_open+0x54>
10006128:	1be0      	subs	r0, r4, r7
1000612a:	b280      	uxth	r0, r0
1000612c:	e000      	b.n	10006130 <vendord_open+0xd0>
1000612e:	2000      	movs	r0, #0
10006130:	bcf0      	pop	{r4, r5, r6, r7}
10006132:	46bb      	mov	fp, r7
10006134:	46b2      	mov	sl, r6
10006136:	46a9      	mov	r9, r5
10006138:	46a0      	mov	r8, r4
1000613a:	bdf8      	pop	{r3, r4, r5, r6, r7, pc}
1000613c:	4658      	mov	r0, fp
1000613e:	f000 fc75 	bl	10006a2c <tu_fifo_clear>
10006142:	465a      	mov	r2, fp
10006144:	78a3      	ldrb	r3, [r4, #2]
10006146:	3a0c      	subs	r2, #12
10006148:	7153      	strb	r3, [r2, #5]
1000614a:	7963      	ldrb	r3, [r4, #5]
1000614c:	7921      	ldrb	r1, [r4, #4]
1000614e:	021b      	lsls	r3, r3, #8
10006150:	430b      	orrs	r3, r1
10006152:	490a      	ldr	r1, [pc, #40]	@ (1000617c <vendord_open+0x11c>)
10006154:	055b      	lsls	r3, r3, #21
10006156:	468c      	mov	ip, r1
10006158:	0d5b      	lsrs	r3, r3, #21
1000615a:	4463      	add	r3, ip
1000615c:	4259      	negs	r1, r3
1000615e:	414b      	adcs	r3, r1
10006160:	2002      	movs	r0, #2
10006162:	7911      	ldrb	r1, [r2, #4]
10006164:	005b      	lsls	r3, r3, #1
10006166:	4381      	bics	r1, r0
10006168:	430b      	orrs	r3, r1
1000616a:	4659      	mov	r1, fp
1000616c:	2000      	movs	r0, #0
1000616e:	3908      	subs	r1, #8
10006170:	7113      	strb	r3, [r2, #4]
10006172:	f000 f981 	bl	10006478 <tu_edpt_stream_write_xfer>
10006176:	e7d2      	b.n	1000611e <vendord_open+0xbe>
10006178:	20001784 	.word	0x20001784
1000617c:	fffffe00 	.word	0xfffffe00

10006180 <vendord_xfer_cb>:
10006180:	b5f8      	push	{r3, r4, r5, r6, r7, lr}
10006182:	252a      	movs	r5, #42	@ 0x2a
10006184:	0006      	movs	r6, r0
10006186:	481f      	ldr	r0, [pc, #124]	@ (10006204 <vendord_xfer_cb+0x84>)
10006188:	35ff      	adds	r5, #255	@ 0xff
1000618a:	5d45      	ldrb	r5, [r0, r5]
1000618c:	001f      	movs	r7, r3
1000618e:	428d      	cmp	r5, r1
10006190:	d015      	beq.n	100061be <vendord_xfer_cb+0x3e>
10006192:	7943      	ldrb	r3, [r0, #5]
10006194:	428b      	cmp	r3, r1
10006196:	d001      	beq.n	1000619c <vendord_xfer_cb+0x1c>
10006198:	2000      	movs	r0, #0
1000619a:	bdf8      	pop	{r3, r4, r5, r6, r7, pc}
1000619c:	4b1a      	ldr	r3, [pc, #104]	@ (10006208 <vendord_xfer_cb+0x88>)
1000619e:	2b00      	cmp	r3, #0
100061a0:	d004      	beq.n	100061ac <vendord_xfer_cb+0x2c>
100061a2:	0439      	lsls	r1, r7, #16
100061a4:	2000      	movs	r0, #0
100061a6:	0c09      	lsrs	r1, r1, #16
100061a8:	e000      	b.n	100061ac <vendord_xfer_cb+0x2c>
100061aa:	bf00      	nop
100061ac:	4c17      	ldr	r4, [pc, #92]	@ (1000620c <vendord_xfer_cb+0x8c>)
100061ae:	0030      	movs	r0, r6
100061b0:	0021      	movs	r1, r4
100061b2:	f000 f961 	bl	10006478 <tu_edpt_stream_write_xfer>
100061b6:	2800      	cmp	r0, #0
100061b8:	d01d      	beq.n	100061f6 <vendord_xfer_cb+0x76>
100061ba:	2001      	movs	r0, #1
100061bc:	e7ed      	b.n	1000619a <vendord_xfer_cb+0x1a>
100061be:	239a      	movs	r3, #154	@ 0x9a
100061c0:	005b      	lsls	r3, r3, #1
100061c2:	5ac3      	ldrh	r3, [r0, r3]
100061c4:	2b00      	cmp	r3, #0
100061c6:	d10d      	bne.n	100061e4 <vendord_xfer_cb+0x64>
100061c8:	4b11      	ldr	r3, [pc, #68]	@ (10006210 <vendord_xfer_cb+0x90>)
100061ca:	2b00      	cmp	r3, #0
100061cc:	d004      	beq.n	100061d8 <vendord_xfer_cb+0x58>
100061ce:	2000      	movs	r0, #0
100061d0:	4910      	ldr	r1, [pc, #64]	@ (10006214 <vendord_xfer_cb+0x94>)
100061d2:	b2ba      	uxth	r2, r7
100061d4:	e000      	b.n	100061d8 <vendord_xfer_cb+0x58>
100061d6:	bf00      	nop
100061d8:	0030      	movs	r0, r6
100061da:	490f      	ldr	r1, [pc, #60]	@ (10006218 <vendord_xfer_cb+0x98>)
100061dc:	f000 f980 	bl	100064e0 <tu_edpt_stream_read_xfer>
100061e0:	2001      	movs	r0, #1
100061e2:	e7da      	b.n	1000619a <vendord_xfer_cb+0x1a>
100061e4:	2396      	movs	r3, #150	@ 0x96
100061e6:	005b      	lsls	r3, r3, #1
100061e8:	58c1      	ldr	r1, [r0, r3]
100061ea:	3031      	adds	r0, #49	@ 0x31
100061ec:	b2ba      	uxth	r2, r7
100061ee:	30ff      	adds	r0, #255	@ 0xff
100061f0:	f000 fb60 	bl	100068b4 <tu_fifo_write_n>
100061f4:	e7e8      	b.n	100061c8 <vendord_xfer_cb+0x48>
100061f6:	003a      	movs	r2, r7
100061f8:	0021      	movs	r1, r4
100061fa:	0030      	movs	r0, r6
100061fc:	f000 f908 	bl	10006410 <tu_edpt_stream_write_zlp_if_needed>
10006200:	2001      	movs	r0, #1
10006202:	e7ca      	b.n	1000619a <vendord_xfer_cb+0x1a>
10006204:	20001784 	.word	0x20001784
10006208:	00000000 	.word	0x00000000
1000620c:	20001788 	.word	0x20001788
10006210:	00000000 	.word	0x00000000
10006214:	20001704 	.word	0x20001704
10006218:	200018ac 	.word	0x200018ac

1000621c <tusb_rhport_init>:
1000621c:	b500      	push	{lr}
1000621e:	0003      	movs	r3, r0
10006220:	b083      	sub	sp, #12
10006222:	2900      	cmp	r1, #0
10006224:	d010      	beq.n	10006248 <tusb_rhport_init+0x2c>
10006226:	2000      	movs	r0, #0
10006228:	2b01      	cmp	r3, #1
1000622a:	d807      	bhi.n	1000623c <tusb_rhport_init+0x20>
1000622c:	780a      	ldrb	r2, [r1, #0]
1000622e:	2a00      	cmp	r2, #0
10006230:	d004      	beq.n	1000623c <tusb_rhport_init+0x20>
10006232:	480c      	ldr	r0, [pc, #48]	@ (10006264 <tusb_rhport_init+0x48>)
10006234:	54c2      	strb	r2, [r0, r3]
10006236:	2001      	movs	r0, #1
10006238:	2a01      	cmp	r2, #1
1000623a:	d001      	beq.n	10006240 <tusb_rhport_init+0x24>
1000623c:	b003      	add	sp, #12
1000623e:	bd00      	pop	{pc}
10006240:	0018      	movs	r0, r3
10006242:	f7fe fdd5 	bl	10004df0 <tud_rhport_init>
10006246:	e7f9      	b.n	1000623c <tusb_rhport_init+0x20>
10006248:	2301      	movs	r3, #1
1000624a:	466a      	mov	r2, sp
1000624c:	2000      	movs	r0, #0
1000624e:	a901      	add	r1, sp, #4
10006250:	8093      	strh	r3, [r2, #4]
10006252:	f7fe fdcd 	bl	10004df0 <tud_rhport_init>
10006256:	2800      	cmp	r0, #0
10006258:	d0f0      	beq.n	1000623c <tusb_rhport_init+0x20>
1000625a:	2201      	movs	r2, #1
1000625c:	4b01      	ldr	r3, [pc, #4]	@ (10006264 <tusb_rhport_init+0x48>)
1000625e:	701a      	strb	r2, [r3, #0]
10006260:	e7ec      	b.n	1000623c <tusb_rhport_init+0x20>
10006262:	46c0      	nop			@ (mov r8, r8)
10006264:	200015dc 	.word	0x200015dc

10006268 <tu_edpt_claim>:
10006268:	7803      	ldrb	r3, [r0, #0]
1000626a:	b570      	push	{r4, r5, r6, lr}
1000626c:	07db      	lsls	r3, r3, #31
1000626e:	0004      	movs	r4, r0
10006270:	000e      	movs	r6, r1
10006272:	0fdd      	lsrs	r5, r3, #31
10006274:	2b00      	cmp	r3, #0
10006276:	d117      	bne.n	100062a8 <tu_edpt_claim+0x40>
10006278:	7803      	ldrb	r3, [r0, #0]
1000627a:	075b      	lsls	r3, r3, #29
1000627c:	d501      	bpl.n	10006282 <tu_edpt_claim+0x1a>
1000627e:	0028      	movs	r0, r5
10006280:	bd70      	pop	{r4, r5, r6, pc}
10006282:	2101      	movs	r1, #1
10006284:	0030      	movs	r0, r6
10006286:	4249      	negs	r1, r1
10006288:	f000 fc76 	bl	10006b78 <__mutex_enter_timeout_ms_veneer>
1000628c:	7823      	ldrb	r3, [r4, #0]
1000628e:	07db      	lsls	r3, r3, #31
10006290:	0fdd      	lsrs	r5, r3, #31
10006292:	2b00      	cmp	r3, #0
10006294:	d10a      	bne.n	100062ac <tu_edpt_claim+0x44>
10006296:	7823      	ldrb	r3, [r4, #0]
10006298:	075b      	lsls	r3, r3, #29
1000629a:	d408      	bmi.n	100062ae <tu_edpt_claim+0x46>
1000629c:	2204      	movs	r2, #4
1000629e:	7823      	ldrb	r3, [r4, #0]
100062a0:	2501      	movs	r5, #1
100062a2:	4313      	orrs	r3, r2
100062a4:	7023      	strb	r3, [r4, #0]
100062a6:	e002      	b.n	100062ae <tu_edpt_claim+0x46>
100062a8:	2500      	movs	r5, #0
100062aa:	e7e8      	b.n	1000627e <tu_edpt_claim+0x16>
100062ac:	2500      	movs	r5, #0
100062ae:	0030      	movs	r0, r6
100062b0:	f000 fc3a 	bl	10006b28 <__mutex_exit_veneer>
100062b4:	e7e3      	b.n	1000627e <tu_edpt_claim+0x16>
100062b6:	46c0      	nop			@ (mov r8, r8)

100062b8 <tu_edpt_release>:
100062b8:	b570      	push	{r4, r5, r6, lr}
100062ba:	000c      	movs	r4, r1
100062bc:	2101      	movs	r1, #1
100062be:	0006      	movs	r6, r0
100062c0:	4249      	negs	r1, r1
100062c2:	0020      	movs	r0, r4
100062c4:	f000 fc58 	bl	10006b78 <__mutex_enter_timeout_ms_veneer>
100062c8:	7833      	ldrb	r3, [r6, #0]
100062ca:	075b      	lsls	r3, r3, #29
100062cc:	0fdd      	lsrs	r5, r3, #31
100062ce:	2b00      	cmp	r3, #0
100062d0:	db04      	blt.n	100062dc <tu_edpt_release+0x24>
100062d2:	0020      	movs	r0, r4
100062d4:	f000 fc28 	bl	10006b28 <__mutex_exit_veneer>
100062d8:	0028      	movs	r0, r5
100062da:	bd70      	pop	{r4, r5, r6, pc}
100062dc:	7833      	ldrb	r3, [r6, #0]
100062de:	07db      	lsls	r3, r3, #31
100062e0:	d404      	bmi.n	100062ec <tu_edpt_release+0x34>
100062e2:	2204      	movs	r2, #4
100062e4:	7833      	ldrb	r3, [r6, #0]
100062e6:	4393      	bics	r3, r2
100062e8:	7033      	strb	r3, [r6, #0]
100062ea:	e7f2      	b.n	100062d2 <tu_edpt_release+0x1a>
100062ec:	2500      	movs	r5, #0
100062ee:	e7f0      	b.n	100062d2 <tu_edpt_release+0x1a>

100062f0 <tu_edpt_validate>:
100062f0:	7943      	ldrb	r3, [r0, #5]
100062f2:	7902      	ldrb	r2, [r0, #4]
100062f4:	021b      	lsls	r3, r3, #8
100062f6:	4313      	orrs	r3, r2
100062f8:	78c2      	ldrb	r2, [r0, #3]
100062fa:	055b      	lsls	r3, r3, #21
100062fc:	0792      	lsls	r2, r2, #30
100062fe:	0d5b      	lsrs	r3, r3, #21
10006300:	0f92      	lsrs	r2, r2, #30
10006302:	2a02      	cmp	r2, #2
10006304:	d01d      	beq.n	10006342 <tu_edpt_validate+0x52>
10006306:	2a03      	cmp	r2, #3
10006308:	d00c      	beq.n	10006324 <tu_edpt_validate+0x34>
1000630a:	2000      	movs	r0, #0
1000630c:	2a01      	cmp	r2, #1
1000630e:	d108      	bne.n	10006322 <tu_edpt_validate+0x32>
10006310:	3902      	subs	r1, #2
10006312:	424a      	negs	r2, r1
10006314:	4151      	adcs	r1, r2
10006316:	4a12      	ldr	r2, [pc, #72]	@ (10006360 <tu_edpt_validate+0x70>)
10006318:	4694      	mov	ip, r2
1000631a:	4461      	add	r1, ip
1000631c:	4299      	cmp	r1, r3
1000631e:	4140      	adcs	r0, r0
10006320:	b2c0      	uxtb	r0, r0
10006322:	4770      	bx	lr
10006324:	3902      	subs	r1, #2
10006326:	1e4a      	subs	r2, r1, #1
10006328:	4191      	sbcs	r1, r2
1000632a:	4a0e      	ldr	r2, [pc, #56]	@ (10006364 <tu_edpt_validate+0x74>)
1000632c:	4249      	negs	r1, r1
1000632e:	4011      	ands	r1, r2
10006330:	2280      	movs	r2, #128	@ 0x80
10006332:	00d2      	lsls	r2, r2, #3
10006334:	4694      	mov	ip, r2
10006336:	2000      	movs	r0, #0
10006338:	4461      	add	r1, ip
1000633a:	4299      	cmp	r1, r3
1000633c:	4140      	adcs	r0, r0
1000633e:	b2c0      	uxtb	r0, r0
10006340:	e7ef      	b.n	10006322 <tu_edpt_validate+0x32>
10006342:	2902      	cmp	r1, #2
10006344:	d005      	beq.n	10006352 <tu_edpt_validate+0x62>
10006346:	2000      	movs	r0, #0
10006348:	2240      	movs	r2, #64	@ 0x40
1000634a:	429a      	cmp	r2, r3
1000634c:	4140      	adcs	r0, r0
1000634e:	b2c0      	uxtb	r0, r0
10006350:	e7e7      	b.n	10006322 <tu_edpt_validate+0x32>
10006352:	4a05      	ldr	r2, [pc, #20]	@ (10006368 <tu_edpt_validate+0x78>)
10006354:	1898      	adds	r0, r3, r2
10006356:	4243      	negs	r3, r0
10006358:	4158      	adcs	r0, r3
1000635a:	b2c0      	uxtb	r0, r0
1000635c:	e7e1      	b.n	10006322 <tu_edpt_validate+0x32>
1000635e:	46c0      	nop			@ (mov r8, r8)
10006360:	000003ff 	.word	0x000003ff
10006364:	fffffc40 	.word	0xfffffc40
10006368:	fffffe00 	.word	0xfffffe00

1000636c <tu_edpt_bind_driver>:
1000636c:	188a      	adds	r2, r1, r2
1000636e:	b570      	push	{r4, r5, r6, lr}
10006370:	4291      	cmp	r1, r2
10006372:	d207      	bcs.n	10006384 <tu_edpt_bind_driver+0x18>
10006374:	267f      	movs	r6, #127	@ 0x7f
10006376:	784c      	ldrb	r4, [r1, #1]
10006378:	2c05      	cmp	r4, #5
1000637a:	d004      	beq.n	10006386 <tu_edpt_bind_driver+0x1a>
1000637c:	780c      	ldrb	r4, [r1, #0]
1000637e:	1909      	adds	r1, r1, r4
10006380:	428a      	cmp	r2, r1
10006382:	d8f8      	bhi.n	10006376 <tu_edpt_bind_driver+0xa>
10006384:	bd70      	pop	{r4, r5, r6, pc}
10006386:	0034      	movs	r4, r6
10006388:	788d      	ldrb	r5, [r1, #2]
1000638a:	402c      	ands	r4, r5
1000638c:	0064      	lsls	r4, r4, #1
1000638e:	1904      	adds	r4, r0, r4
10006390:	09ed      	lsrs	r5, r5, #7
10006392:	5563      	strb	r3, [r4, r5]
10006394:	780c      	ldrb	r4, [r1, #0]
10006396:	1909      	adds	r1, r1, r4
10006398:	428a      	cmp	r2, r1
1000639a:	d8ec      	bhi.n	10006376 <tu_edpt_bind_driver+0xa>
1000639c:	e7f2      	b.n	10006384 <tu_edpt_bind_driver+0x18>
1000639e:	46c0      	nop			@ (mov r8, r8)

100063a0 <tu_edpt_stream_init>:
100063a0:	b5f0      	push	{r4, r5, r6, r7, lr}
100063a2:	46c6      	mov	lr, r8
100063a4:	b500      	push	{lr}
100063a6:	b082      	sub	sp, #8
100063a8:	0015      	movs	r5, r2
100063aa:	aa08      	add	r2, sp, #32
100063ac:	ca40      	ldmia	r2!, {r6}
100063ae:	0004      	movs	r4, r0
100063b0:	8817      	ldrh	r7, [r2, #0]
100063b2:	466a      	mov	r2, sp
100063b4:	8d92      	ldrh	r2, [r2, #44]	@ 0x2c
100063b6:	2001      	movs	r0, #1
100063b8:	4690      	mov	r8, r2
100063ba:	000a      	movs	r2, r1
100063bc:	7821      	ldrb	r1, [r4, #0]
100063be:	4002      	ands	r2, r0
100063c0:	4381      	bics	r1, r0
100063c2:	0020      	movs	r0, r4
100063c4:	4311      	orrs	r1, r2
100063c6:	7021      	strb	r1, [r4, #0]
100063c8:	003a      	movs	r2, r7
100063ca:	9300      	str	r3, [sp, #0]
100063cc:	0031      	movs	r1, r6
100063ce:	2301      	movs	r3, #1
100063d0:	3008      	adds	r0, #8
100063d2:	f000 f8f1 	bl	100065b8 <tu_fifo_config>
100063d6:	2e00      	cmp	r6, #0
100063d8:	d001      	beq.n	100063de <tu_edpt_stream_init+0x3e>
100063da:	2f00      	cmp	r7, #0
100063dc:	d108      	bne.n	100063f0 <tu_edpt_stream_init+0x50>
100063de:	9b0a      	ldr	r3, [sp, #40]	@ 0x28
100063e0:	2001      	movs	r0, #1
100063e2:	6063      	str	r3, [r4, #4]
100063e4:	4643      	mov	r3, r8
100063e6:	8063      	strh	r3, [r4, #2]
100063e8:	b002      	add	sp, #8
100063ea:	bc80      	pop	{r7}
100063ec:	46b8      	mov	r8, r7
100063ee:	bdf0      	pop	{r4, r5, r6, r7, pc}
100063f0:	0026      	movs	r6, r4
100063f2:	361c      	adds	r6, #28
100063f4:	0030      	movs	r0, r6
100063f6:	f7fa faaf 	bl	10000958 <mutex_init>
100063fa:	2300      	movs	r3, #0
100063fc:	2d00      	cmp	r5, #0
100063fe:	d001      	beq.n	10006404 <tu_edpt_stream_init+0x64>
10006400:	0033      	movs	r3, r6
10006402:	2600      	movs	r6, #0
10006404:	6163      	str	r3, [r4, #20]
10006406:	61a6      	str	r6, [r4, #24]
10006408:	e7e9      	b.n	100063de <tu_edpt_stream_init+0x3e>
1000640a:	46c0      	nop			@ (mov r8, r8)

1000640c <tu_edpt_stream_deinit>:
1000640c:	2001      	movs	r0, #1
1000640e:	4770      	bx	lr

10006410 <tu_edpt_stream_write_zlp_if_needed>:
10006410:	b5f8      	push	{r3, r4, r5, r6, r7, lr}
10006412:	2402      	movs	r4, #2
10006414:	780b      	ldrb	r3, [r1, #0]
10006416:	0007      	movs	r7, r0
10006418:	401c      	ands	r4, r3
1000641a:	4263      	negs	r3, r4
1000641c:	415c      	adcs	r4, r3
1000641e:	4b14      	ldr	r3, [pc, #80]	@ (10006470 <tu_edpt_stream_write_zlp_if_needed+0x60>)
10006420:	4264      	negs	r4, r4
10006422:	401c      	ands	r4, r3
10006424:	4b13      	ldr	r3, [pc, #76]	@ (10006474 <tu_edpt_stream_write_zlp_if_needed+0x64>)
10006426:	0008      	movs	r0, r1
10006428:	469c      	mov	ip, r3
1000642a:	3008      	adds	r0, #8
1000642c:	000d      	movs	r5, r1
1000642e:	0016      	movs	r6, r2
10006430:	4464      	add	r4, ip
10006432:	f000 f8f7 	bl	10006624 <tu_fifo_count>
10006436:	2800      	cmp	r0, #0
10006438:	d107      	bne.n	1000644a <tu_edpt_stream_write_zlp_if_needed+0x3a>
1000643a:	2e00      	cmp	r6, #0
1000643c:	d005      	beq.n	1000644a <tu_edpt_stream_write_zlp_if_needed+0x3a>
1000643e:	4234      	tst	r4, r6
10006440:	d103      	bne.n	1000644a <tu_edpt_stream_write_zlp_if_needed+0x3a>
10006442:	2401      	movs	r4, #1
10006444:	782b      	ldrb	r3, [r5, #0]
10006446:	421c      	tst	r4, r3
10006448:	d001      	beq.n	1000644e <tu_edpt_stream_write_zlp_if_needed+0x3e>
1000644a:	2000      	movs	r0, #0
1000644c:	bdf8      	pop	{r3, r4, r5, r6, r7, pc}
1000644e:	0038      	movs	r0, r7
10006450:	7869      	ldrb	r1, [r5, #1]
10006452:	f7ff f9af 	bl	100057b4 <usbd_edpt_claim>
10006456:	2800      	cmp	r0, #0
10006458:	d0f7      	beq.n	1000644a <tu_edpt_stream_write_zlp_if_needed+0x3a>
1000645a:	782b      	ldrb	r3, [r5, #0]
1000645c:	421c      	tst	r4, r3
1000645e:	d1f4      	bne.n	1000644a <tu_edpt_stream_write_zlp_if_needed+0x3a>
10006460:	2300      	movs	r3, #0
10006462:	2200      	movs	r2, #0
10006464:	0038      	movs	r0, r7
10006466:	7869      	ldrb	r1, [r5, #1]
10006468:	f7ff f9cc 	bl	10005804 <usbd_edpt_xfer>
1000646c:	e7ee      	b.n	1000644c <tu_edpt_stream_write_zlp_if_needed+0x3c>
1000646e:	46c0      	nop			@ (mov r8, r8)
10006470:	fffffe40 	.word	0xfffffe40
10006474:	000001ff 	.word	0x000001ff

10006478 <tu_edpt_stream_write_xfer>:
10006478:	b5f8      	push	{r3, r4, r5, r6, r7, lr}
1000647a:	000d      	movs	r5, r1
1000647c:	3508      	adds	r5, #8
1000647e:	0006      	movs	r6, r0
10006480:	0028      	movs	r0, r5
10006482:	000c      	movs	r4, r1
10006484:	f000 f8ce 	bl	10006624 <tu_fifo_count>
10006488:	2800      	cmp	r0, #0
1000648a:	d003      	beq.n	10006494 <tu_edpt_stream_write_xfer+0x1c>
1000648c:	2701      	movs	r7, #1
1000648e:	7823      	ldrb	r3, [r4, #0]
10006490:	421f      	tst	r7, r3
10006492:	d001      	beq.n	10006498 <tu_edpt_stream_write_xfer+0x20>
10006494:	2000      	movs	r0, #0
10006496:	bdf8      	pop	{r3, r4, r5, r6, r7, pc}
10006498:	0030      	movs	r0, r6
1000649a:	7861      	ldrb	r1, [r4, #1]
1000649c:	f7ff f98a 	bl	100057b4 <usbd_edpt_claim>
100064a0:	2800      	cmp	r0, #0
100064a2:	d0f7      	beq.n	10006494 <tu_edpt_stream_write_xfer+0x1c>
100064a4:	0028      	movs	r0, r5
100064a6:	8862      	ldrh	r2, [r4, #2]
100064a8:	6861      	ldr	r1, [r4, #4]
100064aa:	f000 f93d 	bl	10006728 <tu_fifo_read_n>
100064ae:	7823      	ldrb	r3, [r4, #0]
100064b0:	0005      	movs	r5, r0
100064b2:	401f      	ands	r7, r3
100064b4:	2800      	cmp	r0, #0
100064b6:	d00b      	beq.n	100064d0 <tu_edpt_stream_write_xfer+0x58>
100064b8:	2f00      	cmp	r7, #0
100064ba:	d1eb      	bne.n	10006494 <tu_edpt_stream_write_xfer+0x1c>
100064bc:	0003      	movs	r3, r0
100064be:	6862      	ldr	r2, [r4, #4]
100064c0:	0030      	movs	r0, r6
100064c2:	7861      	ldrb	r1, [r4, #1]
100064c4:	f7ff f99e 	bl	10005804 <usbd_edpt_xfer>
100064c8:	2800      	cmp	r0, #0
100064ca:	d0e3      	beq.n	10006494 <tu_edpt_stream_write_xfer+0x1c>
100064cc:	0028      	movs	r0, r5
100064ce:	e7e2      	b.n	10006496 <tu_edpt_stream_write_xfer+0x1e>
100064d0:	2f00      	cmp	r7, #0
100064d2:	d1df      	bne.n	10006494 <tu_edpt_stream_write_xfer+0x1c>
100064d4:	0030      	movs	r0, r6
100064d6:	7861      	ldrb	r1, [r4, #1]
100064d8:	f7ff f980 	bl	100057dc <usbd_edpt_release>
100064dc:	e7da      	b.n	10006494 <tu_edpt_stream_write_xfer+0x1c>
100064de:	46c0      	nop			@ (mov r8, r8)

100064e0 <tu_edpt_stream_read_xfer>:
100064e0:	b5f8      	push	{r3, r4, r5, r6, r7, lr}
100064e2:	46ce      	mov	lr, r9
100064e4:	4647      	mov	r7, r8
100064e6:	b580      	push	{r7, lr}
100064e8:	898a      	ldrh	r2, [r1, #12]
100064ea:	0006      	movs	r6, r0
100064ec:	000c      	movs	r4, r1
100064ee:	780b      	ldrb	r3, [r1, #0]
100064f0:	2a00      	cmp	r2, #0
100064f2:	d107      	bne.n	10006504 <tu_edpt_stream_read_xfer+0x24>
100064f4:	2501      	movs	r5, #1
100064f6:	421d      	tst	r5, r3
100064f8:	d040      	beq.n	1000657c <tu_edpt_stream_read_xfer+0x9c>
100064fa:	2000      	movs	r0, #0
100064fc:	bcc0      	pop	{r6, r7}
100064fe:	46b9      	mov	r9, r7
10006500:	46b0      	mov	r8, r6
10006502:	bdf8      	pop	{r3, r4, r5, r6, r7, pc}
10006504:	079b      	lsls	r3, r3, #30
10006506:	d433      	bmi.n	10006570 <tu_edpt_stream_read_xfer+0x90>
10006508:	4b2a      	ldr	r3, [pc, #168]	@ (100065b4 <tu_edpt_stream_read_xfer+0xd4>)
1000650a:	2540      	movs	r5, #64	@ 0x40
1000650c:	4699      	mov	r9, r3
1000650e:	0027      	movs	r7, r4
10006510:	3708      	adds	r7, #8
10006512:	0038      	movs	r0, r7
10006514:	f000 f8a4 	bl	10006660 <tu_fifo_remaining>
10006518:	4285      	cmp	r5, r0
1000651a:	d8ee      	bhi.n	100064fa <tu_edpt_stream_read_xfer+0x1a>
1000651c:	2201      	movs	r2, #1
1000651e:	7823      	ldrb	r3, [r4, #0]
10006520:	4690      	mov	r8, r2
10006522:	421a      	tst	r2, r3
10006524:	d1e9      	bne.n	100064fa <tu_edpt_stream_read_xfer+0x1a>
10006526:	0030      	movs	r0, r6
10006528:	7861      	ldrb	r1, [r4, #1]
1000652a:	f7ff f943 	bl	100057b4 <usbd_edpt_claim>
1000652e:	2800      	cmp	r0, #0
10006530:	d0e3      	beq.n	100064fa <tu_edpt_stream_read_xfer+0x1a>
10006532:	0038      	movs	r0, r7
10006534:	f000 f894 	bl	10006660 <tu_fifo_remaining>
10006538:	4642      	mov	r2, r8
1000653a:	7823      	ldrb	r3, [r4, #0]
1000653c:	401a      	ands	r2, r3
1000653e:	4285      	cmp	r5, r0
10006540:	d831      	bhi.n	100065a6 <tu_edpt_stream_read_xfer+0xc6>
10006542:	2a00      	cmp	r2, #0
10006544:	d1d9      	bne.n	100064fa <tu_edpt_stream_read_xfer+0x1a>
10006546:	464a      	mov	r2, r9
10006548:	8863      	ldrh	r3, [r4, #2]
1000654a:	4002      	ands	r2, r0
1000654c:	1c1d      	adds	r5, r3, #0
1000654e:	4293      	cmp	r3, r2
10006550:	d900      	bls.n	10006554 <tu_edpt_stream_read_xfer+0x74>
10006552:	1c15      	adds	r5, r2, #0
10006554:	b2ad      	uxth	r5, r5
10006556:	2200      	movs	r2, #0
10006558:	7861      	ldrb	r1, [r4, #1]
1000655a:	2d00      	cmp	r5, #0
1000655c:	d000      	beq.n	10006560 <tu_edpt_stream_read_xfer+0x80>
1000655e:	6862      	ldr	r2, [r4, #4]
10006560:	002b      	movs	r3, r5
10006562:	0030      	movs	r0, r6
10006564:	f7ff f94e 	bl	10005804 <usbd_edpt_xfer>
10006568:	2800      	cmp	r0, #0
1000656a:	d0c6      	beq.n	100064fa <tu_edpt_stream_read_xfer+0x1a>
1000656c:	0028      	movs	r0, r5
1000656e:	e7c5      	b.n	100064fc <tu_edpt_stream_read_xfer+0x1c>
10006570:	23fe      	movs	r3, #254	@ 0xfe
10006572:	2580      	movs	r5, #128	@ 0x80
10006574:	021b      	lsls	r3, r3, #8
10006576:	4699      	mov	r9, r3
10006578:	00ad      	lsls	r5, r5, #2
1000657a:	e7c8      	b.n	1000650e <tu_edpt_stream_read_xfer+0x2e>
1000657c:	7849      	ldrb	r1, [r1, #1]
1000657e:	f7ff f919 	bl	100057b4 <usbd_edpt_claim>
10006582:	2800      	cmp	r0, #0
10006584:	d0b9      	beq.n	100064fa <tu_edpt_stream_read_xfer+0x1a>
10006586:	7823      	ldrb	r3, [r4, #0]
10006588:	421d      	tst	r5, r3
1000658a:	d1b6      	bne.n	100064fa <tu_edpt_stream_read_xfer+0x1a>
1000658c:	8863      	ldrh	r3, [r4, #2]
1000658e:	2200      	movs	r2, #0
10006590:	7861      	ldrb	r1, [r4, #1]
10006592:	2b00      	cmp	r3, #0
10006594:	d000      	beq.n	10006598 <tu_edpt_stream_read_xfer+0xb8>
10006596:	6862      	ldr	r2, [r4, #4]
10006598:	0030      	movs	r0, r6
1000659a:	f7ff f933 	bl	10005804 <usbd_edpt_xfer>
1000659e:	2800      	cmp	r0, #0
100065a0:	d0ab      	beq.n	100064fa <tu_edpt_stream_read_xfer+0x1a>
100065a2:	8860      	ldrh	r0, [r4, #2]
100065a4:	e7aa      	b.n	100064fc <tu_edpt_stream_read_xfer+0x1c>
100065a6:	2a00      	cmp	r2, #0
100065a8:	d1a7      	bne.n	100064fa <tu_edpt_stream_read_xfer+0x1a>
100065aa:	0030      	movs	r0, r6
100065ac:	7861      	ldrb	r1, [r4, #1]
100065ae:	f7ff f915 	bl	100057dc <usbd_edpt_release>
100065b2:	e7a2      	b.n	100064fa <tu_edpt_stream_read_xfer+0x1a>
100065b4:	0000ffc0 	.word	0x0000ffc0

100065b8 <tu_fifo_config>:
100065b8:	b5f0      	push	{r4, r5, r6, r7, lr}
100065ba:	46c6      	mov	lr, r8
100065bc:	b500      	push	{lr}
100065be:	0004      	movs	r4, r0
100065c0:	4668      	mov	r0, sp
100065c2:	7e05      	ldrb	r5, [r0, #24]
100065c4:	2080      	movs	r0, #128	@ 0x80
100065c6:	4688      	mov	r8, r1
100065c8:	0017      	movs	r7, r2
100065ca:	001e      	movs	r6, r3
100065cc:	0200      	lsls	r0, r0, #8
100065ce:	4282      	cmp	r2, r0
100065d0:	d826      	bhi.n	10006620 <tu_fifo_config+0x68>
100065d2:	68e0      	ldr	r0, [r4, #12]
100065d4:	2800      	cmp	r0, #0
100065d6:	d003      	beq.n	100065e0 <tu_fifo_config+0x28>
100065d8:	2101      	movs	r1, #1
100065da:	4249      	negs	r1, r1
100065dc:	f000 facc 	bl	10006b78 <__mutex_enter_timeout_ms_veneer>
100065e0:	6920      	ldr	r0, [r4, #16]
100065e2:	2800      	cmp	r0, #0
100065e4:	d003      	beq.n	100065ee <tu_fifo_config+0x36>
100065e6:	2101      	movs	r1, #1
100065e8:	4249      	negs	r1, r1
100065ea:	f000 fac5 	bl	10006b78 <__mutex_enter_timeout_ms_veneer>
100065ee:	4643      	mov	r3, r8
100065f0:	6023      	str	r3, [r4, #0]
100065f2:	0473      	lsls	r3, r6, #17
100065f4:	0c5b      	lsrs	r3, r3, #17
100065f6:	03ed      	lsls	r5, r5, #15
100065f8:	431d      	orrs	r5, r3
100065fa:	2300      	movs	r3, #0
100065fc:	68e0      	ldr	r0, [r4, #12]
100065fe:	8163      	strh	r3, [r4, #10]
10006600:	80a7      	strh	r7, [r4, #4]
10006602:	80e5      	strh	r5, [r4, #6]
10006604:	8123      	strh	r3, [r4, #8]
10006606:	2800      	cmp	r0, #0
10006608:	d001      	beq.n	1000660e <tu_fifo_config+0x56>
1000660a:	f000 fa8d 	bl	10006b28 <__mutex_exit_veneer>
1000660e:	6920      	ldr	r0, [r4, #16]
10006610:	2800      	cmp	r0, #0
10006612:	d001      	beq.n	10006618 <tu_fifo_config+0x60>
10006614:	f000 fa88 	bl	10006b28 <__mutex_exit_veneer>
10006618:	2001      	movs	r0, #1
1000661a:	bc80      	pop	{r7}
1000661c:	46b8      	mov	r8, r7
1000661e:	bdf0      	pop	{r4, r5, r6, r7, pc}
10006620:	2000      	movs	r0, #0
10006622:	e7fa      	b.n	1000661a <tu_fifo_config+0x62>

10006624 <tu_fifo_count>:
10006624:	b510      	push	{r4, lr}
10006626:	8904      	ldrh	r4, [r0, #8]
10006628:	8941      	ldrh	r1, [r0, #10]
1000662a:	8882      	ldrh	r2, [r0, #4]
1000662c:	b2a3      	uxth	r3, r4
1000662e:	b288      	uxth	r0, r1
10006630:	428c      	cmp	r4, r1
10006632:	d307      	bcc.n	10006644 <tu_fifo_count+0x20>
10006634:	1a1b      	subs	r3, r3, r0
10006636:	b29b      	uxth	r3, r3
10006638:	1c10      	adds	r0, r2, #0
1000663a:	429a      	cmp	r2, r3
1000663c:	d900      	bls.n	10006640 <tu_fifo_count+0x1c>
1000663e:	1c18      	adds	r0, r3, #0
10006640:	b280      	uxth	r0, r0
10006642:	bd10      	pop	{r4, pc}
10006644:	0051      	lsls	r1, r2, #1
10006646:	1a09      	subs	r1, r1, r0
10006648:	185b      	adds	r3, r3, r1
1000664a:	b29b      	uxth	r3, r3
1000664c:	e7f4      	b.n	10006638 <tu_fifo_count+0x14>
1000664e:	46c0      	nop			@ (mov r8, r8)

10006650 <tu_fifo_empty>:
10006650:	8903      	ldrh	r3, [r0, #8]
10006652:	8940      	ldrh	r0, [r0, #10]
10006654:	1a18      	subs	r0, r3, r0
10006656:	4243      	negs	r3, r0
10006658:	4158      	adcs	r0, r3
1000665a:	b2c0      	uxtb	r0, r0
1000665c:	4770      	bx	lr
1000665e:	46c0      	nop			@ (mov r8, r8)

10006660 <tu_fifo_remaining>:
10006660:	b510      	push	{r4, lr}
10006662:	8904      	ldrh	r4, [r0, #8]
10006664:	8941      	ldrh	r1, [r0, #10]
10006666:	8882      	ldrh	r2, [r0, #4]
10006668:	b2a3      	uxth	r3, r4
1000666a:	b288      	uxth	r0, r1
1000666c:	428c      	cmp	r4, r1
1000666e:	d307      	bcc.n	10006680 <tu_fifo_remaining+0x20>
10006670:	1a1b      	subs	r3, r3, r0
10006672:	b29b      	uxth	r3, r3
10006674:	2000      	movs	r0, #0
10006676:	429a      	cmp	r2, r3
10006678:	d901      	bls.n	1000667e <tu_fifo_remaining+0x1e>
1000667a:	1ad2      	subs	r2, r2, r3
1000667c:	b290      	uxth	r0, r2
1000667e:	bd10      	pop	{r4, pc}
10006680:	0051      	lsls	r1, r2, #1
10006682:	1a09      	subs	r1, r1, r0
10006684:	185b      	adds	r3, r3, r1
10006686:	b29b      	uxth	r3, r3
10006688:	e7f4      	b.n	10006674 <tu_fifo_remaining+0x14>
1000668a:	46c0      	nop			@ (mov r8, r8)

1000668c <tu_fifo_read>:
1000668c:	b570      	push	{r4, r5, r6, lr}
1000668e:	0004      	movs	r4, r0
10006690:	6900      	ldr	r0, [r0, #16]
10006692:	000e      	movs	r6, r1
10006694:	2800      	cmp	r0, #0
10006696:	d003      	beq.n	100066a0 <tu_fifo_read+0x14>
10006698:	2101      	movs	r1, #1
1000669a:	4249      	negs	r1, r1
1000669c:	f000 fa6c 	bl	10006b78 <__mutex_enter_timeout_ms_veneer>
100066a0:	8925      	ldrh	r5, [r4, #8]
100066a2:	8960      	ldrh	r0, [r4, #10]
100066a4:	88a2      	ldrh	r2, [r4, #4]
100066a6:	b2a9      	uxth	r1, r5
100066a8:	b283      	uxth	r3, r0
100066aa:	4285      	cmp	r5, r0
100066ac:	d332      	bcc.n	10006714 <tu_fifo_read+0x88>
100066ae:	1acd      	subs	r5, r1, r3
100066b0:	b2ad      	uxth	r5, r5
100066b2:	2d00      	cmp	r5, #0
100066b4:	d028      	beq.n	10006708 <tu_fifo_read+0x7c>
100066b6:	42aa      	cmp	r2, r5
100066b8:	d208      	bcs.n	100066cc <tu_fifo_read+0x40>
100066ba:	4291      	cmp	r1, r2
100066bc:	d32f      	bcc.n	1000671e <tu_fifo_read+0x92>
100066be:	1a89      	subs	r1, r1, r2
100066c0:	b28b      	uxth	r3, r1
100066c2:	8163      	strh	r3, [r4, #10]
100066c4:	429a      	cmp	r2, r3
100066c6:	d803      	bhi.n	100066d0 <tu_fifo_read+0x44>
100066c8:	1a9b      	subs	r3, r3, r2
100066ca:	b29b      	uxth	r3, r3
100066cc:	429a      	cmp	r2, r3
100066ce:	d9fb      	bls.n	100066c8 <tu_fifo_read+0x3c>
100066d0:	88e2      	ldrh	r2, [r4, #6]
100066d2:	6821      	ldr	r1, [r4, #0]
100066d4:	0452      	lsls	r2, r2, #17
100066d6:	0c52      	lsrs	r2, r2, #17
100066d8:	4353      	muls	r3, r2
100066da:	0030      	movs	r0, r6
100066dc:	18c9      	adds	r1, r1, r3
100066de:	f7fb ff73 	bl	100025c8 <__wrap___aeabi_memcpy>
100066e2:	8963      	ldrh	r3, [r4, #10]
100066e4:	2501      	movs	r5, #1
100066e6:	1c59      	adds	r1, r3, #1
100066e8:	b289      	uxth	r1, r1
100066ea:	88a2      	ldrh	r2, [r4, #4]
100066ec:	428b      	cmp	r3, r1
100066ee:	d90d      	bls.n	1000670c <tu_fifo_read+0x80>
100066f0:	2100      	movs	r1, #0
100066f2:	0052      	lsls	r2, r2, #1
100066f4:	1a89      	subs	r1, r1, r2
100066f6:	b289      	uxth	r1, r1
100066f8:	6920      	ldr	r0, [r4, #16]
100066fa:	8161      	strh	r1, [r4, #10]
100066fc:	2800      	cmp	r0, #0
100066fe:	d001      	beq.n	10006704 <tu_fifo_read+0x78>
10006700:	f000 fa12 	bl	10006b28 <__mutex_exit_veneer>
10006704:	0028      	movs	r0, r5
10006706:	bd70      	pop	{r4, r5, r6, pc}
10006708:	8961      	ldrh	r1, [r4, #10]
1000670a:	b289      	uxth	r1, r1
1000670c:	0052      	lsls	r2, r2, #1
1000670e:	4291      	cmp	r1, r2
10006710:	dbf2      	blt.n	100066f8 <tu_fifo_read+0x6c>
10006712:	e7ef      	b.n	100066f4 <tu_fifo_read+0x68>
10006714:	0055      	lsls	r5, r2, #1
10006716:	1aed      	subs	r5, r5, r3
10006718:	194d      	adds	r5, r1, r5
1000671a:	b2ad      	uxth	r5, r5
1000671c:	e7c9      	b.n	100066b2 <tu_fifo_read+0x26>
1000671e:	1889      	adds	r1, r1, r2
10006720:	b28b      	uxth	r3, r1
10006722:	8163      	strh	r3, [r4, #10]
10006724:	e7ce      	b.n	100066c4 <tu_fifo_read+0x38>
10006726:	46c0      	nop			@ (mov r8, r8)

10006728 <tu_fifo_read_n>:
10006728:	b5f0      	push	{r4, r5, r6, r7, lr}
1000672a:	4646      	mov	r6, r8
1000672c:	464f      	mov	r7, r9
1000672e:	46d6      	mov	lr, sl
10006730:	b5c0      	push	{r6, r7, lr}
10006732:	0006      	movs	r6, r0
10006734:	6900      	ldr	r0, [r0, #16]
10006736:	4689      	mov	r9, r1
10006738:	4690      	mov	r8, r2
1000673a:	2800      	cmp	r0, #0
1000673c:	d003      	beq.n	10006746 <tu_fifo_read_n+0x1e>
1000673e:	2101      	movs	r1, #1
10006740:	4249      	negs	r1, r1
10006742:	f000 fa19 	bl	10006b78 <__mutex_enter_timeout_ms_veneer>
10006746:	8931      	ldrh	r1, [r6, #8]
10006748:	8972      	ldrh	r2, [r6, #10]
1000674a:	88b5      	ldrh	r5, [r6, #4]
1000674c:	b28b      	uxth	r3, r1
1000674e:	b294      	uxth	r4, r2
10006750:	4291      	cmp	r1, r2
10006752:	d354      	bcc.n	100067fe <tu_fifo_read_n+0xd6>
10006754:	1b1f      	subs	r7, r3, r4
10006756:	b2bf      	uxth	r7, r7
10006758:	2f00      	cmp	r7, #0
1000675a:	d04a      	beq.n	100067f2 <tu_fifo_read_n+0xca>
1000675c:	42bd      	cmp	r5, r7
1000675e:	d205      	bcs.n	1000676c <tu_fifo_read_n+0x44>
10006760:	42ab      	cmp	r3, r5
10006762:	d251      	bcs.n	10006808 <tu_fifo_read_n+0xe0>
10006764:	195b      	adds	r3, r3, r5
10006766:	b29c      	uxth	r4, r3
10006768:	002f      	movs	r7, r5
1000676a:	8174      	strh	r4, [r6, #10]
1000676c:	4643      	mov	r3, r8
1000676e:	45b8      	cmp	r8, r7
10006770:	d83d      	bhi.n	100067ee <tu_fifo_read_n+0xc6>
10006772:	b29f      	uxth	r7, r3
10006774:	42a5      	cmp	r5, r4
10006776:	d803      	bhi.n	10006780 <tu_fifo_read_n+0x58>
10006778:	1b64      	subs	r4, r4, r5
1000677a:	b2a4      	uxth	r4, r4
1000677c:	42a5      	cmp	r5, r4
1000677e:	d9fb      	bls.n	10006778 <tu_fifo_read_n+0x50>
10006780:	88f2      	ldrh	r2, [r6, #6]
10006782:	6831      	ldr	r1, [r6, #0]
10006784:	0452      	lsls	r2, r2, #17
10006786:	0c52      	lsrs	r2, r2, #17
10006788:	4690      	mov	r8, r2
1000678a:	4362      	muls	r2, r4
1000678c:	1b2b      	subs	r3, r5, r4
1000678e:	b29b      	uxth	r3, r3
10006790:	1889      	adds	r1, r1, r2
10006792:	4642      	mov	r2, r8
10006794:	429f      	cmp	r7, r3
10006796:	d925      	bls.n	100067e4 <tu_fifo_read_n+0xbc>
10006798:	4353      	muls	r3, r2
1000679a:	b29b      	uxth	r3, r3
1000679c:	001a      	movs	r2, r3
1000679e:	4648      	mov	r0, r9
100067a0:	469a      	mov	sl, r3
100067a2:	f7fb ff11 	bl	100025c8 <__wrap___aeabi_memcpy>
100067a6:	4643      	mov	r3, r8
100067a8:	4648      	mov	r0, r9
100067aa:	1b7d      	subs	r5, r7, r5
100067ac:	1964      	adds	r4, r4, r5
100067ae:	435c      	muls	r4, r3
100067b0:	6831      	ldr	r1, [r6, #0]
100067b2:	4450      	add	r0, sl
100067b4:	b2a2      	uxth	r2, r4
100067b6:	f7fb ff07 	bl	100025c8 <__wrap___aeabi_memcpy>
100067ba:	8971      	ldrh	r1, [r6, #10]
100067bc:	88b5      	ldrh	r5, [r6, #4]
100067be:	19cb      	adds	r3, r1, r7
100067c0:	b29b      	uxth	r3, r3
100067c2:	006a      	lsls	r2, r5, #1
100067c4:	4299      	cmp	r1, r3
100067c6:	d916      	bls.n	100067f6 <tu_fifo_read_n+0xce>
100067c8:	1a9b      	subs	r3, r3, r2
100067ca:	b29b      	uxth	r3, r3
100067cc:	6930      	ldr	r0, [r6, #16]
100067ce:	8173      	strh	r3, [r6, #10]
100067d0:	2800      	cmp	r0, #0
100067d2:	d001      	beq.n	100067d8 <tu_fifo_read_n+0xb0>
100067d4:	f000 f9a8 	bl	10006b28 <__mutex_exit_veneer>
100067d8:	0038      	movs	r0, r7
100067da:	bce0      	pop	{r5, r6, r7}
100067dc:	46ba      	mov	sl, r7
100067de:	46b1      	mov	r9, r6
100067e0:	46a8      	mov	r8, r5
100067e2:	bdf0      	pop	{r4, r5, r6, r7, pc}
100067e4:	4648      	mov	r0, r9
100067e6:	437a      	muls	r2, r7
100067e8:	f7fb feee 	bl	100025c8 <__wrap___aeabi_memcpy>
100067ec:	e7e5      	b.n	100067ba <tu_fifo_read_n+0x92>
100067ee:	1c3b      	adds	r3, r7, #0
100067f0:	e7bf      	b.n	10006772 <tu_fifo_read_n+0x4a>
100067f2:	8973      	ldrh	r3, [r6, #10]
100067f4:	b29b      	uxth	r3, r3
100067f6:	006a      	lsls	r2, r5, #1
100067f8:	4293      	cmp	r3, r2
100067fa:	dbe7      	blt.n	100067cc <tu_fifo_read_n+0xa4>
100067fc:	e7e4      	b.n	100067c8 <tu_fifo_read_n+0xa0>
100067fe:	006f      	lsls	r7, r5, #1
10006800:	1b3f      	subs	r7, r7, r4
10006802:	19df      	adds	r7, r3, r7
10006804:	b2bf      	uxth	r7, r7
10006806:	e7a7      	b.n	10006758 <tu_fifo_read_n+0x30>
10006808:	1b5b      	subs	r3, r3, r5
1000680a:	b29c      	uxth	r4, r3
1000680c:	e7ac      	b.n	10006768 <tu_fifo_read_n+0x40>
1000680e:	46c0      	nop			@ (mov r8, r8)

10006810 <tu_fifo_write>:
10006810:	b5f8      	push	{r3, r4, r5, r6, r7, lr}
10006812:	0004      	movs	r4, r0
10006814:	68c0      	ldr	r0, [r0, #12]
10006816:	000e      	movs	r6, r1
10006818:	2800      	cmp	r0, #0
1000681a:	d003      	beq.n	10006824 <tu_fifo_write+0x14>
1000681c:	2101      	movs	r1, #1
1000681e:	4249      	negs	r1, r1
10006820:	f000 f9aa 	bl	10006b78 <__mutex_enter_timeout_ms_veneer>
10006824:	8925      	ldrh	r5, [r4, #8]
10006826:	8920      	ldrh	r0, [r4, #8]
10006828:	8961      	ldrh	r1, [r4, #10]
1000682a:	88a2      	ldrh	r2, [r4, #4]
1000682c:	b2ad      	uxth	r5, r5
1000682e:	b283      	uxth	r3, r0
10006830:	b28f      	uxth	r7, r1
10006832:	4288      	cmp	r0, r1
10006834:	d329      	bcc.n	1000688a <tu_fifo_write+0x7a>
10006836:	1bdb      	subs	r3, r3, r7
10006838:	b29b      	uxth	r3, r3
1000683a:	429a      	cmp	r2, r3
1000683c:	d809      	bhi.n	10006852 <tu_fifo_write+0x42>
1000683e:	79e7      	ldrb	r7, [r4, #7]
10006840:	09ff      	lsrs	r7, r7, #7
10006842:	d106      	bne.n	10006852 <tu_fifo_write+0x42>
10006844:	68e0      	ldr	r0, [r4, #12]
10006846:	2800      	cmp	r0, #0
10006848:	d001      	beq.n	1000684e <tu_fifo_write+0x3e>
1000684a:	f000 f96d 	bl	10006b28 <__mutex_exit_veneer>
1000684e:	0038      	movs	r0, r7
10006850:	bdf8      	pop	{r3, r4, r5, r6, r7, pc}
10006852:	002b      	movs	r3, r5
10006854:	4295      	cmp	r5, r2
10006856:	d31d      	bcc.n	10006894 <tu_fifo_write+0x84>
10006858:	1a9b      	subs	r3, r3, r2
1000685a:	b29b      	uxth	r3, r3
1000685c:	4293      	cmp	r3, r2
1000685e:	d2fb      	bcs.n	10006858 <tu_fifo_write+0x48>
10006860:	88e2      	ldrh	r2, [r4, #6]
10006862:	6820      	ldr	r0, [r4, #0]
10006864:	0452      	lsls	r2, r2, #17
10006866:	0c52      	lsrs	r2, r2, #17
10006868:	4353      	muls	r3, r2
1000686a:	0031      	movs	r1, r6
1000686c:	18c0      	adds	r0, r0, r3
1000686e:	f7fb feab 	bl	100025c8 <__wrap___aeabi_memcpy>
10006872:	1c6b      	adds	r3, r5, #1
10006874:	b29b      	uxth	r3, r3
10006876:	88a2      	ldrh	r2, [r4, #4]
10006878:	429d      	cmp	r5, r3
1000687a:	d917      	bls.n	100068ac <tu_fifo_write+0x9c>
1000687c:	2300      	movs	r3, #0
1000687e:	0052      	lsls	r2, r2, #1
10006880:	1a9b      	subs	r3, r3, r2
10006882:	b29b      	uxth	r3, r3
10006884:	2701      	movs	r7, #1
10006886:	8123      	strh	r3, [r4, #8]
10006888:	e7dc      	b.n	10006844 <tu_fifo_write+0x34>
1000688a:	0051      	lsls	r1, r2, #1
1000688c:	1bc9      	subs	r1, r1, r7
1000688e:	185b      	adds	r3, r3, r1
10006890:	b29b      	uxth	r3, r3
10006892:	e7d2      	b.n	1000683a <tu_fifo_write+0x2a>
10006894:	88e2      	ldrh	r2, [r4, #6]
10006896:	6820      	ldr	r0, [r4, #0]
10006898:	0452      	lsls	r2, r2, #17
1000689a:	0c52      	lsrs	r2, r2, #17
1000689c:	4353      	muls	r3, r2
1000689e:	0031      	movs	r1, r6
100068a0:	18c0      	adds	r0, r0, r3
100068a2:	f7fb fe91 	bl	100025c8 <__wrap___aeabi_memcpy>
100068a6:	3501      	adds	r5, #1
100068a8:	88a2      	ldrh	r2, [r4, #4]
100068aa:	b2ab      	uxth	r3, r5
100068ac:	0052      	lsls	r2, r2, #1
100068ae:	4293      	cmp	r3, r2
100068b0:	dbe8      	blt.n	10006884 <tu_fifo_write+0x74>
100068b2:	e7e5      	b.n	10006880 <tu_fifo_write+0x70>

100068b4 <tu_fifo_write_n>:
100068b4:	b5f0      	push	{r4, r5, r6, r7, lr}
100068b6:	464e      	mov	r6, r9
100068b8:	4657      	mov	r7, sl
100068ba:	46de      	mov	lr, fp
100068bc:	4645      	mov	r5, r8
100068be:	b5e0      	push	{r5, r6, r7, lr}
100068c0:	4689      	mov	r9, r1
100068c2:	0006      	movs	r6, r0
100068c4:	0017      	movs	r7, r2
100068c6:	b083      	sub	sp, #12
100068c8:	2a00      	cmp	r2, #0
100068ca:	d067      	beq.n	1000699c <tu_fifo_write_n+0xe8>
100068cc:	68c0      	ldr	r0, [r0, #12]
100068ce:	2800      	cmp	r0, #0
100068d0:	d003      	beq.n	100068da <tu_fifo_write_n+0x26>
100068d2:	2101      	movs	r1, #1
100068d4:	4249      	negs	r1, r1
100068d6:	f000 f94f 	bl	10006b78 <__mutex_enter_timeout_ms_veneer>
100068da:	8933      	ldrh	r3, [r6, #8]
100068dc:	79f2      	ldrb	r2, [r6, #7]
100068de:	b29b      	uxth	r3, r3
100068e0:	4698      	mov	r8, r3
100068e2:	8973      	ldrh	r3, [r6, #10]
100068e4:	88b5      	ldrh	r5, [r6, #4]
100068e6:	b29b      	uxth	r3, r3
100068e8:	09d2      	lsrs	r2, r2, #7
100068ea:	d140      	bne.n	1000696e <tu_fifo_write_n+0xba>
100068ec:	4598      	cmp	r8, r3
100068ee:	d25e      	bcs.n	100069ae <tu_fifo_write_n+0xfa>
100068f0:	006a      	lsls	r2, r5, #1
100068f2:	1ad3      	subs	r3, r2, r3
100068f4:	4443      	add	r3, r8
100068f6:	b29b      	uxth	r3, r3
100068f8:	42ab      	cmp	r3, r5
100068fa:	d25d      	bcs.n	100069b8 <tu_fifo_write_n+0x104>
100068fc:	1aeb      	subs	r3, r5, r3
100068fe:	1c1a      	adds	r2, r3, #0
10006900:	b29b      	uxth	r3, r3
10006902:	42bb      	cmp	r3, r7
10006904:	d900      	bls.n	10006908 <tu_fifo_write_n+0x54>
10006906:	1c3a      	adds	r2, r7, #0
10006908:	b297      	uxth	r7, r2
1000690a:	1b7b      	subs	r3, r7, r5
1000690c:	b29b      	uxth	r3, r3
1000690e:	9301      	str	r3, [sp, #4]
10006910:	88f3      	ldrh	r3, [r6, #6]
10006912:	045b      	lsls	r3, r3, #17
10006914:	0c5b      	lsrs	r3, r3, #17
10006916:	469a      	mov	sl, r3
10006918:	4643      	mov	r3, r8
1000691a:	19db      	adds	r3, r3, r7
1000691c:	b29b      	uxth	r3, r3
1000691e:	469b      	mov	fp, r3
10006920:	4644      	mov	r4, r8
10006922:	45a8      	cmp	r8, r5
10006924:	d303      	bcc.n	1000692e <tu_fifo_write_n+0x7a>
10006926:	1b64      	subs	r4, r4, r5
10006928:	b2a4      	uxth	r4, r4
1000692a:	42ac      	cmp	r4, r5
1000692c:	d2fb      	bcs.n	10006926 <tu_fifo_write_n+0x72>
1000692e:	4653      	mov	r3, sl
10006930:	4363      	muls	r3, r4
10006932:	6830      	ldr	r0, [r6, #0]
10006934:	1b2d      	subs	r5, r5, r4
10006936:	b2ad      	uxth	r5, r5
10006938:	18c0      	adds	r0, r0, r3
1000693a:	42bd      	cmp	r5, r7
1000693c:	d34b      	bcc.n	100069d6 <tu_fifo_write_n+0x122>
1000693e:	4652      	mov	r2, sl
10006940:	4649      	mov	r1, r9
10006942:	437a      	muls	r2, r7
10006944:	f7fb fe40 	bl	100025c8 <__wrap___aeabi_memcpy>
10006948:	88b3      	ldrh	r3, [r6, #4]
1000694a:	005b      	lsls	r3, r3, #1
1000694c:	45d8      	cmp	r8, fp
1000694e:	d801      	bhi.n	10006954 <tu_fifo_write_n+0xa0>
10006950:	459b      	cmp	fp, r3
10006952:	db03      	blt.n	1000695c <tu_fifo_write_n+0xa8>
10006954:	465a      	mov	r2, fp
10006956:	1ad3      	subs	r3, r2, r3
10006958:	b29b      	uxth	r3, r3
1000695a:	469b      	mov	fp, r3
1000695c:	465b      	mov	r3, fp
1000695e:	003d      	movs	r5, r7
10006960:	8133      	strh	r3, [r6, #8]
10006962:	68f0      	ldr	r0, [r6, #12]
10006964:	2800      	cmp	r0, #0
10006966:	d01a      	beq.n	1000699e <tu_fifo_write_n+0xea>
10006968:	f000 f8de 	bl	10006b28 <__mutex_exit_veneer>
1000696c:	e017      	b.n	1000699e <tu_fifo_write_n+0xea>
1000696e:	88f2      	ldrh	r2, [r6, #6]
10006970:	0452      	lsls	r2, r2, #17
10006972:	0c52      	lsrs	r2, r2, #17
10006974:	4692      	mov	sl, r2
10006976:	42af      	cmp	r7, r5
10006978:	d220      	bcs.n	100069bc <tu_fifo_write_n+0x108>
1000697a:	4598      	cmp	r8, r3
1000697c:	d34d      	bcc.n	10006a1a <tu_fifo_write_n+0x166>
1000697e:	4642      	mov	r2, r8
10006980:	1ad2      	subs	r2, r2, r3
10006982:	b292      	uxth	r2, r2
10006984:	0069      	lsls	r1, r5, #1
10006986:	1b78      	subs	r0, r7, r5
10006988:	b280      	uxth	r0, r0
1000698a:	19d2      	adds	r2, r2, r7
1000698c:	9001      	str	r0, [sp, #4]
1000698e:	428a      	cmp	r2, r1
10006990:	da33      	bge.n	100069fa <tu_fifo_write_n+0x146>
10006992:	4643      	mov	r3, r8
10006994:	18fb      	adds	r3, r7, r3
10006996:	b29b      	uxth	r3, r3
10006998:	469b      	mov	fp, r3
1000699a:	e7c1      	b.n	10006920 <tu_fifo_write_n+0x6c>
1000699c:	2500      	movs	r5, #0
1000699e:	0028      	movs	r0, r5
100069a0:	b003      	add	sp, #12
100069a2:	bcf0      	pop	{r4, r5, r6, r7}
100069a4:	46bb      	mov	fp, r7
100069a6:	46b2      	mov	sl, r6
100069a8:	46a9      	mov	r9, r5
100069aa:	46a0      	mov	r8, r4
100069ac:	bdf0      	pop	{r4, r5, r6, r7, pc}
100069ae:	4642      	mov	r2, r8
100069b0:	1ad3      	subs	r3, r2, r3
100069b2:	b29b      	uxth	r3, r3
100069b4:	42ab      	cmp	r3, r5
100069b6:	d3a1      	bcc.n	100068fc <tu_fifo_write_n+0x48>
100069b8:	2500      	movs	r5, #0
100069ba:	e7d2      	b.n	10006962 <tu_fifo_write_n+0xae>
100069bc:	2d00      	cmp	r5, #0
100069be:	d0d0      	beq.n	10006962 <tu_fifo_write_n+0xae>
100069c0:	1b7f      	subs	r7, r7, r5
100069c2:	4357      	muls	r7, r2
100069c4:	4698      	mov	r8, r3
100069c6:	195a      	adds	r2, r3, r5
100069c8:	2300      	movs	r3, #0
100069ca:	b292      	uxth	r2, r2
100069cc:	44b9      	add	r9, r7
100069ce:	4693      	mov	fp, r2
100069d0:	002f      	movs	r7, r5
100069d2:	9301      	str	r3, [sp, #4]
100069d4:	e7a4      	b.n	10006920 <tu_fifo_write_n+0x6c>
100069d6:	4653      	mov	r3, sl
100069d8:	435d      	muls	r5, r3
100069da:	b2ad      	uxth	r5, r5
100069dc:	002a      	movs	r2, r5
100069de:	4649      	mov	r1, r9
100069e0:	f7fb fdf2 	bl	100025c8 <__wrap___aeabi_memcpy>
100069e4:	9b01      	ldr	r3, [sp, #4]
100069e6:	0029      	movs	r1, r5
100069e8:	18e2      	adds	r2, r4, r3
100069ea:	4653      	mov	r3, sl
100069ec:	435a      	muls	r2, r3
100069ee:	6830      	ldr	r0, [r6, #0]
100069f0:	b292      	uxth	r2, r2
100069f2:	4449      	add	r1, r9
100069f4:	f7fb fde8 	bl	100025c8 <__wrap___aeabi_memcpy>
100069f8:	e7a6      	b.n	10006948 <tu_fifo_write_n+0x94>
100069fa:	195a      	adds	r2, r3, r5
100069fc:	b292      	uxth	r2, r2
100069fe:	4693      	mov	fp, r2
10006a00:	1bd2      	subs	r2, r2, r7
10006a02:	b292      	uxth	r2, r2
10006a04:	4690      	mov	r8, r2
10006a06:	4293      	cmp	r3, r2
10006a08:	d90c      	bls.n	10006a24 <tu_fifo_write_n+0x170>
10006a0a:	4643      	mov	r3, r8
10006a0c:	1a59      	subs	r1, r3, r1
10006a0e:	b28b      	uxth	r3, r1
10006a10:	4698      	mov	r8, r3
10006a12:	18fb      	adds	r3, r7, r3
10006a14:	b29b      	uxth	r3, r3
10006a16:	469b      	mov	fp, r3
10006a18:	e782      	b.n	10006920 <tu_fifo_write_n+0x6c>
10006a1a:	0069      	lsls	r1, r5, #1
10006a1c:	1aca      	subs	r2, r1, r3
10006a1e:	4442      	add	r2, r8
10006a20:	b292      	uxth	r2, r2
10006a22:	e7b0      	b.n	10006986 <tu_fifo_write_n+0xd2>
10006a24:	4291      	cmp	r1, r2
10006a26:	dd00      	ble.n	10006a2a <tu_fifo_write_n+0x176>
10006a28:	e77a      	b.n	10006920 <tu_fifo_write_n+0x6c>
10006a2a:	e7ee      	b.n	10006a0a <tu_fifo_write_n+0x156>

10006a2c <tu_fifo_clear>:
10006a2c:	b510      	push	{r4, lr}
10006a2e:	0004      	movs	r4, r0
10006a30:	68c0      	ldr	r0, [r0, #12]
10006a32:	2800      	cmp	r0, #0
10006a34:	d003      	beq.n	10006a3e <tu_fifo_clear+0x12>
10006a36:	2101      	movs	r1, #1
10006a38:	4249      	negs	r1, r1
10006a3a:	f000 f89d 	bl	10006b78 <__mutex_enter_timeout_ms_veneer>
10006a3e:	6920      	ldr	r0, [r4, #16]
10006a40:	2800      	cmp	r0, #0
10006a42:	d003      	beq.n	10006a4c <tu_fifo_clear+0x20>
10006a44:	2101      	movs	r1, #1
10006a46:	4249      	negs	r1, r1
10006a48:	f000 f896 	bl	10006b78 <__mutex_enter_timeout_ms_veneer>
10006a4c:	2300      	movs	r3, #0
10006a4e:	68e0      	ldr	r0, [r4, #12]
10006a50:	8163      	strh	r3, [r4, #10]
10006a52:	8123      	strh	r3, [r4, #8]
10006a54:	2800      	cmp	r0, #0
10006a56:	d001      	beq.n	10006a5c <tu_fifo_clear+0x30>
10006a58:	f000 f866 	bl	10006b28 <__mutex_exit_veneer>
10006a5c:	6920      	ldr	r0, [r4, #16]
10006a5e:	2800      	cmp	r0, #0
10006a60:	d001      	beq.n	10006a66 <tu_fifo_clear+0x3a>
10006a62:	f000 f861 	bl	10006b28 <__mutex_exit_veneer>
10006a66:	2001      	movs	r0, #1
10006a68:	bd10      	pop	{r4, pc}
10006a6a:	46c0      	nop			@ (mov r8, r8)

10006a6c <tu_fifo_set_overwritable>:
10006a6c:	b570      	push	{r4, r5, r6, lr}
10006a6e:	0004      	movs	r4, r0
10006a70:	68c0      	ldr	r0, [r0, #12]
10006a72:	000d      	movs	r5, r1
10006a74:	2800      	cmp	r0, #0
10006a76:	d003      	beq.n	10006a80 <tu_fifo_set_overwritable+0x14>
10006a78:	2101      	movs	r1, #1
10006a7a:	4249      	negs	r1, r1
10006a7c:	f000 f87c 	bl	10006b78 <__mutex_enter_timeout_ms_veneer>
10006a80:	6920      	ldr	r0, [r4, #16]
10006a82:	2800      	cmp	r0, #0
10006a84:	d003      	beq.n	10006a8e <tu_fifo_set_overwritable+0x22>
10006a86:	2101      	movs	r1, #1
10006a88:	4249      	negs	r1, r1
10006a8a:	f000 f875 	bl	10006b78 <__mutex_enter_timeout_ms_veneer>
10006a8e:	217f      	movs	r1, #127	@ 0x7f
10006a90:	79e3      	ldrb	r3, [r4, #7]
10006a92:	01ed      	lsls	r5, r5, #7
10006a94:	4019      	ands	r1, r3
10006a96:	68e0      	ldr	r0, [r4, #12]
10006a98:	4329      	orrs	r1, r5
10006a9a:	71e1      	strb	r1, [r4, #7]
10006a9c:	2800      	cmp	r0, #0
10006a9e:	d001      	beq.n	10006aa4 <tu_fifo_set_overwritable+0x38>
10006aa0:	f000 f842 	bl	10006b28 <__mutex_exit_veneer>
10006aa4:	6920      	ldr	r0, [r4, #16]
10006aa6:	2800      	cmp	r0, #0
10006aa8:	d001      	beq.n	10006aae <tu_fifo_set_overwritable+0x42>
10006aaa:	f000 f83d 	bl	10006b28 <__mutex_exit_veneer>
10006aae:	2001      	movs	r0, #1
10006ab0:	bd70      	pop	{r4, r5, r6, pc}
10006ab2:	46c0      	nop			@ (mov r8, r8)

10006ab4 <strlen>:
10006ab4:	b510      	push	{r4, lr}
10006ab6:	0783      	lsls	r3, r0, #30
10006ab8:	d00a      	beq.n	10006ad0 <strlen+0x1c>
10006aba:	0003      	movs	r3, r0
10006abc:	2103      	movs	r1, #3
10006abe:	e002      	b.n	10006ac6 <strlen+0x12>
10006ac0:	3301      	adds	r3, #1
10006ac2:	420b      	tst	r3, r1
10006ac4:	d005      	beq.n	10006ad2 <strlen+0x1e>
10006ac6:	781a      	ldrb	r2, [r3, #0]
10006ac8:	2a00      	cmp	r2, #0
10006aca:	d1f9      	bne.n	10006ac0 <strlen+0xc>
10006acc:	1a18      	subs	r0, r3, r0
10006ace:	bd10      	pop	{r4, pc}
10006ad0:	0003      	movs	r3, r0
10006ad2:	6819      	ldr	r1, [r3, #0]
10006ad4:	4a0c      	ldr	r2, [pc, #48]	@ (10006b08 <strlen+0x54>)
10006ad6:	4c0d      	ldr	r4, [pc, #52]	@ (10006b0c <strlen+0x58>)
10006ad8:	188a      	adds	r2, r1, r2
10006ada:	438a      	bics	r2, r1
10006adc:	4222      	tst	r2, r4
10006ade:	d10f      	bne.n	10006b00 <strlen+0x4c>
10006ae0:	6859      	ldr	r1, [r3, #4]
10006ae2:	4a09      	ldr	r2, [pc, #36]	@ (10006b08 <strlen+0x54>)
10006ae4:	3304      	adds	r3, #4
10006ae6:	188a      	adds	r2, r1, r2
10006ae8:	438a      	bics	r2, r1
10006aea:	4222      	tst	r2, r4
10006aec:	d108      	bne.n	10006b00 <strlen+0x4c>
10006aee:	6859      	ldr	r1, [r3, #4]
10006af0:	4a05      	ldr	r2, [pc, #20]	@ (10006b08 <strlen+0x54>)
10006af2:	3304      	adds	r3, #4
10006af4:	188a      	adds	r2, r1, r2
10006af6:	438a      	bics	r2, r1
10006af8:	4222      	tst	r2, r4
10006afa:	d0f1      	beq.n	10006ae0 <strlen+0x2c>
10006afc:	e000      	b.n	10006b00 <strlen+0x4c>
10006afe:	3301      	adds	r3, #1
10006b00:	781a      	ldrb	r2, [r3, #0]
10006b02:	2a00      	cmp	r2, #0
10006b04:	d1fb      	bne.n	10006afe <strlen+0x4a>
10006b06:	e7e1      	b.n	10006acc <strlen+0x18>
10006b08:	fefefeff 	.word	0xfefefeff
10006b0c:	80808080 	.word	0x80808080

10006b10 <_fini>:
10006b10:	b5f8      	push	{r3, r4, r5, r6, r7, lr}
10006b12:	46c0      	nop			@ (mov r8, r8)
10006b14:	0000      	movs	r0, r0
	...

10006b18 <__flash_do_cmd_veneer>:
10006b18:	b401      	push	{r0}
10006b1a:	4802      	ldr	r0, [pc, #8]	@ (10006b24 <__flash_do_cmd_veneer+0xc>)
10006b1c:	4684      	mov	ip, r0
10006b1e:	bc01      	pop	{r0}
10006b20:	4760      	bx	ip
10006b22:	bf00      	nop
10006b24:	20000301 	.word	0x20000301

10006b28 <__mutex_exit_veneer>:
10006b28:	b401      	push	{r0}
10006b2a:	4802      	ldr	r0, [pc, #8]	@ (10006b34 <__mutex_exit_veneer+0xc>)
10006b2c:	4684      	mov	ip, r0
10006b2e:	bc01      	pop	{r0}
10006b30:	4760      	bx	ip
10006b32:	bf00      	nop
10006b34:	20000225 	.word	0x20000225

10006b38 <____aeabi_ldiv0_veneer>:
10006b38:	b401      	push	{r0}
10006b3a:	4802      	ldr	r0, [pc, #8]	@ (10006b44 <____aeabi_ldiv0_veneer+0xc>)
10006b3c:	4684      	mov	ip, r0
10006b3e:	bc01      	pop	{r0}
10006b40:	4760      	bx	ip
10006b42:	bf00      	nop
10006b44:	20000f5d 	.word	0x20000f5d

10006b48 <__e15_is_critical_frame_period_veneer>:
10006b48:	b401      	push	{r0}
10006b4a:	4802      	ldr	r0, [pc, #8]	@ (10006b54 <__e15_is_critical_frame_period_veneer+0xc>)
10006b4c:	4684      	mov	ip, r0
10006b4e:	bc01      	pop	{r0}
10006b50:	4760      	bx	ip
10006b52:	bf00      	nop
10006b54:	20000c41 	.word	0x20000c41

10006b58 <____aeabi_idiv0_veneer>:
10006b58:	b401      	push	{r0}
10006b5a:	4802      	ldr	r0, [pc, #8]	@ (10006b64 <____aeabi_idiv0_veneer+0xc>)
10006b5c:	4684      	mov	ip, r0
10006b5e:	bc01      	pop	{r0}
10006b60:	4760      	bx	ip
10006b62:	bf00      	nop
10006b64:	20000f5d 	.word	0x20000f5d

10006b68 <__mutex_try_enter_veneer>:
10006b68:	b401      	push	{r0}
10006b6a:	4802      	ldr	r0, [pc, #8]	@ (10006b74 <__mutex_try_enter_veneer+0xc>)
10006b6c:	4684      	mov	ip, r0
10006b6e:	bc01      	pop	{r0}
10006b70:	4760      	bx	ip
10006b72:	bf00      	nop
10006b74:	200000c1 	.word	0x200000c1

10006b78 <__mutex_enter_timeout_ms_veneer>:
10006b78:	b401      	push	{r0}
10006b7a:	4802      	ldr	r0, [pc, #8]	@ (10006b84 <__mutex_enter_timeout_ms_veneer+0xc>)
10006b7c:	4684      	mov	ip, r0
10006b7e:	bc01      	pop	{r0}
10006b80:	4760      	bx	ip
10006b82:	bf00      	nop
10006b84:	20000199 	.word	0x20000199

10006b88 <__reset_non_control_endpoints_veneer>:
10006b88:	b401      	push	{r0}
10006b8a:	4802      	ldr	r0, [pc, #8]	@ (10006b94 <__reset_non_control_endpoints_veneer+0xc>)
10006b8c:	4684      	mov	ip, r0
10006b8e:	bc01      	pop	{r0}
10006b90:	4760      	bx	ip
10006b92:	bf00      	nop
10006b94:	2000043d 	.word	0x2000043d

10006b98 <__e15_is_bulkin_ep_veneer>:
10006b98:	b401      	push	{r0}
10006b9a:	4802      	ldr	r0, [pc, #8]	@ (10006ba4 <__e15_is_bulkin_ep_veneer+0xc>)
10006b9c:	4684      	mov	ip, r0
10006b9e:	bc01      	pop	{r0}
10006ba0:	4760      	bx	ip
10006ba2:	bf00      	nop
10006ba4:	20000c19 	.word	0x20000c19

10006ba8 <__mutex_try_enter_block_until_veneer>:
10006ba8:	b401      	push	{r0}
10006baa:	4802      	ldr	r0, [pc, #8]	@ (10006bb4 <__mutex_try_enter_block_until_veneer+0xc>)
10006bac:	4684      	mov	ip, r0
10006bae:	bc01      	pop	{r0}
10006bb0:	4760      	bx	ip
10006bb2:	bf00      	nop
10006bb4:	20000101 	.word	0x20000101

10006bb8 <__hw_endpoint_start_next_buffer_veneer>:
10006bb8:	b401      	push	{r0}
10006bba:	4802      	ldr	r0, [pc, #8]	@ (10006bc4 <__hw_endpoint_start_next_buffer_veneer+0xc>)
10006bbc:	4684      	mov	ip, r0
10006bbe:	bc01      	pop	{r0}
10006bc0:	4760      	bx	ip
10006bc2:	bf00      	nop
10006bc4:	20000cd1 	.word	0x20000cd1

10006bc8 <___hw_endpoint_buffer_control_update32_veneer>:
10006bc8:	b401      	push	{r0}
10006bca:	4802      	ldr	r0, [pc, #8]	@ (10006bd4 <___hw_endpoint_buffer_control_update32_veneer+0xc>)
10006bcc:	4684      	mov	ip, r0
10006bce:	bc01      	pop	{r0}
10006bd0:	4760      	bx	ip
10006bd2:	bf00      	nop
10006bd4:	20000c81 	.word	0x20000c81

10006bd8 <__pre_init_runtime_init_early_resets>:
10006bd8:	10001631                                1...

10006bdc <__pre_init_runtime_init_usb_power_down>:
10006bdc:	1000165d 10001841 100025ad 10001ee5     ]...A....%......
10006bec:	1000251d                                .%..

10006bf0 <__pre_init_runtime_init_clocks>:
10006bf0:	10001769                                i...

10006bf4 <__pre_init_runtime_init_post_clock_resets>:
10006bf4:	10001679                                y...

10006bf8 <__pre_init_runtime_init_rp2040_gpio_ie_disable>:
10006bf8:	10001699                                ....

10006bfc <__pre_init_runtime_init_spin_locks_reset>:
10006bfc:	100016ad                                ....

10006c00 <__pre_init_runtime_init_mutex>:
10006c00:	10000909                                ....

10006c04 <__pre_init_runtime_init_install_ram_vector_table>:
10006c04:	100016b5                                ....

10006c08 <__pre_init_runtime_init_default_alarm_pool>:
10006c08:	10000cd5                                ....

10006c0c <__pre_init_first_per_core_initializer>:
10006c0c:	100015f9                                ....

10006c10 <__pre_init_runtime_init_per_core_irq_priorities>:
10006c10:	1000053d                                =...

10006c14 <__init_array_start>:
10006c14:	100048a9 	.word	0x100048a9

10006c18 <__frame_dummy_init_array_entry>:
10006c18:	100002b1                                ....

Disassembly of section .data:

200000c0 <mutex_try_enter>:
200000c0:	0003      	movs	r3, r0
200000c2:	6800      	ldr	r0, [r0, #0]
200000c4:	f3ef 8c10 	mrs	ip, PRIMASK
200000c8:	b672      	cpsid	i
200000ca:	6802      	ldr	r2, [r0, #0]
200000cc:	2a00      	cmp	r2, #0
200000ce:	d0fc      	beq.n	200000ca <mutex_try_enter+0xa>
200000d0:	f3bf 8f5f 	dmb	sy
200000d4:	2204      	movs	r2, #4
200000d6:	569a      	ldrsb	r2, [r3, r2]
200000d8:	2a00      	cmp	r2, #0
200000da:	db0b      	blt.n	200000f4 <mutex_try_enter+0x34>
200000dc:	2900      	cmp	r1, #0
200000de:	d000      	beq.n	200000e2 <mutex_try_enter+0x22>
200000e0:	600a      	str	r2, [r1, #0]
200000e2:	2000      	movs	r0, #0
200000e4:	681b      	ldr	r3, [r3, #0]
200000e6:	f3bf 8f5f 	dmb	sy
200000ea:	2200      	movs	r2, #0
200000ec:	601a      	str	r2, [r3, #0]
200000ee:	f38c 8810 	msr	PRIMASK, ip
200000f2:	4770      	bx	lr
200000f4:	22d0      	movs	r2, #208	@ 0xd0
200000f6:	0612      	lsls	r2, r2, #24
200000f8:	6812      	ldr	r2, [r2, #0]
200000fa:	2001      	movs	r0, #1
200000fc:	711a      	strb	r2, [r3, #4]
200000fe:	e7f1      	b.n	200000e4 <mutex_try_enter+0x24>

20000100 <mutex_try_enter_block_until>:
20000100:	b5f0      	push	{r4, r5, r6, r7, lr}
20000102:	46c6      	mov	lr, r8
20000104:	0015      	movs	r5, r2
20000106:	b500      	push	{lr}
20000108:	0004      	movs	r4, r0
2000010a:	001e      	movs	r6, r3
2000010c:	6802      	ldr	r2, [r0, #0]
2000010e:	f3ef 8110 	mrs	r1, PRIMASK
20000112:	b672      	cpsid	i
20000114:	6813      	ldr	r3, [r2, #0]
20000116:	2b00      	cmp	r3, #0
20000118:	d0fc      	beq.n	20000114 <mutex_try_enter_block_until+0x14>
2000011a:	f3bf 8f5f 	dmb	sy
2000011e:	2304      	movs	r3, #4
20000120:	56e3      	ldrsb	r3, [r4, r3]
20000122:	6822      	ldr	r2, [r4, #0]
20000124:	2b00      	cmp	r3, #0
20000126:	db2b      	blt.n	20000180 <mutex_try_enter_block_until+0x80>
20000128:	f3bf 8f5f 	dmb	sy
2000012c:	2000      	movs	r0, #0
2000012e:	6010      	str	r0, [r2, #0]
20000130:	f381 8810 	msr	PRIMASK, r1
20000134:	22d0      	movs	r2, #208	@ 0xd0
20000136:	0612      	lsls	r2, r2, #24
20000138:	7812      	ldrb	r2, [r2, #0]
2000013a:	2700      	movs	r7, #0
2000013c:	b252      	sxtb	r2, r2
2000013e:	4690      	mov	r8, r2
20000140:	429a      	cmp	r2, r3
20000142:	d10e      	bne.n	20000162 <mutex_try_enter_block_until+0x62>
20000144:	2000      	movs	r0, #0
20000146:	bc80      	pop	{r7}
20000148:	46b8      	mov	r8, r7
2000014a:	bdf0      	pop	{r4, r5, r6, r7, pc}
2000014c:	f3bf 8f5f 	dmb	sy
20000150:	6017      	str	r7, [r2, #0]
20000152:	f381 8810 	msr	PRIMASK, r1
20000156:	0028      	movs	r0, r5
20000158:	0031      	movs	r1, r6
2000015a:	f000 ff09 	bl	20000f70 <__best_effort_wfe_or_timeout_veneer>
2000015e:	2800      	cmp	r0, #0
20000160:	d1f0      	bne.n	20000144 <mutex_try_enter_block_until+0x44>
20000162:	6822      	ldr	r2, [r4, #0]
20000164:	f3ef 8110 	mrs	r1, PRIMASK
20000168:	b672      	cpsid	i
2000016a:	6813      	ldr	r3, [r2, #0]
2000016c:	2b00      	cmp	r3, #0
2000016e:	d0fc      	beq.n	2000016a <mutex_try_enter_block_until+0x6a>
20000170:	f3bf 8f5f 	dmb	sy
20000174:	7923      	ldrb	r3, [r4, #4]
20000176:	6822      	ldr	r2, [r4, #0]
20000178:	2b7f      	cmp	r3, #127	@ 0x7f
2000017a:	d9e7      	bls.n	2000014c <mutex_try_enter_block_until+0x4c>
2000017c:	4643      	mov	r3, r8
2000017e:	e002      	b.n	20000186 <mutex_try_enter_block_until+0x86>
20000180:	23d0      	movs	r3, #208	@ 0xd0
20000182:	061b      	lsls	r3, r3, #24
20000184:	681b      	ldr	r3, [r3, #0]
20000186:	7123      	strb	r3, [r4, #4]
20000188:	f3bf 8f5f 	dmb	sy
2000018c:	2300      	movs	r3, #0
2000018e:	6013      	str	r3, [r2, #0]
20000190:	f381 8810 	msr	PRIMASK, r1
20000194:	2001      	movs	r0, #1
20000196:	e7d6      	b.n	20000146 <mutex_try_enter_block_until+0x46>

20000198 <mutex_enter_timeout_ms>:
20000198:	b5f0      	push	{r4, r5, r6, r7, lr}
2000019a:	46c6      	mov	lr, r8
2000019c:	b500      	push	{lr}
2000019e:	000d      	movs	r5, r1
200001a0:	0004      	movs	r4, r0
200001a2:	f000 ff15 	bl	20000fd0 <__time_us_64_veneer>
200001a6:	22fa      	movs	r2, #250	@ 0xfa
200001a8:	0006      	movs	r6, r0
200001aa:	000f      	movs	r7, r1
200001ac:	2300      	movs	r3, #0
200001ae:	0028      	movs	r0, r5
200001b0:	2100      	movs	r1, #0
200001b2:	0092      	lsls	r2, r2, #2
200001b4:	f000 ff04 	bl	20000fc0 <____wrap___aeabi_lmul_veneer>
200001b8:	1836      	adds	r6, r6, r0
200001ba:	414f      	adcs	r7, r1
200001bc:	2f00      	cmp	r7, #0
200001be:	da02      	bge.n	200001c6 <mutex_enter_timeout_ms+0x2e>
200001c0:	2601      	movs	r6, #1
200001c2:	4f17      	ldr	r7, [pc, #92]	@ (20000220 <mutex_enter_timeout_ms+0x88>)
200001c4:	4276      	negs	r6, r6
200001c6:	23d0      	movs	r3, #208	@ 0xd0
200001c8:	061b      	lsls	r3, r3, #24
200001ca:	681b      	ldr	r3, [r3, #0]
200001cc:	2500      	movs	r5, #0
200001ce:	4698      	mov	r8, r3
200001d0:	e00a      	b.n	200001e8 <mutex_enter_timeout_ms+0x50>
200001d2:	f3bf 8f5f 	dmb	sy
200001d6:	6015      	str	r5, [r2, #0]
200001d8:	f381 8810 	msr	PRIMASK, r1
200001dc:	0030      	movs	r0, r6
200001de:	0039      	movs	r1, r7
200001e0:	f000 fec6 	bl	20000f70 <__best_effort_wfe_or_timeout_veneer>
200001e4:	2800      	cmp	r0, #0
200001e6:	d118      	bne.n	2000021a <mutex_enter_timeout_ms+0x82>
200001e8:	6822      	ldr	r2, [r4, #0]
200001ea:	f3ef 8110 	mrs	r1, PRIMASK
200001ee:	b672      	cpsid	i
200001f0:	6813      	ldr	r3, [r2, #0]
200001f2:	2b00      	cmp	r3, #0
200001f4:	d0fc      	beq.n	200001f0 <mutex_enter_timeout_ms+0x58>
200001f6:	f3bf 8f5f 	dmb	sy
200001fa:	7923      	ldrb	r3, [r4, #4]
200001fc:	6822      	ldr	r2, [r4, #0]
200001fe:	2b7f      	cmp	r3, #127	@ 0x7f
20000200:	d9e7      	bls.n	200001d2 <mutex_enter_timeout_ms+0x3a>
20000202:	4643      	mov	r3, r8
20000204:	7123      	strb	r3, [r4, #4]
20000206:	f3bf 8f5f 	dmb	sy
2000020a:	2300      	movs	r3, #0
2000020c:	6013      	str	r3, [r2, #0]
2000020e:	f381 8810 	msr	PRIMASK, r1
20000212:	2001      	movs	r0, #1
20000214:	bc80      	pop	{r7}
20000216:	46b8      	mov	r8, r7
20000218:	bdf0      	pop	{r4, r5, r6, r7, pc}
2000021a:	2000      	movs	r0, #0
2000021c:	e7fa      	b.n	20000214 <mutex_enter_timeout_ms+0x7c>
2000021e:	46c0      	nop			@ (mov r8, r8)
20000220:	7fffffff 	.word	0x7fffffff

20000224 <mutex_exit>:
20000224:	6802      	ldr	r2, [r0, #0]
20000226:	f3ef 8110 	mrs	r1, PRIMASK
2000022a:	b672      	cpsid	i
2000022c:	6813      	ldr	r3, [r2, #0]
2000022e:	2b00      	cmp	r3, #0
20000230:	d0fc      	beq.n	2000022c <mutex_exit+0x8>
20000232:	f3bf 8f5f 	dmb	sy
20000236:	23ff      	movs	r3, #255	@ 0xff
20000238:	7103      	strb	r3, [r0, #4]
2000023a:	6803      	ldr	r3, [r0, #0]
2000023c:	f3bf 8f5f 	dmb	sy
20000240:	2200      	movs	r2, #0
20000242:	601a      	str	r2, [r3, #0]
20000244:	f381 8810 	msr	PRIMASK, r1
20000248:	bf40      	sev
2000024a:	4770      	bx	lr

2000024c <flash_init_boot2_copyout>:
2000024c:	b510      	push	{r4, lr}
2000024e:	4c08      	ldr	r4, [pc, #32]	@ (20000270 <flash_init_boot2_copyout+0x24>)
20000250:	7823      	ldrb	r3, [r4, #0]
20000252:	2b00      	cmp	r3, #0
20000254:	d10a      	bne.n	2000026c <flash_init_boot2_copyout+0x20>
20000256:	2380      	movs	r3, #128	@ 0x80
20000258:	4806      	ldr	r0, [pc, #24]	@ (20000274 <flash_init_boot2_copyout+0x28>)
2000025a:	4907      	ldr	r1, [pc, #28]	@ (20000278 <flash_init_boot2_copyout+0x2c>)
2000025c:	055b      	lsls	r3, r3, #21
2000025e:	681a      	ldr	r2, [r3, #0]
20000260:	50c2      	str	r2, [r0, r3]
20000262:	3304      	adds	r3, #4
20000264:	428b      	cmp	r3, r1
20000266:	d1fa      	bne.n	2000025e <flash_init_boot2_copyout+0x12>
20000268:	2301      	movs	r3, #1
2000026a:	7023      	strb	r3, [r4, #0]
2000026c:	bd10      	pop	{r4, pc}
2000026e:	46c0      	nop			@ (mov r8, r8)
20000270:	20001fa4 	.word	0x20001fa4
20000274:	100019d0 	.word	0x100019d0
20000278:	10000100 	.word	0x10000100

2000027c <flash_enable_xip_via_boot2>:
2000027c:	b510      	push	{r4, lr}
2000027e:	4b01      	ldr	r3, [pc, #4]	@ (20000284 <flash_enable_xip_via_boot2+0x8>)
20000280:	4798      	blx	r3
20000282:	bd10      	pop	{r4, pc}
20000284:	200019d1 	.word	0x200019d1

20000288 <flash_save_hardware_state>:
20000288:	4b06      	ldr	r3, [pc, #24]	@ (200002a4 <flash_save_hardware_state+0x1c>)
2000028a:	685a      	ldr	r2, [r3, #4]
2000028c:	6002      	str	r2, [r0, #0]
2000028e:	689a      	ldr	r2, [r3, #8]
20000290:	6042      	str	r2, [r0, #4]
20000292:	68da      	ldr	r2, [r3, #12]
20000294:	6082      	str	r2, [r0, #8]
20000296:	691a      	ldr	r2, [r3, #16]
20000298:	60c2      	str	r2, [r0, #12]
2000029a:	695a      	ldr	r2, [r3, #20]
2000029c:	6102      	str	r2, [r0, #16]
2000029e:	699b      	ldr	r3, [r3, #24]
200002a0:	6143      	str	r3, [r0, #20]
200002a2:	4770      	bx	lr
200002a4:	40020000 	.word	0x40020000

200002a8 <flash_restore_hardware_state>:
200002a8:	6802      	ldr	r2, [r0, #0]
200002aa:	4b06      	ldr	r3, [pc, #24]	@ (200002c4 <flash_restore_hardware_state+0x1c>)
200002ac:	605a      	str	r2, [r3, #4]
200002ae:	6842      	ldr	r2, [r0, #4]
200002b0:	609a      	str	r2, [r3, #8]
200002b2:	6882      	ldr	r2, [r0, #8]
200002b4:	60da      	str	r2, [r3, #12]
200002b6:	68c2      	ldr	r2, [r0, #12]
200002b8:	611a      	str	r2, [r3, #16]
200002ba:	6902      	ldr	r2, [r0, #16]
200002bc:	615a      	str	r2, [r3, #20]
200002be:	6942      	ldr	r2, [r0, #20]
200002c0:	619a      	str	r2, [r3, #24]
200002c2:	4770      	bx	lr
200002c4:	40020000 	.word	0x40020000

200002c8 <flash_cs_force.constprop.0>:
200002c8:	4b03      	ldr	r3, [pc, #12]	@ (200002d8 <flash_cs_force.constprop.0+0x10>)
200002ca:	681a      	ldr	r2, [r3, #0]
200002cc:	23c0      	movs	r3, #192	@ 0xc0
200002ce:	009b      	lsls	r3, r3, #2
200002d0:	4393      	bics	r3, r2
200002d2:	4a02      	ldr	r2, [pc, #8]	@ (200002dc <flash_cs_force.constprop.0+0x14>)
200002d4:	6013      	str	r3, [r2, #0]
200002d6:	4770      	bx	lr
200002d8:	4001800c 	.word	0x4001800c
200002dc:	4001900c 	.word	0x4001900c

200002e0 <flash_cs_force.constprop.1>:
200002e0:	4b05      	ldr	r3, [pc, #20]	@ (200002f8 <flash_cs_force.constprop.1+0x18>)
200002e2:	681a      	ldr	r2, [r3, #0]
200002e4:	2380      	movs	r3, #128	@ 0x80
200002e6:	009b      	lsls	r3, r3, #2
200002e8:	4053      	eors	r3, r2
200002ea:	22c0      	movs	r2, #192	@ 0xc0
200002ec:	0092      	lsls	r2, r2, #2
200002ee:	4013      	ands	r3, r2
200002f0:	4a02      	ldr	r2, [pc, #8]	@ (200002fc <flash_cs_force.constprop.1+0x1c>)
200002f2:	6013      	str	r3, [r2, #0]
200002f4:	4770      	bx	lr
200002f6:	46c0      	nop			@ (mov r8, r8)
200002f8:	4001800c 	.word	0x4001800c
200002fc:	4001900c 	.word	0x4001900c

20000300 <flash_do_cmd>:
20000300:	2300      	movs	r3, #0
20000302:	b5f0      	push	{r4, r5, r6, r7, lr}
20000304:	46de      	mov	lr, fp
20000306:	4657      	mov	r7, sl
20000308:	464e      	mov	r6, r9
2000030a:	4645      	mov	r5, r8
2000030c:	469a      	mov	sl, r3
2000030e:	b5e0      	push	{r5, r6, r7, lr}
20000310:	b089      	sub	sp, #36	@ 0x24
20000312:	9001      	str	r0, [sp, #4]
20000314:	000e      	movs	r6, r1
20000316:	8a98      	ldrh	r0, [r3, #20]
20000318:	4945      	ldr	r1, [pc, #276]	@ (20000430 <flash_do_cmd+0x130>)
2000031a:	8b1b      	ldrh	r3, [r3, #24]
2000031c:	0014      	movs	r4, r2
2000031e:	4798      	blx	r3
20000320:	4653      	mov	r3, sl
20000322:	4681      	mov	r9, r0
20000324:	4943      	ldr	r1, [pc, #268]	@ (20000434 <flash_do_cmd+0x134>)
20000326:	8a98      	ldrh	r0, [r3, #20]
20000328:	8b1b      	ldrh	r3, [r3, #24]
2000032a:	4798      	blx	r3
2000032c:	4653      	mov	r3, sl
2000032e:	4942      	ldr	r1, [pc, #264]	@ (20000438 <flash_do_cmd+0x138>)
20000330:	0005      	movs	r5, r0
20000332:	8a98      	ldrh	r0, [r3, #20]
20000334:	8b1b      	ldrh	r3, [r3, #24]
20000336:	4798      	blx	r3
20000338:	4680      	mov	r8, r0
2000033a:	f7ff ff87 	bl	2000024c <flash_init_boot2_copyout>
2000033e:	a802      	add	r0, sp, #8
20000340:	f7ff ffa2 	bl	20000288 <flash_save_hardware_state>
20000344:	47c8      	blx	r9
20000346:	47a8      	blx	r5
20000348:	f7ff ffca 	bl	200002e0 <flash_cs_force.constprop.1>
2000034c:	1e25      	subs	r5, r4, #0
2000034e:	d022      	beq.n	20000396 <flash_do_cmd+0x96>
20000350:	2308      	movs	r3, #8
20000352:	21c0      	movs	r1, #192	@ 0xc0
20000354:	469c      	mov	ip, r3
20000356:	2002      	movs	r0, #2
20000358:	0549      	lsls	r1, r1, #21
2000035a:	4662      	mov	r2, ip
2000035c:	6a8b      	ldr	r3, [r1, #40]	@ 0x28
2000035e:	401a      	ands	r2, r3
20000360:	4218      	tst	r0, r3
20000362:	d03f      	beq.n	200003e4 <flash_do_cmd+0xe4>
20000364:	1b63      	subs	r3, r4, r5
20000366:	2d00      	cmp	r5, #0
20000368:	d12f      	bne.n	200003ca <flash_do_cmd+0xca>
2000036a:	2a00      	cmp	r2, #0
2000036c:	d111      	bne.n	20000392 <flash_do_cmd+0x92>
2000036e:	2c00      	cmp	r4, #0
20000370:	d011      	beq.n	20000396 <flash_do_cmd+0x96>
20000372:	23c0      	movs	r3, #192	@ 0xc0
20000374:	055b      	lsls	r3, r3, #21
20000376:	469b      	mov	fp, r3
20000378:	2302      	movs	r3, #2
2000037a:	469a      	mov	sl, r3
2000037c:	3306      	adds	r3, #6
2000037e:	4699      	mov	r9, r3
20000380:	465b      	mov	r3, fp
20000382:	464a      	mov	r2, r9
20000384:	4657      	mov	r7, sl
20000386:	6a9b      	ldr	r3, [r3, #40]	@ 0x28
20000388:	401a      	ands	r2, r3
2000038a:	421f      	tst	r7, r3
2000038c:	d042      	beq.n	20000414 <flash_do_cmd+0x114>
2000038e:	2a00      	cmp	r2, #0
20000390:	d0f6      	beq.n	20000380 <flash_do_cmd+0x80>
20000392:	2c00      	cmp	r4, #0
20000394:	d130      	bne.n	200003f8 <flash_do_cmd+0xf8>
20000396:	f7ff ff97 	bl	200002c8 <flash_cs_force.constprop.0>
2000039a:	47c0      	blx	r8
2000039c:	f7ff ff6e 	bl	2000027c <flash_enable_xip_via_boot2>
200003a0:	a802      	add	r0, sp, #8
200003a2:	f7ff ff81 	bl	200002a8 <flash_restore_hardware_state>
200003a6:	b009      	add	sp, #36	@ 0x24
200003a8:	bcf0      	pop	{r4, r5, r6, r7}
200003aa:	46bb      	mov	fp, r7
200003ac:	46b2      	mov	sl, r6
200003ae:	46a9      	mov	r9, r5
200003b0:	46a0      	mov	r8, r4
200003b2:	bdf0      	pop	{r4, r5, r6, r7, pc}
200003b4:	2c00      	cmp	r4, #0
200003b6:	d12f      	bne.n	20000418 <flash_do_cmd+0x118>
200003b8:	22c0      	movs	r2, #192	@ 0xc0
200003ba:	0552      	lsls	r2, r2, #21
200003bc:	6a92      	ldr	r2, [r2, #40]	@ 0x28
200003be:	4691      	mov	r9, r2
200003c0:	2208      	movs	r2, #8
200003c2:	464f      	mov	r7, r9
200003c4:	403a      	ands	r2, r7
200003c6:	07bf      	lsls	r7, r7, #30
200003c8:	d52d      	bpl.n	20000426 <flash_do_cmd+0x126>
200003ca:	2b0d      	cmp	r3, #13
200003cc:	d91b      	bls.n	20000406 <flash_do_cmd+0x106>
200003ce:	2a00      	cmp	r2, #0
200003d0:	d1f0      	bne.n	200003b4 <flash_do_cmd+0xb4>
200003d2:	22c0      	movs	r2, #192	@ 0xc0
200003d4:	0552      	lsls	r2, r2, #21
200003d6:	6a92      	ldr	r2, [r2, #40]	@ 0x28
200003d8:	4691      	mov	r9, r2
200003da:	2208      	movs	r2, #8
200003dc:	464f      	mov	r7, r9
200003de:	403a      	ands	r2, r7
200003e0:	07bf      	lsls	r7, r7, #30
200003e2:	d4f2      	bmi.n	200003ca <flash_do_cmd+0xca>
200003e4:	2a00      	cmp	r2, #0
200003e6:	d104      	bne.n	200003f2 <flash_do_cmd+0xf2>
200003e8:	002b      	movs	r3, r5
200003ea:	4323      	orrs	r3, r4
200003ec:	2b00      	cmp	r3, #0
200003ee:	d1b4      	bne.n	2000035a <flash_do_cmd+0x5a>
200003f0:	e7d1      	b.n	20000396 <flash_do_cmd+0x96>
200003f2:	002b      	movs	r3, r5
200003f4:	2c00      	cmp	r4, #0
200003f6:	d0f9      	beq.n	200003ec <flash_do_cmd+0xec>
200003f8:	6e0b      	ldr	r3, [r1, #96]	@ 0x60
200003fa:	3c01      	subs	r4, #1
200003fc:	7033      	strb	r3, [r6, #0]
200003fe:	0023      	movs	r3, r4
20000400:	3601      	adds	r6, #1
20000402:	432b      	orrs	r3, r5
20000404:	e7f2      	b.n	200003ec <flash_do_cmd+0xec>
20000406:	9f01      	ldr	r7, [sp, #4]
20000408:	3d01      	subs	r5, #1
2000040a:	783b      	ldrb	r3, [r7, #0]
2000040c:	3701      	adds	r7, #1
2000040e:	660b      	str	r3, [r1, #96]	@ 0x60
20000410:	9701      	str	r7, [sp, #4]
20000412:	e7e7      	b.n	200003e4 <flash_do_cmd+0xe4>
20000414:	2500      	movs	r5, #0
20000416:	e7e5      	b.n	200003e4 <flash_do_cmd+0xe4>
20000418:	23c0      	movs	r3, #192	@ 0xc0
2000041a:	055b      	lsls	r3, r3, #21
2000041c:	6e1b      	ldr	r3, [r3, #96]	@ 0x60
2000041e:	3c01      	subs	r4, #1
20000420:	7033      	strb	r3, [r6, #0]
20000422:	3601      	adds	r6, #1
20000424:	e799      	b.n	2000035a <flash_do_cmd+0x5a>
20000426:	002b      	movs	r3, r5
20000428:	2a00      	cmp	r2, #0
2000042a:	d1df      	bne.n	200003ec <flash_do_cmd+0xec>
2000042c:	e7dc      	b.n	200003e8 <flash_do_cmd+0xe8>
2000042e:	46c0      	nop			@ (mov r8, r8)
20000430:	00004649 	.word	0x00004649
20000434:	00005845 	.word	0x00005845
20000438:	00004346 	.word	0x00004346

2000043c <reset_non_control_endpoints>:
2000043c:	2200      	movs	r2, #0
2000043e:	4b15      	ldr	r3, [pc, #84]	@ (20000494 <reset_non_control_endpoints+0x58>)
20000440:	b510      	push	{r4, lr}
20000442:	609a      	str	r2, [r3, #8]
20000444:	60da      	str	r2, [r3, #12]
20000446:	611a      	str	r2, [r3, #16]
20000448:	615a      	str	r2, [r3, #20]
2000044a:	619a      	str	r2, [r3, #24]
2000044c:	61da      	str	r2, [r3, #28]
2000044e:	621a      	str	r2, [r3, #32]
20000450:	625a      	str	r2, [r3, #36]	@ 0x24
20000452:	629a      	str	r2, [r3, #40]	@ 0x28
20000454:	62da      	str	r2, [r3, #44]	@ 0x2c
20000456:	631a      	str	r2, [r3, #48]	@ 0x30
20000458:	635a      	str	r2, [r3, #52]	@ 0x34
2000045a:	639a      	str	r2, [r3, #56]	@ 0x38
2000045c:	63da      	str	r2, [r3, #60]	@ 0x3c
2000045e:	641a      	str	r2, [r3, #64]	@ 0x40
20000460:	645a      	str	r2, [r3, #68]	@ 0x44
20000462:	649a      	str	r2, [r3, #72]	@ 0x48
20000464:	64da      	str	r2, [r3, #76]	@ 0x4c
20000466:	651a      	str	r2, [r3, #80]	@ 0x50
20000468:	655a      	str	r2, [r3, #84]	@ 0x54
2000046a:	659a      	str	r2, [r3, #88]	@ 0x58
2000046c:	65da      	str	r2, [r3, #92]	@ 0x5c
2000046e:	661a      	str	r2, [r3, #96]	@ 0x60
20000470:	665a      	str	r2, [r3, #100]	@ 0x64
20000472:	669a      	str	r2, [r3, #104]	@ 0x68
20000474:	66da      	str	r2, [r3, #108]	@ 0x6c
20000476:	671a      	str	r2, [r3, #112]	@ 0x70
20000478:	675a      	str	r2, [r3, #116]	@ 0x74
2000047a:	679a      	str	r2, [r3, #120]	@ 0x78
2000047c:	67da      	str	r2, [r3, #124]	@ 0x7c
2000047e:	32f0      	adds	r2, #240	@ 0xf0
20000480:	0092      	lsls	r2, r2, #2
20000482:	2100      	movs	r1, #0
20000484:	4804      	ldr	r0, [pc, #16]	@ (20000498 <reset_non_control_endpoints+0x5c>)
20000486:	f000 fd7b 	bl	20000f80 <____wrap_memset_veneer>
2000048a:	4b04      	ldr	r3, [pc, #16]	@ (2000049c <reset_non_control_endpoints+0x60>)
2000048c:	4a04      	ldr	r2, [pc, #16]	@ (200004a0 <reset_non_control_endpoints+0x64>)
2000048e:	601a      	str	r2, [r3, #0]
20000490:	bd10      	pop	{r4, pc}
20000492:	46c0      	nop			@ (mov r8, r8)
20000494:	50100000 	.word	0x50100000
20000498:	20001b7c 	.word	0x20001b7c
2000049c:	20001f44 	.word	0x20001f44
200004a0:	50100180 	.word	0x50100180

200004a4 <hw_handle_buff_status>:
200004a4:	b5f0      	push	{r4, r5, r6, r7, lr}
200004a6:	464e      	mov	r6, r9
200004a8:	4645      	mov	r5, r8
200004aa:	46de      	mov	lr, fp
200004ac:	4657      	mov	r7, sl
200004ae:	b5e0      	push	{r5, r6, r7, lr}
200004b0:	4b21      	ldr	r3, [pc, #132]	@ (20000538 <hw_handle_buff_status+0x94>)
200004b2:	2400      	movs	r4, #0
200004b4:	6d9e      	ldr	r6, [r3, #88]	@ 0x58
200004b6:	2501      	movs	r5, #1
200004b8:	b085      	sub	sp, #20
200004ba:	2e00      	cmp	r6, #0
200004bc:	d022      	beq.n	20000504 <hw_handle_buff_status+0x60>
200004be:	4b1f      	ldr	r3, [pc, #124]	@ (2000053c <hw_handle_buff_status+0x98>)
200004c0:	469a      	mov	sl, r3
200004c2:	2301      	movs	r3, #1
200004c4:	4699      	mov	r9, r3
200004c6:	4b1e      	ldr	r3, [pc, #120]	@ (20000540 <hw_handle_buff_status+0x9c>)
200004c8:	4698      	mov	r8, r3
200004ca:	e001      	b.n	200004d0 <hw_handle_buff_status+0x2c>
200004cc:	2c20      	cmp	r4, #32
200004ce:	d019      	beq.n	20000504 <hw_handle_buff_status+0x60>
200004d0:	002a      	movs	r2, r5
200004d2:	0023      	movs	r3, r4
200004d4:	3401      	adds	r4, #1
200004d6:	002f      	movs	r7, r5
200004d8:	4032      	ands	r2, r6
200004da:	b2e4      	uxtb	r4, r4
200004dc:	006d      	lsls	r5, r5, #1
200004de:	2a00      	cmp	r2, #0
200004e0:	d0f4      	beq.n	200004cc <hw_handle_buff_status+0x28>
200004e2:	4652      	mov	r2, sl
200004e4:	6597      	str	r7, [r2, #88]	@ 0x58
200004e6:	464a      	mov	r2, r9
200004e8:	085b      	lsrs	r3, r3, #1
200004ea:	005b      	lsls	r3, r3, #1
200004ec:	4022      	ands	r2, r4
200004ee:	189b      	adds	r3, r3, r2
200004f0:	015b      	lsls	r3, r3, #5
200004f2:	4443      	add	r3, r8
200004f4:	0018      	movs	r0, r3
200004f6:	469b      	mov	fp, r3
200004f8:	f000 fc1e 	bl	20000d38 <hw_endpoint_xfer_continue>
200004fc:	2800      	cmp	r0, #0
200004fe:	d108      	bne.n	20000512 <hw_handle_buff_status+0x6e>
20000500:	43be      	bics	r6, r7
20000502:	d1e3      	bne.n	200004cc <hw_handle_buff_status+0x28>
20000504:	b005      	add	sp, #20
20000506:	bcf0      	pop	{r4, r5, r6, r7}
20000508:	46bb      	mov	fp, r7
2000050a:	46b2      	mov	sl, r6
2000050c:	46a9      	mov	r9, r5
2000050e:	46a0      	mov	r8, r4
20000510:	bdf0      	pop	{r4, r5, r6, r7, pc}
20000512:	465b      	mov	r3, fp
20000514:	21e0      	movs	r1, #224	@ 0xe0
20000516:	789a      	ldrb	r2, [r3, #2]
20000518:	8adb      	ldrh	r3, [r3, #22]
2000051a:	a801      	add	r0, sp, #4
2000051c:	6083      	str	r3, [r0, #8]
2000051e:	2300      	movs	r3, #0
20000520:	00c9      	lsls	r1, r1, #3
20000522:	8001      	strh	r1, [r0, #0]
20000524:	2101      	movs	r1, #1
20000526:	7102      	strb	r2, [r0, #4]
20000528:	7143      	strb	r3, [r0, #5]
2000052a:	f000 fc25 	bl	20000d78 <dcd_event_handler>
2000052e:	4658      	mov	r0, fp
20000530:	f000 fba0 	bl	20000c74 <hw_endpoint_reset_transfer>
20000534:	e7e4      	b.n	20000500 <hw_handle_buff_status+0x5c>
20000536:	46c0      	nop			@ (mov r8, r8)
20000538:	50110000 	.word	0x50110000
2000053c:	50113000 	.word	0x50113000
20000540:	20001b3c 	.word	0x20001b3c

20000544 <dcd_rp2040_irq>:
20000544:	2398      	movs	r3, #152	@ 0x98
20000546:	b5f0      	push	{r4, r5, r6, r7, lr}
20000548:	46c6      	mov	lr, r8
2000054a:	4ac8      	ldr	r2, [pc, #800]	@ (2000086c <dcd_rp2040_irq+0x328>)
2000054c:	b500      	push	{lr}
2000054e:	58d5      	ldr	r5, [r2, r3]
20000550:	2380      	movs	r3, #128	@ 0x80
20000552:	002e      	movs	r6, r5
20000554:	029b      	lsls	r3, r3, #10
20000556:	2410      	movs	r4, #16
20000558:	b084      	sub	sp, #16
2000055a:	401e      	ands	r6, r3
2000055c:	421d      	tst	r5, r3
2000055e:	d074      	beq.n	2000064a <dcd_rp2040_irq+0x106>
20000560:	4bc3      	ldr	r3, [pc, #780]	@ (20000870 <dcd_rp2040_irq+0x32c>)
20000562:	4cc4      	ldr	r4, [pc, #784]	@ (20000874 <dcd_rp2040_irq+0x330>)
20000564:	6a9a      	ldr	r2, [r3, #40]	@ 0x28
20000566:	4bc4      	ldr	r3, [pc, #784]	@ (20000878 <dcd_rp2040_irq+0x334>)
20000568:	2600      	movs	r6, #0
2000056a:	601a      	str	r2, [r3, #0]
2000056c:	233b      	movs	r3, #59	@ 0x3b
2000056e:	5ce3      	ldrb	r3, [r4, r3]
20000570:	2b02      	cmp	r3, #2
20000572:	d100      	bne.n	20000576 <dcd_rp2040_irq+0x32>
20000574:	e14f      	b.n	20000816 <dcd_rp2040_irq+0x2d2>
20000576:	237b      	movs	r3, #123	@ 0x7b
20000578:	5ce3      	ldrb	r3, [r4, r3]
2000057a:	2b02      	cmp	r3, #2
2000057c:	d100      	bne.n	20000580 <dcd_rp2040_irq+0x3c>
2000057e:	e0f3      	b.n	20000768 <dcd_rp2040_irq+0x224>
20000580:	23bb      	movs	r3, #187	@ 0xbb
20000582:	5ce3      	ldrb	r3, [r4, r3]
20000584:	2b02      	cmp	r3, #2
20000586:	d100      	bne.n	2000058a <dcd_rp2040_irq+0x46>
20000588:	e0fa      	b.n	20000780 <dcd_rp2040_irq+0x23c>
2000058a:	23fb      	movs	r3, #251	@ 0xfb
2000058c:	5ce3      	ldrb	r3, [r4, r3]
2000058e:	2b02      	cmp	r3, #2
20000590:	d100      	bne.n	20000594 <dcd_rp2040_irq+0x50>
20000592:	e101      	b.n	20000798 <dcd_rp2040_irq+0x254>
20000594:	233c      	movs	r3, #60	@ 0x3c
20000596:	33ff      	adds	r3, #255	@ 0xff
20000598:	5ce3      	ldrb	r3, [r4, r3]
2000059a:	2b02      	cmp	r3, #2
2000059c:	d100      	bne.n	200005a0 <dcd_rp2040_irq+0x5c>
2000059e:	e12d      	b.n	200007fc <dcd_rp2040_irq+0x2b8>
200005a0:	237c      	movs	r3, #124	@ 0x7c
200005a2:	33ff      	adds	r3, #255	@ 0xff
200005a4:	5ce3      	ldrb	r3, [r4, r3]
200005a6:	2b02      	cmp	r3, #2
200005a8:	d100      	bne.n	200005ac <dcd_rp2040_irq+0x68>
200005aa:	e10e      	b.n	200007ca <dcd_rp2040_irq+0x286>
200005ac:	23bc      	movs	r3, #188	@ 0xbc
200005ae:	33ff      	adds	r3, #255	@ 0xff
200005b0:	5ce3      	ldrb	r3, [r4, r3]
200005b2:	2b02      	cmp	r3, #2
200005b4:	d100      	bne.n	200005b8 <dcd_rp2040_irq+0x74>
200005b6:	e13f      	b.n	20000838 <dcd_rp2040_irq+0x2f4>
200005b8:	23fc      	movs	r3, #252	@ 0xfc
200005ba:	33ff      	adds	r3, #255	@ 0xff
200005bc:	5ce3      	ldrb	r3, [r4, r3]
200005be:	2b02      	cmp	r3, #2
200005c0:	d100      	bne.n	200005c4 <dcd_rp2040_irq+0x80>
200005c2:	e0f5      	b.n	200007b0 <dcd_rp2040_irq+0x26c>
200005c4:	4bad      	ldr	r3, [pc, #692]	@ (2000087c <dcd_rp2040_irq+0x338>)
200005c6:	5ce3      	ldrb	r3, [r4, r3]
200005c8:	2b02      	cmp	r3, #2
200005ca:	d100      	bne.n	200005ce <dcd_rp2040_irq+0x8a>
200005cc:	e174      	b.n	200008b8 <dcd_rp2040_irq+0x374>
200005ce:	4bac      	ldr	r3, [pc, #688]	@ (20000880 <dcd_rp2040_irq+0x33c>)
200005d0:	5ce3      	ldrb	r3, [r4, r3]
200005d2:	2b02      	cmp	r3, #2
200005d4:	d100      	bne.n	200005d8 <dcd_rp2040_irq+0x94>
200005d6:	e105      	b.n	200007e4 <dcd_rp2040_irq+0x2a0>
200005d8:	4baa      	ldr	r3, [pc, #680]	@ (20000884 <dcd_rp2040_irq+0x340>)
200005da:	5ce3      	ldrb	r3, [r4, r3]
200005dc:	2b02      	cmp	r3, #2
200005de:	d100      	bne.n	200005e2 <dcd_rp2040_irq+0x9e>
200005e0:	e175      	b.n	200008ce <dcd_rp2040_irq+0x38a>
200005e2:	4ba9      	ldr	r3, [pc, #676]	@ (20000888 <dcd_rp2040_irq+0x344>)
200005e4:	5ce3      	ldrb	r3, [r4, r3]
200005e6:	2b02      	cmp	r3, #2
200005e8:	d100      	bne.n	200005ec <dcd_rp2040_irq+0xa8>
200005ea:	e132      	b.n	20000852 <dcd_rp2040_irq+0x30e>
200005ec:	4ba7      	ldr	r3, [pc, #668]	@ (2000088c <dcd_rp2040_irq+0x348>)
200005ee:	5ce3      	ldrb	r3, [r4, r3]
200005f0:	2b02      	cmp	r3, #2
200005f2:	d100      	bne.n	200005f6 <dcd_rp2040_irq+0xb2>
200005f4:	e1a0      	b.n	20000938 <dcd_rp2040_irq+0x3f4>
200005f6:	4ba6      	ldr	r3, [pc, #664]	@ (20000890 <dcd_rp2040_irq+0x34c>)
200005f8:	5ce3      	ldrb	r3, [r4, r3]
200005fa:	2b02      	cmp	r3, #2
200005fc:	d100      	bne.n	20000600 <dcd_rp2040_irq+0xbc>
200005fe:	e171      	b.n	200008e4 <dcd_rp2040_irq+0x3a0>
20000600:	4ba4      	ldr	r3, [pc, #656]	@ (20000894 <dcd_rp2040_irq+0x350>)
20000602:	5ce3      	ldrb	r3, [r4, r3]
20000604:	2b02      	cmp	r3, #2
20000606:	d100      	bne.n	2000060a <dcd_rp2040_irq+0xc6>
20000608:	e1a1      	b.n	2000094e <dcd_rp2040_irq+0x40a>
2000060a:	4ba3      	ldr	r3, [pc, #652]	@ (20000898 <dcd_rp2040_irq+0x354>)
2000060c:	5ce3      	ldrb	r3, [r4, r3]
2000060e:	2b02      	cmp	r3, #2
20000610:	d100      	bne.n	20000614 <dcd_rp2040_irq+0xd0>
20000612:	e17f      	b.n	20000914 <dcd_rp2040_irq+0x3d0>
20000614:	2e00      	cmp	r6, #0
20000616:	d108      	bne.n	2000062a <dcd_rp2040_irq+0xe6>
20000618:	4ba0      	ldr	r3, [pc, #640]	@ (2000089c <dcd_rp2040_irq+0x358>)
2000061a:	781b      	ldrb	r3, [r3, #0]
2000061c:	2b00      	cmp	r3, #0
2000061e:	d104      	bne.n	2000062a <dcd_rp2040_irq+0xe6>
20000620:	2180      	movs	r1, #128	@ 0x80
20000622:	4a9f      	ldr	r2, [pc, #636]	@ (200008a0 <dcd_rp2040_irq+0x35c>)
20000624:	3390      	adds	r3, #144	@ 0x90
20000626:	0289      	lsls	r1, r1, #10
20000628:	50d1      	str	r1, [r2, r3]
2000062a:	22c0      	movs	r2, #192	@ 0xc0
2000062c:	4669      	mov	r1, sp
2000062e:	4b8f      	ldr	r3, [pc, #572]	@ (2000086c <dcd_rp2040_irq+0x328>)
20000630:	0092      	lsls	r2, r2, #2
20000632:	6c9b      	ldr	r3, [r3, #72]	@ 0x48
20000634:	2680      	movs	r6, #128	@ 0x80
20000636:	055b      	lsls	r3, r3, #21
20000638:	808a      	strh	r2, [r1, #4]
2000063a:	0d5b      	lsrs	r3, r3, #21
2000063c:	2101      	movs	r1, #1
2000063e:	a801      	add	r0, sp, #4
20000640:	9302      	str	r3, [sp, #8]
20000642:	f000 fb99 	bl	20000d78 <dcd_event_handler>
20000646:	4c97      	ldr	r4, [pc, #604]	@ (200008a4 <dcd_rp2040_irq+0x360>)
20000648:	02b6      	lsls	r6, r6, #10
2000064a:	06eb      	lsls	r3, r5, #27
2000064c:	d500      	bpl.n	20000650 <dcd_rp2040_irq+0x10c>
2000064e:	e07f      	b.n	20000750 <dcd_rp2040_irq+0x20c>
20000650:	2380      	movs	r3, #128	@ 0x80
20000652:	025b      	lsls	r3, r3, #9
20000654:	421d      	tst	r5, r3
20000656:	d031      	beq.n	200006bc <dcd_rp2040_irq+0x178>
20000658:	431e      	orrs	r6, r3
2000065a:	2301      	movs	r3, #1
2000065c:	2402      	movs	r4, #2
2000065e:	4698      	mov	r8, r3
20000660:	4f84      	ldr	r7, [pc, #528]	@ (20000874 <dcd_rp2040_irq+0x330>)
20000662:	7ebb      	ldrb	r3, [r7, #26]
20000664:	2b00      	cmp	r3, #0
20000666:	d014      	beq.n	20000692 <dcd_rp2040_irq+0x14e>
20000668:	f000 fc9a 	bl	20000fa0 <__rp2040_chip_version_veneer>
2000066c:	2801      	cmp	r0, #1
2000066e:	d900      	bls.n	20000672 <dcd_rp2040_irq+0x12e>
20000670:	e072      	b.n	20000758 <dcd_rp2040_irq+0x214>
20000672:	22c0      	movs	r2, #192	@ 0xc0
20000674:	2100      	movs	r1, #0
20000676:	0038      	movs	r0, r7
20000678:	0192      	lsls	r2, r2, #6
2000067a:	f000 fb01 	bl	20000c80 <_hw_endpoint_buffer_control_update32>
2000067e:	0038      	movs	r0, r7
20000680:	f000 faf8 	bl	20000c74 <hw_endpoint_reset_transfer>
20000684:	f000 fc8c 	bl	20000fa0 <__rp2040_chip_version_veneer>
20000688:	2801      	cmp	r0, #1
2000068a:	d902      	bls.n	20000692 <dcd_rp2040_irq+0x14e>
2000068c:	4b84      	ldr	r3, [pc, #528]	@ (200008a0 <dcd_rp2040_irq+0x35c>)
2000068e:	665c      	str	r4, [r3, #100]	@ 0x64
20000690:	661c      	str	r4, [r3, #96]	@ 0x60
20000692:	4643      	mov	r3, r8
20000694:	70fb      	strb	r3, [r7, #3]
20000696:	3720      	adds	r7, #32
20000698:	2c01      	cmp	r4, #1
2000069a:	d122      	bne.n	200006e2 <dcd_rp2040_irq+0x19e>
2000069c:	23c0      	movs	r3, #192	@ 0xc0
2000069e:	466a      	mov	r2, sp
200006a0:	00db      	lsls	r3, r3, #3
200006a2:	8093      	strh	r3, [r2, #4]
200006a4:	4a80      	ldr	r2, [pc, #512]	@ (200008a8 <dcd_rp2040_irq+0x364>)
200006a6:	ab02      	add	r3, sp, #8
200006a8:	ca03      	ldmia	r2!, {r0, r1}
200006aa:	c303      	stmia	r3!, {r0, r1}
200006ac:	2101      	movs	r1, #1
200006ae:	a801      	add	r0, sp, #4
200006b0:	f000 fb62 	bl	20000d78 <dcd_event_handler>
200006b4:	2280      	movs	r2, #128	@ 0x80
200006b6:	4b7a      	ldr	r3, [pc, #488]	@ (200008a0 <dcd_rp2040_irq+0x35c>)
200006b8:	0292      	lsls	r2, r2, #10
200006ba:	651a      	str	r2, [r3, #80]	@ 0x50
200006bc:	2380      	movs	r3, #128	@ 0x80
200006be:	015b      	lsls	r3, r3, #5
200006c0:	421d      	tst	r5, r3
200006c2:	d110      	bne.n	200006e6 <dcd_rp2040_irq+0x1a2>
200006c4:	2380      	movs	r3, #128	@ 0x80
200006c6:	01db      	lsls	r3, r3, #7
200006c8:	421d      	tst	r5, r3
200006ca:	d123      	bne.n	20000714 <dcd_rp2040_irq+0x1d0>
200006cc:	2380      	movs	r3, #128	@ 0x80
200006ce:	021b      	lsls	r3, r3, #8
200006d0:	421d      	tst	r5, r3
200006d2:	d12f      	bne.n	20000734 <dcd_rp2040_irq+0x1f0>
200006d4:	42ae      	cmp	r6, r5
200006d6:	d000      	beq.n	200006da <dcd_rp2040_irq+0x196>
200006d8:	e1c0      	b.n	20000a5c <dcd_rp2040_irq+0x518>
200006da:	b004      	add	sp, #16
200006dc:	bc80      	pop	{r7}
200006de:	46b8      	mov	r8, r7
200006e0:	bdf0      	pop	{r4, r5, r6, r7, pc}
200006e2:	2401      	movs	r4, #1
200006e4:	e7bd      	b.n	20000662 <dcd_rp2040_irq+0x11e>
200006e6:	2400      	movs	r4, #0
200006e8:	431e      	orrs	r6, r3
200006ea:	4b60      	ldr	r3, [pc, #384]	@ (2000086c <dcd_rp2040_irq+0x328>)
200006ec:	601c      	str	r4, [r3, #0]
200006ee:	f7ff fea5 	bl	2000043c <reset_non_control_endpoints>
200006f2:	2380      	movs	r3, #128	@ 0x80
200006f4:	466a      	mov	r2, sp
200006f6:	005b      	lsls	r3, r3, #1
200006f8:	8093      	strh	r3, [r2, #4]
200006fa:	7214      	strb	r4, [r2, #8]
200006fc:	2101      	movs	r1, #1
200006fe:	a801      	add	r0, sp, #4
20000700:	f000 fb3a 	bl	20000d78 <dcd_event_handler>
20000704:	2280      	movs	r2, #128	@ 0x80
20000706:	4b66      	ldr	r3, [pc, #408]	@ (200008a0 <dcd_rp2040_irq+0x35c>)
20000708:	0312      	lsls	r2, r2, #12
2000070a:	651a      	str	r2, [r3, #80]	@ 0x50
2000070c:	2380      	movs	r3, #128	@ 0x80
2000070e:	01db      	lsls	r3, r3, #7
20000710:	421d      	tst	r5, r3
20000712:	d0db      	beq.n	200006cc <dcd_rp2040_irq+0x188>
20000714:	431e      	orrs	r6, r3
20000716:	2380      	movs	r3, #128	@ 0x80
20000718:	466a      	mov	r2, sp
2000071a:	00db      	lsls	r3, r3, #3
2000071c:	8093      	strh	r3, [r2, #4]
2000071e:	2101      	movs	r1, #1
20000720:	a801      	add	r0, sp, #4
20000722:	f000 fb29 	bl	20000d78 <dcd_event_handler>
20000726:	2210      	movs	r2, #16
20000728:	4b5d      	ldr	r3, [pc, #372]	@ (200008a0 <dcd_rp2040_irq+0x35c>)
2000072a:	651a      	str	r2, [r3, #80]	@ 0x50
2000072c:	2380      	movs	r3, #128	@ 0x80
2000072e:	021b      	lsls	r3, r3, #8
20000730:	421d      	tst	r5, r3
20000732:	d0cf      	beq.n	200006d4 <dcd_rp2040_irq+0x190>
20000734:	431e      	orrs	r6, r3
20000736:	23a0      	movs	r3, #160	@ 0xa0
20000738:	466a      	mov	r2, sp
2000073a:	00db      	lsls	r3, r3, #3
2000073c:	8093      	strh	r3, [r2, #4]
2000073e:	2101      	movs	r1, #1
20000740:	a801      	add	r0, sp, #4
20000742:	f000 fb19 	bl	20000d78 <dcd_event_handler>
20000746:	2280      	movs	r2, #128	@ 0x80
20000748:	4b55      	ldr	r3, [pc, #340]	@ (200008a0 <dcd_rp2040_irq+0x35c>)
2000074a:	0112      	lsls	r2, r2, #4
2000074c:	651a      	str	r2, [r3, #80]	@ 0x50
2000074e:	e7c1      	b.n	200006d4 <dcd_rp2040_irq+0x190>
20000750:	f7ff fea8 	bl	200004a4 <hw_handle_buff_status>
20000754:	0026      	movs	r6, r4
20000756:	e77b      	b.n	20000650 <dcd_rp2040_irq+0x10c>
20000758:	4b54      	ldr	r3, [pc, #336]	@ (200008ac <dcd_rp2040_irq+0x368>)
2000075a:	4a44      	ldr	r2, [pc, #272]	@ (2000086c <dcd_rp2040_irq+0x328>)
2000075c:	661c      	str	r4, [r3, #96]	@ 0x60
2000075e:	6e53      	ldr	r3, [r2, #100]	@ 0x64
20000760:	4023      	ands	r3, r4
20000762:	42a3      	cmp	r3, r4
20000764:	d1fb      	bne.n	2000075e <dcd_rp2040_irq+0x21a>
20000766:	e784      	b.n	20000672 <dcd_rp2040_irq+0x12e>
20000768:	3378      	adds	r3, #120	@ 0x78
2000076a:	5ce7      	ldrb	r7, [r4, r3]
2000076c:	2f00      	cmp	r7, #0
2000076e:	d100      	bne.n	20000772 <dcd_rp2040_irq+0x22e>
20000770:	e706      	b.n	20000580 <dcd_rp2040_irq+0x3c>
20000772:	3302      	adds	r3, #2
20000774:	5ce2      	ldrb	r2, [r4, r3]
20000776:	2a00      	cmp	r2, #0
20000778:	d000      	beq.n	2000077c <dcd_rp2040_irq+0x238>
2000077a:	e10d      	b.n	20000998 <dcd_rp2040_irq+0x454>
2000077c:	003e      	movs	r6, r7
2000077e:	e6ff      	b.n	20000580 <dcd_rp2040_irq+0x3c>
20000780:	33b8      	adds	r3, #184	@ 0xb8
20000782:	5ce7      	ldrb	r7, [r4, r3]
20000784:	2f00      	cmp	r7, #0
20000786:	d100      	bne.n	2000078a <dcd_rp2040_irq+0x246>
20000788:	e6ff      	b.n	2000058a <dcd_rp2040_irq+0x46>
2000078a:	3302      	adds	r3, #2
2000078c:	5ce2      	ldrb	r2, [r4, r3]
2000078e:	2a00      	cmp	r2, #0
20000790:	d000      	beq.n	20000794 <dcd_rp2040_irq+0x250>
20000792:	e0f9      	b.n	20000988 <dcd_rp2040_irq+0x444>
20000794:	003e      	movs	r6, r7
20000796:	e6f8      	b.n	2000058a <dcd_rp2040_irq+0x46>
20000798:	33f8      	adds	r3, #248	@ 0xf8
2000079a:	5ce7      	ldrb	r7, [r4, r3]
2000079c:	2f00      	cmp	r7, #0
2000079e:	d100      	bne.n	200007a2 <dcd_rp2040_irq+0x25e>
200007a0:	e6f8      	b.n	20000594 <dcd_rp2040_irq+0x50>
200007a2:	3302      	adds	r3, #2
200007a4:	5ce2      	ldrb	r2, [r4, r3]
200007a6:	2a00      	cmp	r2, #0
200007a8:	d000      	beq.n	200007ac <dcd_rp2040_irq+0x268>
200007aa:	e141      	b.n	20000a30 <dcd_rp2040_irq+0x4ec>
200007ac:	003e      	movs	r6, r7
200007ae:	e6f1      	b.n	20000594 <dcd_rp2040_irq+0x50>
200007b0:	33f9      	adds	r3, #249	@ 0xf9
200007b2:	33ff      	adds	r3, #255	@ 0xff
200007b4:	5ce7      	ldrb	r7, [r4, r3]
200007b6:	2f00      	cmp	r7, #0
200007b8:	d100      	bne.n	200007bc <dcd_rp2040_irq+0x278>
200007ba:	e703      	b.n	200005c4 <dcd_rp2040_irq+0x80>
200007bc:	3302      	adds	r3, #2
200007be:	5ce2      	ldrb	r2, [r4, r3]
200007c0:	2a00      	cmp	r2, #0
200007c2:	d000      	beq.n	200007c6 <dcd_rp2040_irq+0x282>
200007c4:	e12b      	b.n	20000a1e <dcd_rp2040_irq+0x4da>
200007c6:	003e      	movs	r6, r7
200007c8:	e6fc      	b.n	200005c4 <dcd_rp2040_irq+0x80>
200007ca:	3379      	adds	r3, #121	@ 0x79
200007cc:	33ff      	adds	r3, #255	@ 0xff
200007ce:	5ce7      	ldrb	r7, [r4, r3]
200007d0:	2f00      	cmp	r7, #0
200007d2:	d100      	bne.n	200007d6 <dcd_rp2040_irq+0x292>
200007d4:	e6ea      	b.n	200005ac <dcd_rp2040_irq+0x68>
200007d6:	3302      	adds	r3, #2
200007d8:	5ce2      	ldrb	r2, [r4, r3]
200007da:	2a00      	cmp	r2, #0
200007dc:	d000      	beq.n	200007e0 <dcd_rp2040_irq+0x29c>
200007de:	e115      	b.n	20000a0c <dcd_rp2040_irq+0x4c8>
200007e0:	003e      	movs	r6, r7
200007e2:	e6e3      	b.n	200005ac <dcd_rp2040_irq+0x68>
200007e4:	4b32      	ldr	r3, [pc, #200]	@ (200008b0 <dcd_rp2040_irq+0x36c>)
200007e6:	5ce7      	ldrb	r7, [r4, r3]
200007e8:	2f00      	cmp	r7, #0
200007ea:	d100      	bne.n	200007ee <dcd_rp2040_irq+0x2aa>
200007ec:	e6f4      	b.n	200005d8 <dcd_rp2040_irq+0x94>
200007ee:	3302      	adds	r3, #2
200007f0:	5ce2      	ldrb	r2, [r4, r3]
200007f2:	2a00      	cmp	r2, #0
200007f4:	d000      	beq.n	200007f8 <dcd_rp2040_irq+0x2b4>
200007f6:	e101      	b.n	200009fc <dcd_rp2040_irq+0x4b8>
200007f8:	003e      	movs	r6, r7
200007fa:	e6ed      	b.n	200005d8 <dcd_rp2040_irq+0x94>
200007fc:	3339      	adds	r3, #57	@ 0x39
200007fe:	33ff      	adds	r3, #255	@ 0xff
20000800:	5ce7      	ldrb	r7, [r4, r3]
20000802:	2f00      	cmp	r7, #0
20000804:	d100      	bne.n	20000808 <dcd_rp2040_irq+0x2c4>
20000806:	e6cb      	b.n	200005a0 <dcd_rp2040_irq+0x5c>
20000808:	3302      	adds	r3, #2
2000080a:	5ce2      	ldrb	r2, [r4, r3]
2000080c:	2a00      	cmp	r2, #0
2000080e:	d000      	beq.n	20000812 <dcd_rp2040_irq+0x2ce>
20000810:	e0eb      	b.n	200009ea <dcd_rp2040_irq+0x4a6>
20000812:	003e      	movs	r6, r7
20000814:	e6c4      	b.n	200005a0 <dcd_rp2040_irq+0x5c>
20000816:	3338      	adds	r3, #56	@ 0x38
20000818:	5ce6      	ldrb	r6, [r4, r3]
2000081a:	2e00      	cmp	r6, #0
2000081c:	d100      	bne.n	20000820 <dcd_rp2040_irq+0x2dc>
2000081e:	e6aa      	b.n	20000576 <dcd_rp2040_irq+0x32>
20000820:	3302      	adds	r3, #2
20000822:	5ce2      	ldrb	r2, [r4, r3]
20000824:	2a00      	cmp	r2, #0
20000826:	d100      	bne.n	2000082a <dcd_rp2040_irq+0x2e6>
20000828:	e6a5      	b.n	20000576 <dcd_rp2040_irq+0x32>
2000082a:	0020      	movs	r0, r4
2000082c:	2200      	movs	r2, #0
2000082e:	3020      	adds	r0, #32
20000830:	54e2      	strb	r2, [r4, r3]
20000832:	f000 fa4d 	bl	20000cd0 <hw_endpoint_start_next_buffer>
20000836:	e69e      	b.n	20000576 <dcd_rp2040_irq+0x32>
20000838:	33b9      	adds	r3, #185	@ 0xb9
2000083a:	33ff      	adds	r3, #255	@ 0xff
2000083c:	5ce7      	ldrb	r7, [r4, r3]
2000083e:	2f00      	cmp	r7, #0
20000840:	d100      	bne.n	20000844 <dcd_rp2040_irq+0x300>
20000842:	e6b9      	b.n	200005b8 <dcd_rp2040_irq+0x74>
20000844:	3302      	adds	r3, #2
20000846:	5ce2      	ldrb	r2, [r4, r3]
20000848:	2a00      	cmp	r2, #0
2000084a:	d000      	beq.n	2000084e <dcd_rp2040_irq+0x30a>
2000084c:	e0c4      	b.n	200009d8 <dcd_rp2040_irq+0x494>
2000084e:	003e      	movs	r6, r7
20000850:	e6b2      	b.n	200005b8 <dcd_rp2040_irq+0x74>
20000852:	4b18      	ldr	r3, [pc, #96]	@ (200008b4 <dcd_rp2040_irq+0x370>)
20000854:	5ce7      	ldrb	r7, [r4, r3]
20000856:	2f00      	cmp	r7, #0
20000858:	d100      	bne.n	2000085c <dcd_rp2040_irq+0x318>
2000085a:	e6c7      	b.n	200005ec <dcd_rp2040_irq+0xa8>
2000085c:	3302      	adds	r3, #2
2000085e:	5ce2      	ldrb	r2, [r4, r3]
20000860:	2a00      	cmp	r2, #0
20000862:	d000      	beq.n	20000866 <dcd_rp2040_irq+0x322>
20000864:	e0b0      	b.n	200009c8 <dcd_rp2040_irq+0x484>
20000866:	003e      	movs	r6, r7
20000868:	e6c0      	b.n	200005ec <dcd_rp2040_irq+0xa8>
2000086a:	46c0      	nop			@ (mov r8, r8)
2000086c:	50110000 	.word	0x50110000
20000870:	40054000 	.word	0x40054000
20000874:	20001b3c 	.word	0x20001b3c
20000878:	20001b34 	.word	0x20001b34
2000087c:	0000023b 	.word	0x0000023b
20000880:	0000027b 	.word	0x0000027b
20000884:	000002bb 	.word	0x000002bb
20000888:	000002fb 	.word	0x000002fb
2000088c:	0000033b 	.word	0x0000033b
20000890:	0000037b 	.word	0x0000037b
20000894:	000003bb 	.word	0x000003bb
20000898:	000003fb 	.word	0x000003fb
2000089c:	20001fa2 	.word	0x20001fa2
200008a0:	50113000 	.word	0x50113000
200008a4:	00020010 	.word	0x00020010
200008a8:	50100000 	.word	0x50100000
200008ac:	50112000 	.word	0x50112000
200008b0:	0000027a 	.word	0x0000027a
200008b4:	000002fa 	.word	0x000002fa
200008b8:	4b6b      	ldr	r3, [pc, #428]	@ (20000a68 <dcd_rp2040_irq+0x524>)
200008ba:	5ce7      	ldrb	r7, [r4, r3]
200008bc:	2f00      	cmp	r7, #0
200008be:	d100      	bne.n	200008c2 <dcd_rp2040_irq+0x37e>
200008c0:	e685      	b.n	200005ce <dcd_rp2040_irq+0x8a>
200008c2:	3302      	adds	r3, #2
200008c4:	5ce2      	ldrb	r2, [r4, r3]
200008c6:	2a00      	cmp	r2, #0
200008c8:	d176      	bne.n	200009b8 <dcd_rp2040_irq+0x474>
200008ca:	003e      	movs	r6, r7
200008cc:	e67f      	b.n	200005ce <dcd_rp2040_irq+0x8a>
200008ce:	4b67      	ldr	r3, [pc, #412]	@ (20000a6c <dcd_rp2040_irq+0x528>)
200008d0:	5ce7      	ldrb	r7, [r4, r3]
200008d2:	2f00      	cmp	r7, #0
200008d4:	d100      	bne.n	200008d8 <dcd_rp2040_irq+0x394>
200008d6:	e684      	b.n	200005e2 <dcd_rp2040_irq+0x9e>
200008d8:	3302      	adds	r3, #2
200008da:	5ce2      	ldrb	r2, [r4, r3]
200008dc:	2a00      	cmp	r2, #0
200008de:	d163      	bne.n	200009a8 <dcd_rp2040_irq+0x464>
200008e0:	003e      	movs	r6, r7
200008e2:	e67e      	b.n	200005e2 <dcd_rp2040_irq+0x9e>
200008e4:	4b62      	ldr	r3, [pc, #392]	@ (20000a70 <dcd_rp2040_irq+0x52c>)
200008e6:	5ce7      	ldrb	r7, [r4, r3]
200008e8:	2f00      	cmp	r7, #0
200008ea:	d100      	bne.n	200008ee <dcd_rp2040_irq+0x3aa>
200008ec:	e688      	b.n	20000600 <dcd_rp2040_irq+0xbc>
200008ee:	3302      	adds	r3, #2
200008f0:	5ce2      	ldrb	r2, [r4, r3]
200008f2:	2a00      	cmp	r2, #0
200008f4:	d000      	beq.n	200008f8 <dcd_rp2040_irq+0x3b4>
200008f6:	e0a3      	b.n	20000a40 <dcd_rp2040_irq+0x4fc>
200008f8:	4b5e      	ldr	r3, [pc, #376]	@ (20000a74 <dcd_rp2040_irq+0x530>)
200008fa:	5ce3      	ldrb	r3, [r4, r3]
200008fc:	2b02      	cmp	r3, #2
200008fe:	d130      	bne.n	20000962 <dcd_rp2040_irq+0x41e>
20000900:	4b5d      	ldr	r3, [pc, #372]	@ (20000a78 <dcd_rp2040_irq+0x534>)
20000902:	5ce3      	ldrb	r3, [r4, r3]
20000904:	2b00      	cmp	r3, #0
20000906:	d127      	bne.n	20000958 <dcd_rp2040_irq+0x414>
20000908:	4b5c      	ldr	r3, [pc, #368]	@ (20000a7c <dcd_rp2040_irq+0x538>)
2000090a:	5ce3      	ldrb	r3, [r4, r3]
2000090c:	2b02      	cmp	r3, #2
2000090e:	d000      	beq.n	20000912 <dcd_rp2040_irq+0x3ce>
20000910:	e68b      	b.n	2000062a <dcd_rp2040_irq+0xe6>
20000912:	003e      	movs	r6, r7
20000914:	4b5a      	ldr	r3, [pc, #360]	@ (20000a80 <dcd_rp2040_irq+0x53c>)
20000916:	5ce3      	ldrb	r3, [r4, r3]
20000918:	2b00      	cmp	r3, #0
2000091a:	d100      	bne.n	2000091e <dcd_rp2040_irq+0x3da>
2000091c:	e67a      	b.n	20000614 <dcd_rp2040_irq+0xd0>
2000091e:	23ff      	movs	r3, #255	@ 0xff
20000920:	009b      	lsls	r3, r3, #2
20000922:	5ce2      	ldrb	r2, [r4, r3]
20000924:	2a00      	cmp	r2, #0
20000926:	d100      	bne.n	2000092a <dcd_rp2040_irq+0x3e6>
20000928:	e67f      	b.n	2000062a <dcd_rp2040_irq+0xe6>
2000092a:	2200      	movs	r2, #0
2000092c:	54e2      	strb	r2, [r4, r3]
2000092e:	3b1c      	subs	r3, #28
20000930:	18e0      	adds	r0, r4, r3
20000932:	f000 f9cd 	bl	20000cd0 <hw_endpoint_start_next_buffer>
20000936:	e678      	b.n	2000062a <dcd_rp2040_irq+0xe6>
20000938:	4b52      	ldr	r3, [pc, #328]	@ (20000a84 <dcd_rp2040_irq+0x540>)
2000093a:	5ce7      	ldrb	r7, [r4, r3]
2000093c:	2f00      	cmp	r7, #0
2000093e:	d100      	bne.n	20000942 <dcd_rp2040_irq+0x3fe>
20000940:	e659      	b.n	200005f6 <dcd_rp2040_irq+0xb2>
20000942:	3302      	adds	r3, #2
20000944:	5ce2      	ldrb	r2, [r4, r3]
20000946:	2a00      	cmp	r2, #0
20000948:	d116      	bne.n	20000978 <dcd_rp2040_irq+0x434>
2000094a:	003e      	movs	r6, r7
2000094c:	e653      	b.n	200005f6 <dcd_rp2040_irq+0xb2>
2000094e:	4b4a      	ldr	r3, [pc, #296]	@ (20000a78 <dcd_rp2040_irq+0x534>)
20000950:	5ce3      	ldrb	r3, [r4, r3]
20000952:	2b00      	cmp	r3, #0
20000954:	d100      	bne.n	20000958 <dcd_rp2040_irq+0x414>
20000956:	e658      	b.n	2000060a <dcd_rp2040_irq+0xc6>
20000958:	23ef      	movs	r3, #239	@ 0xef
2000095a:	009b      	lsls	r3, r3, #2
2000095c:	5ce2      	ldrb	r2, [r4, r3]
2000095e:	2a00      	cmp	r2, #0
20000960:	d175      	bne.n	20000a4e <dcd_rp2040_irq+0x50a>
20000962:	4b46      	ldr	r3, [pc, #280]	@ (20000a7c <dcd_rp2040_irq+0x538>)
20000964:	5ce3      	ldrb	r3, [r4, r3]
20000966:	2b02      	cmp	r3, #2
20000968:	d000      	beq.n	2000096c <dcd_rp2040_irq+0x428>
2000096a:	e65e      	b.n	2000062a <dcd_rp2040_irq+0xe6>
2000096c:	4b44      	ldr	r3, [pc, #272]	@ (20000a80 <dcd_rp2040_irq+0x53c>)
2000096e:	5ce3      	ldrb	r3, [r4, r3]
20000970:	2b00      	cmp	r3, #0
20000972:	d100      	bne.n	20000976 <dcd_rp2040_irq+0x432>
20000974:	e659      	b.n	2000062a <dcd_rp2040_irq+0xe6>
20000976:	e7d2      	b.n	2000091e <dcd_rp2040_irq+0x3da>
20000978:	2200      	movs	r2, #0
2000097a:	54e2      	strb	r2, [r4, r3]
2000097c:	3b1c      	subs	r3, #28
2000097e:	18e0      	adds	r0, r4, r3
20000980:	f000 f9a6 	bl	20000cd0 <hw_endpoint_start_next_buffer>
20000984:	003e      	movs	r6, r7
20000986:	e636      	b.n	200005f6 <dcd_rp2040_irq+0xb2>
20000988:	0020      	movs	r0, r4
2000098a:	2200      	movs	r2, #0
2000098c:	30a0      	adds	r0, #160	@ 0xa0
2000098e:	54e2      	strb	r2, [r4, r3]
20000990:	003e      	movs	r6, r7
20000992:	f000 f99d 	bl	20000cd0 <hw_endpoint_start_next_buffer>
20000996:	e5f8      	b.n	2000058a <dcd_rp2040_irq+0x46>
20000998:	0020      	movs	r0, r4
2000099a:	2200      	movs	r2, #0
2000099c:	3060      	adds	r0, #96	@ 0x60
2000099e:	54e2      	strb	r2, [r4, r3]
200009a0:	003e      	movs	r6, r7
200009a2:	f000 f995 	bl	20000cd0 <hw_endpoint_start_next_buffer>
200009a6:	e5eb      	b.n	20000580 <dcd_rp2040_irq+0x3c>
200009a8:	2200      	movs	r2, #0
200009aa:	54e2      	strb	r2, [r4, r3]
200009ac:	3b1c      	subs	r3, #28
200009ae:	18e0      	adds	r0, r4, r3
200009b0:	f000 f98e 	bl	20000cd0 <hw_endpoint_start_next_buffer>
200009b4:	003e      	movs	r6, r7
200009b6:	e614      	b.n	200005e2 <dcd_rp2040_irq+0x9e>
200009b8:	2200      	movs	r2, #0
200009ba:	54e2      	strb	r2, [r4, r3]
200009bc:	3b1c      	subs	r3, #28
200009be:	18e0      	adds	r0, r4, r3
200009c0:	f000 f986 	bl	20000cd0 <hw_endpoint_start_next_buffer>
200009c4:	003e      	movs	r6, r7
200009c6:	e602      	b.n	200005ce <dcd_rp2040_irq+0x8a>
200009c8:	2200      	movs	r2, #0
200009ca:	54e2      	strb	r2, [r4, r3]
200009cc:	3b1c      	subs	r3, #28
200009ce:	18e0      	adds	r0, r4, r3
200009d0:	f000 f97e 	bl	20000cd0 <hw_endpoint_start_next_buffer>
200009d4:	003e      	movs	r6, r7
200009d6:	e609      	b.n	200005ec <dcd_rp2040_irq+0xa8>
200009d8:	0020      	movs	r0, r4
200009da:	2200      	movs	r2, #0
200009dc:	30a1      	adds	r0, #161	@ 0xa1
200009de:	30ff      	adds	r0, #255	@ 0xff
200009e0:	54e2      	strb	r2, [r4, r3]
200009e2:	003e      	movs	r6, r7
200009e4:	f000 f974 	bl	20000cd0 <hw_endpoint_start_next_buffer>
200009e8:	e5e6      	b.n	200005b8 <dcd_rp2040_irq+0x74>
200009ea:	0020      	movs	r0, r4
200009ec:	2200      	movs	r2, #0
200009ee:	3021      	adds	r0, #33	@ 0x21
200009f0:	30ff      	adds	r0, #255	@ 0xff
200009f2:	54e2      	strb	r2, [r4, r3]
200009f4:	003e      	movs	r6, r7
200009f6:	f000 f96b 	bl	20000cd0 <hw_endpoint_start_next_buffer>
200009fa:	e5d1      	b.n	200005a0 <dcd_rp2040_irq+0x5c>
200009fc:	2200      	movs	r2, #0
200009fe:	54e2      	strb	r2, [r4, r3]
20000a00:	3b1c      	subs	r3, #28
20000a02:	18e0      	adds	r0, r4, r3
20000a04:	f000 f964 	bl	20000cd0 <hw_endpoint_start_next_buffer>
20000a08:	003e      	movs	r6, r7
20000a0a:	e5e5      	b.n	200005d8 <dcd_rp2040_irq+0x94>
20000a0c:	0020      	movs	r0, r4
20000a0e:	2200      	movs	r2, #0
20000a10:	3061      	adds	r0, #97	@ 0x61
20000a12:	30ff      	adds	r0, #255	@ 0xff
20000a14:	54e2      	strb	r2, [r4, r3]
20000a16:	003e      	movs	r6, r7
20000a18:	f000 f95a 	bl	20000cd0 <hw_endpoint_start_next_buffer>
20000a1c:	e5c6      	b.n	200005ac <dcd_rp2040_irq+0x68>
20000a1e:	0020      	movs	r0, r4
20000a20:	2200      	movs	r2, #0
20000a22:	30e1      	adds	r0, #225	@ 0xe1
20000a24:	30ff      	adds	r0, #255	@ 0xff
20000a26:	54e2      	strb	r2, [r4, r3]
20000a28:	003e      	movs	r6, r7
20000a2a:	f000 f951 	bl	20000cd0 <hw_endpoint_start_next_buffer>
20000a2e:	e5c9      	b.n	200005c4 <dcd_rp2040_irq+0x80>
20000a30:	0020      	movs	r0, r4
20000a32:	2200      	movs	r2, #0
20000a34:	30e0      	adds	r0, #224	@ 0xe0
20000a36:	54e2      	strb	r2, [r4, r3]
20000a38:	003e      	movs	r6, r7
20000a3a:	f000 f949 	bl	20000cd0 <hw_endpoint_start_next_buffer>
20000a3e:	e5a9      	b.n	20000594 <dcd_rp2040_irq+0x50>
20000a40:	2200      	movs	r2, #0
20000a42:	54e2      	strb	r2, [r4, r3]
20000a44:	3b1c      	subs	r3, #28
20000a46:	18e0      	adds	r0, r4, r3
20000a48:	f000 f942 	bl	20000cd0 <hw_endpoint_start_next_buffer>
20000a4c:	e754      	b.n	200008f8 <dcd_rp2040_irq+0x3b4>
20000a4e:	2200      	movs	r2, #0
20000a50:	54e2      	strb	r2, [r4, r3]
20000a52:	3b1c      	subs	r3, #28
20000a54:	18e0      	adds	r0, r4, r3
20000a56:	f000 f93b 	bl	20000cd0 <hw_endpoint_start_next_buffer>
20000a5a:	e782      	b.n	20000962 <dcd_rp2040_irq+0x41e>
20000a5c:	0031      	movs	r1, r6
20000a5e:	480a      	ldr	r0, [pc, #40]	@ (20000a88 <dcd_rp2040_irq+0x544>)
20000a60:	4069      	eors	r1, r5
20000a62:	f000 faa5 	bl	20000fb0 <__panic_veneer>
20000a66:	46c0      	nop			@ (mov r8, r8)
20000a68:	0000023a 	.word	0x0000023a
20000a6c:	000002ba 	.word	0x000002ba
20000a70:	0000037a 	.word	0x0000037a
20000a74:	000003bb 	.word	0x000003bb
20000a78:	000003ba 	.word	0x000003ba
20000a7c:	000003fb 	.word	0x000003fb
20000a80:	000003fa 	.word	0x000003fa
20000a84:	0000033a 	.word	0x0000033a
20000a88:	10006db0 	.word	0x10006db0

20000a8c <prepare_ep_buffer>:
20000a8c:	b5f0      	push	{r4, r5, r6, r7, lr}
20000a8e:	46c6      	mov	lr, r8
20000a90:	b500      	push	{lr}
20000a92:	0002      	movs	r2, r0
20000a94:	8a83      	ldrh	r3, [r0, #20]
20000a96:	8b00      	ldrh	r0, [r0, #24]
20000a98:	468c      	mov	ip, r1
20000a9a:	1c01      	adds	r1, r0, #0
20000a9c:	4298      	cmp	r0, r3
20000a9e:	d900      	bls.n	20000aa2 <prepare_ep_buffer+0x16>
20000aa0:	1c19      	adds	r1, r3, #0
20000aa2:	78d4      	ldrb	r4, [r2, #3]
20000aa4:	2580      	movs	r5, #128	@ 0x80
20000aa6:	0020      	movs	r0, r4
20000aa8:	1e46      	subs	r6, r0, #1
20000aaa:	41b0      	sbcs	r0, r6
20000aac:	b289      	uxth	r1, r1
20000aae:	00ed      	lsls	r5, r5, #3
20000ab0:	430d      	orrs	r5, r1
20000ab2:	0340      	lsls	r0, r0, #13
20000ab4:	4328      	orrs	r0, r5
20000ab6:	2501      	movs	r5, #1
20000ab8:	406c      	eors	r4, r5
20000aba:	1a5b      	subs	r3, r3, r1
20000abc:	70d4      	strb	r4, [r2, #3]
20000abe:	7854      	ldrb	r4, [r2, #1]
20000ac0:	b29b      	uxth	r3, r3
20000ac2:	8293      	strh	r3, [r2, #20]
20000ac4:	2c00      	cmp	r4, #0
20000ac6:	d131      	bne.n	20000b2c <prepare_ep_buffer+0xa0>
20000ac8:	4664      	mov	r4, ip
20000aca:	68d5      	ldr	r5, [r2, #12]
20000acc:	01a4      	lsls	r4, r4, #6
20000ace:	1e4e      	subs	r6, r1, #1
20000ad0:	192d      	adds	r5, r5, r4
20000ad2:	46b0      	mov	r8, r6
20000ad4:	6914      	ldr	r4, [r2, #16]
20000ad6:	2900      	cmp	r1, #0
20000ad8:	d023      	beq.n	20000b22 <prepare_ep_buffer+0x96>
20000ada:	2e06      	cmp	r6, #6
20000adc:	d932      	bls.n	20000b44 <prepare_ep_buffer+0xb8>
20000ade:	002b      	movs	r3, r5
20000ae0:	4323      	orrs	r3, r4
20000ae2:	079b      	lsls	r3, r3, #30
20000ae4:	d12e      	bne.n	20000b44 <prepare_ep_buffer+0xb8>
20000ae6:	1c63      	adds	r3, r4, #1
20000ae8:	1aeb      	subs	r3, r5, r3
20000aea:	2b02      	cmp	r3, #2
20000aec:	d92a      	bls.n	20000b44 <prepare_ep_buffer+0xb8>
20000aee:	2300      	movs	r3, #0
20000af0:	088f      	lsrs	r7, r1, #2
20000af2:	00bf      	lsls	r7, r7, #2
20000af4:	58e6      	ldr	r6, [r4, r3]
20000af6:	50ee      	str	r6, [r5, r3]
20000af8:	3304      	adds	r3, #4
20000afa:	429f      	cmp	r7, r3
20000afc:	d1fa      	bne.n	20000af4 <prepare_ep_buffer+0x68>
20000afe:	4643      	mov	r3, r8
20000b00:	19ed      	adds	r5, r5, r7
20000b02:	1bdb      	subs	r3, r3, r7
20000b04:	19e4      	adds	r4, r4, r7
20000b06:	42b9      	cmp	r1, r7
20000b08:	d009      	beq.n	20000b1e <prepare_ep_buffer+0x92>
20000b0a:	7826      	ldrb	r6, [r4, #0]
20000b0c:	702e      	strb	r6, [r5, #0]
20000b0e:	2b00      	cmp	r3, #0
20000b10:	d005      	beq.n	20000b1e <prepare_ep_buffer+0x92>
20000b12:	7866      	ldrb	r6, [r4, #1]
20000b14:	706e      	strb	r6, [r5, #1]
20000b16:	2b01      	cmp	r3, #1
20000b18:	d001      	beq.n	20000b1e <prepare_ep_buffer+0x92>
20000b1a:	78a3      	ldrb	r3, [r4, #2]
20000b1c:	70ab      	strb	r3, [r5, #2]
20000b1e:	6914      	ldr	r4, [r2, #16]
20000b20:	8a93      	ldrh	r3, [r2, #20]
20000b22:	1864      	adds	r4, r4, r1
20000b24:	6114      	str	r4, [r2, #16]
20000b26:	2280      	movs	r2, #128	@ 0x80
20000b28:	0212      	lsls	r2, r2, #8
20000b2a:	4310      	orrs	r0, r2
20000b2c:	2b00      	cmp	r3, #0
20000b2e:	d102      	bne.n	20000b36 <prepare_ep_buffer+0xaa>
20000b30:	2380      	movs	r3, #128	@ 0x80
20000b32:	01db      	lsls	r3, r3, #7
20000b34:	4318      	orrs	r0, r3
20000b36:	4663      	mov	r3, ip
20000b38:	2b00      	cmp	r3, #0
20000b3a:	d000      	beq.n	20000b3e <prepare_ep_buffer+0xb2>
20000b3c:	0400      	lsls	r0, r0, #16
20000b3e:	bc80      	pop	{r7}
20000b40:	46b8      	mov	r8, r7
20000b42:	bdf0      	pop	{r4, r5, r6, r7, pc}
20000b44:	2300      	movs	r3, #0
20000b46:	5ce6      	ldrb	r6, [r4, r3]
20000b48:	54ee      	strb	r6, [r5, r3]
20000b4a:	3301      	adds	r3, #1
20000b4c:	4299      	cmp	r1, r3
20000b4e:	d1fa      	bne.n	20000b46 <prepare_ep_buffer+0xba>
20000b50:	e7e5      	b.n	20000b1e <prepare_ep_buffer+0x92>
20000b52:	46c0      	nop			@ (mov r8, r8)

20000b54 <sync_ep_buffer>:
20000b54:	6883      	ldr	r3, [r0, #8]
20000b56:	b5f0      	push	{r4, r5, r6, r7, lr}
20000b58:	681a      	ldr	r2, [r3, #0]
20000b5a:	0004      	movs	r4, r0
20000b5c:	2900      	cmp	r1, #0
20000b5e:	d000      	beq.n	20000b62 <sync_ep_buffer+0xe>
20000b60:	0c12      	lsrs	r2, r2, #16
20000b62:	7863      	ldrb	r3, [r4, #1]
20000b64:	0592      	lsls	r2, r2, #22
20000b66:	0d90      	lsrs	r0, r2, #22
20000b68:	2b00      	cmp	r3, #0
20000b6a:	d108      	bne.n	20000b7e <sync_ep_buffer+0x2a>
20000b6c:	8ae3      	ldrh	r3, [r4, #22]
20000b6e:	18c3      	adds	r3, r0, r3
20000b70:	82e3      	strh	r3, [r4, #22]
20000b72:	8b23      	ldrh	r3, [r4, #24]
20000b74:	4283      	cmp	r3, r0
20000b76:	d901      	bls.n	20000b7c <sync_ep_buffer+0x28>
20000b78:	2300      	movs	r3, #0
20000b7a:	82a3      	strh	r3, [r4, #20]
20000b7c:	bdf0      	pop	{r4, r5, r6, r7, pc}
20000b7e:	68e3      	ldr	r3, [r4, #12]
20000b80:	0189      	lsls	r1, r1, #6
20000b82:	6925      	ldr	r5, [r4, #16]
20000b84:	185e      	adds	r6, r3, r1
20000b86:	1e47      	subs	r7, r0, #1
20000b88:	2800      	cmp	r0, #0
20000b8a:	d022      	beq.n	20000bd2 <sync_ep_buffer+0x7e>
20000b8c:	2f06      	cmp	r7, #6
20000b8e:	d926      	bls.n	20000bde <sync_ep_buffer+0x8a>
20000b90:	3101      	adds	r1, #1
20000b92:	185b      	adds	r3, r3, r1
20000b94:	1aeb      	subs	r3, r5, r3
20000b96:	2b02      	cmp	r3, #2
20000b98:	d921      	bls.n	20000bde <sync_ep_buffer+0x8a>
20000b9a:	002b      	movs	r3, r5
20000b9c:	4333      	orrs	r3, r6
20000b9e:	079b      	lsls	r3, r3, #30
20000ba0:	d11d      	bne.n	20000bde <sync_ep_buffer+0x8a>
20000ba2:	2300      	movs	r3, #0
20000ba4:	0e12      	lsrs	r2, r2, #24
20000ba6:	0092      	lsls	r2, r2, #2
20000ba8:	58f1      	ldr	r1, [r6, r3]
20000baa:	50e9      	str	r1, [r5, r3]
20000bac:	3304      	adds	r3, #4
20000bae:	429a      	cmp	r2, r3
20000bb0:	d1fa      	bne.n	20000ba8 <sync_ep_buffer+0x54>
20000bb2:	1abf      	subs	r7, r7, r2
20000bb4:	18ad      	adds	r5, r5, r2
20000bb6:	18b6      	adds	r6, r6, r2
20000bb8:	4290      	cmp	r0, r2
20000bba:	d009      	beq.n	20000bd0 <sync_ep_buffer+0x7c>
20000bbc:	7832      	ldrb	r2, [r6, #0]
20000bbe:	702a      	strb	r2, [r5, #0]
20000bc0:	2f00      	cmp	r7, #0
20000bc2:	d005      	beq.n	20000bd0 <sync_ep_buffer+0x7c>
20000bc4:	7872      	ldrb	r2, [r6, #1]
20000bc6:	706a      	strb	r2, [r5, #1]
20000bc8:	2f01      	cmp	r7, #1
20000bca:	d001      	beq.n	20000bd0 <sync_ep_buffer+0x7c>
20000bcc:	78b2      	ldrb	r2, [r6, #2]
20000bce:	70aa      	strb	r2, [r5, #2]
20000bd0:	6925      	ldr	r5, [r4, #16]
20000bd2:	8ae3      	ldrh	r3, [r4, #22]
20000bd4:	182d      	adds	r5, r5, r0
20000bd6:	18c3      	adds	r3, r0, r3
20000bd8:	82e3      	strh	r3, [r4, #22]
20000bda:	6125      	str	r5, [r4, #16]
20000bdc:	e7c9      	b.n	20000b72 <sync_ep_buffer+0x1e>
20000bde:	2200      	movs	r2, #0
20000be0:	5cb3      	ldrb	r3, [r6, r2]
20000be2:	54ab      	strb	r3, [r5, r2]
20000be4:	3201      	adds	r2, #1
20000be6:	4290      	cmp	r0, r2
20000be8:	d1fa      	bne.n	20000be0 <sync_ep_buffer+0x8c>
20000bea:	6925      	ldr	r5, [r4, #16]
20000bec:	e7f1      	b.n	20000bd2 <sync_ep_buffer+0x7e>
20000bee:	46c0      	nop			@ (mov r8, r8)

20000bf0 <_hw_endpoint_xfer_sync>:
20000bf0:	b510      	push	{r4, lr}
20000bf2:	0004      	movs	r4, r0
20000bf4:	6883      	ldr	r3, [r0, #8]
20000bf6:	2100      	movs	r1, #0
20000bf8:	681b      	ldr	r3, [r3, #0]
20000bfa:	f7ff ffab 	bl	20000b54 <sync_ep_buffer>
20000bfe:	6863      	ldr	r3, [r4, #4]
20000c00:	681b      	ldr	r3, [r3, #0]
20000c02:	005b      	lsls	r3, r3, #1
20000c04:	d502      	bpl.n	20000c0c <_hw_endpoint_xfer_sync+0x1c>
20000c06:	8b23      	ldrh	r3, [r4, #24]
20000c08:	4283      	cmp	r3, r0
20000c0a:	d000      	beq.n	20000c0e <_hw_endpoint_xfer_sync+0x1e>
20000c0c:	bd10      	pop	{r4, pc}
20000c0e:	2101      	movs	r1, #1
20000c10:	0020      	movs	r0, r4
20000c12:	f7ff ff9f 	bl	20000b54 <sync_ep_buffer>
20000c16:	e7f9      	b.n	20000c0c <_hw_endpoint_xfer_sync+0x1c>

20000c18 <e15_is_bulkin_ep>:
20000c18:	4a08      	ldr	r2, [pc, #32]	@ (20000c3c <e15_is_bulkin_ep+0x24>)
20000c1a:	0003      	movs	r3, r0
20000c1c:	6c12      	ldr	r2, [r2, #64]	@ 0x40
20000c1e:	2000      	movs	r0, #0
20000c20:	0792      	lsls	r2, r2, #30
20000c22:	d403      	bmi.n	20000c2c <e15_is_bulkin_ep+0x14>
20000c24:	789a      	ldrb	r2, [r3, #2]
20000c26:	09d2      	lsrs	r2, r2, #7
20000c28:	2a01      	cmp	r2, #1
20000c2a:	d000      	beq.n	20000c2e <e15_is_bulkin_ep+0x16>
20000c2c:	4770      	bx	lr
20000c2e:	7ed8      	ldrb	r0, [r3, #27]
20000c30:	3802      	subs	r0, #2
20000c32:	4243      	negs	r3, r0
20000c34:	4158      	adcs	r0, r3
20000c36:	b2c0      	uxtb	r0, r0
20000c38:	e7f8      	b.n	20000c2c <e15_is_bulkin_ep+0x14>
20000c3a:	46c0      	nop			@ (mov r8, r8)
20000c3c:	50110000 	.word	0x50110000

20000c40 <e15_is_critical_frame_period>:
20000c40:	b510      	push	{r4, lr}
20000c42:	f7ff ffe9 	bl	20000c18 <e15_is_bulkin_ep>
20000c46:	2800      	cmp	r0, #0
20000c48:	d00c      	beq.n	20000c64 <e15_is_critical_frame_period+0x24>
20000c4a:	4907      	ldr	r1, [pc, #28]	@ (20000c68 <e15_is_critical_frame_period+0x28>)
20000c4c:	4b07      	ldr	r3, [pc, #28]	@ (20000c6c <e15_is_critical_frame_period+0x2c>)
20000c4e:	468c      	mov	ip, r1
20000c50:	4a07      	ldr	r2, [pc, #28]	@ (20000c70 <e15_is_critical_frame_period+0x30>)
20000c52:	6a9b      	ldr	r3, [r3, #40]	@ 0x28
20000c54:	6812      	ldr	r2, [r2, #0]
20000c56:	4463      	add	r3, ip
20000c58:	1a9b      	subs	r3, r3, r2
20000c5a:	2000      	movs	r0, #0
20000c5c:	22c6      	movs	r2, #198	@ 0xc6
20000c5e:	429a      	cmp	r2, r3
20000c60:	4140      	adcs	r0, r0
20000c62:	b2c0      	uxtb	r0, r0
20000c64:	bd10      	pop	{r4, pc}
20000c66:	46c0      	nop			@ (mov r8, r8)
20000c68:	fffffce0 	.word	0xfffffce0
20000c6c:	40054000 	.word	0x40054000
20000c70:	20001b34 	.word	0x20001b34

20000c74 <hw_endpoint_reset_transfer>:
20000c74:	2300      	movs	r3, #0
20000c76:	7683      	strb	r3, [r0, #26]
20000c78:	6143      	str	r3, [r0, #20]
20000c7a:	6103      	str	r3, [r0, #16]
20000c7c:	4770      	bx	lr
20000c7e:	46c0      	nop			@ (mov r8, r8)

20000c80 <_hw_endpoint_buffer_control_update32>:
20000c80:	b510      	push	{r4, lr}
20000c82:	6883      	ldr	r3, [r0, #8]
20000c84:	2900      	cmp	r1, #0
20000c86:	d001      	beq.n	20000c8c <_hw_endpoint_buffer_control_update32+0xc>
20000c88:	681c      	ldr	r4, [r3, #0]
20000c8a:	4021      	ands	r1, r4
20000c8c:	2a00      	cmp	r2, #0
20000c8e:	d012      	beq.n	20000cb6 <_hw_endpoint_buffer_control_update32+0x36>
20000c90:	2480      	movs	r4, #128	@ 0x80
20000c92:	00e4      	lsls	r4, r4, #3
20000c94:	4311      	orrs	r1, r2
20000c96:	4222      	tst	r2, r4
20000c98:	d00d      	beq.n	20000cb6 <_hw_endpoint_buffer_control_update32+0x36>
20000c9a:	681a      	ldr	r2, [r3, #0]
20000c9c:	4222      	tst	r2, r4
20000c9e:	d10c      	bne.n	20000cba <_hw_endpoint_buffer_control_update32+0x3a>
20000ca0:	4a08      	ldr	r2, [pc, #32]	@ (20000cc4 <_hw_endpoint_buffer_control_update32+0x44>)
20000ca2:	400a      	ands	r2, r1
20000ca4:	601a      	str	r2, [r3, #0]
20000ca6:	4a08      	ldr	r2, [pc, #32]	@ (20000cc8 <_hw_endpoint_buffer_control_update32+0x48>)
20000ca8:	6c12      	ldr	r2, [r2, #64]	@ 0x40
20000caa:	0792      	lsls	r2, r2, #30
20000cac:	d403      	bmi.n	20000cb6 <_hw_endpoint_buffer_control_update32+0x36>
20000cae:	230c      	movs	r3, #12
20000cb0:	3b03      	subs	r3, #3
20000cb2:	d2fd      	bcs.n	20000cb0 <_hw_endpoint_buffer_control_update32+0x30>
20000cb4:	6883      	ldr	r3, [r0, #8]
20000cb6:	6019      	str	r1, [r3, #0]
20000cb8:	bd10      	pop	{r4, pc}
20000cba:	7881      	ldrb	r1, [r0, #2]
20000cbc:	4803      	ldr	r0, [pc, #12]	@ (20000ccc <_hw_endpoint_buffer_control_update32+0x4c>)
20000cbe:	f000 f977 	bl	20000fb0 <__panic_veneer>
20000cc2:	46c0      	nop			@ (mov r8, r8)
20000cc4:	fffffbff 	.word	0xfffffbff
20000cc8:	50110000 	.word	0x50110000
20000ccc:	10006dc4 	.word	0x10006dc4

20000cd0 <hw_endpoint_start_next_buffer>:
20000cd0:	6843      	ldr	r3, [r0, #4]
20000cd2:	b570      	push	{r4, r5, r6, lr}
20000cd4:	2100      	movs	r1, #0
20000cd6:	2580      	movs	r5, #128	@ 0x80
20000cd8:	0004      	movs	r4, r0
20000cda:	681e      	ldr	r6, [r3, #0]
20000cdc:	f7ff fed6 	bl	20000a8c <prepare_ep_buffer>
20000ce0:	4b12      	ldr	r3, [pc, #72]	@ (20000d2c <hw_endpoint_start_next_buffer+0x5c>)
20000ce2:	016d      	lsls	r5, r5, #5
20000ce4:	6c1a      	ldr	r2, [r3, #64]	@ 0x40
20000ce6:	4305      	orrs	r5, r0
20000ce8:	78a3      	ldrb	r3, [r4, #2]
20000cea:	0792      	lsls	r2, r2, #30
20000cec:	d50e      	bpl.n	20000d0c <hw_endpoint_start_next_buffer+0x3c>
20000cee:	065b      	lsls	r3, r3, #25
20000cf0:	d00e      	beq.n	20000d10 <hw_endpoint_start_next_buffer+0x40>
20000cf2:	4b0f      	ldr	r3, [pc, #60]	@ (20000d30 <hw_endpoint_start_next_buffer+0x60>)
20000cf4:	401e      	ands	r6, r3
20000cf6:	2380      	movs	r3, #128	@ 0x80
20000cf8:	059b      	lsls	r3, r3, #22
20000cfa:	4333      	orrs	r3, r6
20000cfc:	6862      	ldr	r2, [r4, #4]
20000cfe:	2100      	movs	r1, #0
20000d00:	6013      	str	r3, [r2, #0]
20000d02:	0020      	movs	r0, r4
20000d04:	002a      	movs	r2, r5
20000d06:	f7ff ffbb 	bl	20000c80 <_hw_endpoint_buffer_control_update32>
20000d0a:	bd70      	pop	{r4, r5, r6, pc}
20000d0c:	09db      	lsrs	r3, r3, #7
20000d0e:	d0f0      	beq.n	20000cf2 <hw_endpoint_start_next_buffer+0x22>
20000d10:	8aa3      	ldrh	r3, [r4, #20]
20000d12:	2b00      	cmp	r3, #0
20000d14:	d0ed      	beq.n	20000cf2 <hw_endpoint_start_next_buffer+0x22>
20000d16:	2101      	movs	r1, #1
20000d18:	0020      	movs	r0, r4
20000d1a:	f7ff feb7 	bl	20000a8c <prepare_ep_buffer>
20000d1e:	23a0      	movs	r3, #160	@ 0xa0
20000d20:	4a04      	ldr	r2, [pc, #16]	@ (20000d34 <hw_endpoint_start_next_buffer+0x64>)
20000d22:	05db      	lsls	r3, r3, #23
20000d24:	4032      	ands	r2, r6
20000d26:	4305      	orrs	r5, r0
20000d28:	4313      	orrs	r3, r2
20000d2a:	e7e7      	b.n	20000cfc <hw_endpoint_start_next_buffer+0x2c>
20000d2c:	50110000 	.word	0x50110000
20000d30:	afffffff 	.word	0xafffffff
20000d34:	dfffffff 	.word	0xdfffffff

20000d38 <hw_endpoint_xfer_continue>:
20000d38:	b570      	push	{r4, r5, r6, lr}
20000d3a:	7e85      	ldrb	r5, [r0, #26]
20000d3c:	0004      	movs	r4, r0
20000d3e:	2d00      	cmp	r5, #0
20000d40:	d014      	beq.n	20000d6c <hw_endpoint_xfer_continue+0x34>
20000d42:	f7ff ff55 	bl	20000bf0 <_hw_endpoint_xfer_sync>
20000d46:	8aa3      	ldrh	r3, [r4, #20]
20000d48:	2b00      	cmp	r3, #0
20000d4a:	d101      	bne.n	20000d50 <hw_endpoint_xfer_continue+0x18>
20000d4c:	0028      	movs	r0, r5
20000d4e:	bd70      	pop	{r4, r5, r6, pc}
20000d50:	0020      	movs	r0, r4
20000d52:	f7ff ff75 	bl	20000c40 <e15_is_critical_frame_period>
20000d56:	2800      	cmp	r0, #0
20000d58:	d003      	beq.n	20000d62 <hw_endpoint_xfer_continue+0x2a>
20000d5a:	2301      	movs	r3, #1
20000d5c:	2500      	movs	r5, #0
20000d5e:	7723      	strb	r3, [r4, #28]
20000d60:	e7f4      	b.n	20000d4c <hw_endpoint_xfer_continue+0x14>
20000d62:	0020      	movs	r0, r4
20000d64:	f7ff ffb4 	bl	20000cd0 <hw_endpoint_start_next_buffer>
20000d68:	2500      	movs	r5, #0
20000d6a:	e7ef      	b.n	20000d4c <hw_endpoint_xfer_continue+0x14>
20000d6c:	7881      	ldrb	r1, [r0, #2]
20000d6e:	4801      	ldr	r0, [pc, #4]	@ (20000d74 <hw_endpoint_xfer_continue+0x3c>)
20000d70:	f000 f91e 	bl	20000fb0 <__panic_veneer>
20000d74:	10006de4 	.word	0x10006de4

20000d78 <dcd_event_handler>:
20000d78:	b5f0      	push	{r4, r5, r6, r7, lr}
20000d7a:	46ce      	mov	lr, r9
20000d7c:	4647      	mov	r7, r8
20000d7e:	b580      	push	{r7, lr}
20000d80:	7843      	ldrb	r3, [r0, #1]
20000d82:	0005      	movs	r5, r0
20000d84:	000e      	movs	r6, r1
20000d86:	b085      	sub	sp, #20
20000d88:	2b06      	cmp	r3, #6
20000d8a:	d808      	bhi.n	20000d9e <dcd_event_handler+0x26>
20000d8c:	4a6c      	ldr	r2, [pc, #432]	@ (20000f40 <dcd_event_handler+0x1c8>)
20000d8e:	009b      	lsls	r3, r3, #2
20000d90:	58d3      	ldr	r3, [r2, r3]
20000d92:	469f      	mov	pc, r3
20000d94:	4a6b      	ldr	r2, [pc, #428]	@ (20000f44 <dcd_event_handler+0x1cc>)
20000d96:	7813      	ldrb	r3, [r2, #0]
20000d98:	3301      	adds	r3, #1
20000d9a:	b2db      	uxtb	r3, r3
20000d9c:	7013      	strb	r3, [r2, #0]
20000d9e:	4b6a      	ldr	r3, [pc, #424]	@ (20000f48 <dcd_event_handler+0x1d0>)
20000da0:	681c      	ldr	r4, [r3, #0]
20000da2:	6962      	ldr	r2, [r4, #20]
20000da4:	f3ef 8110 	mrs	r1, PRIMASK
20000da8:	b672      	cpsid	i
20000daa:	6813      	ldr	r3, [r2, #0]
20000dac:	2b00      	cmp	r3, #0
20000dae:	d0fc      	beq.n	20000daa <dcd_event_handler+0x32>
20000db0:	f3bf 8f5f 	dmb	sy
20000db4:	61a1      	str	r1, [r4, #24]
20000db6:	0020      	movs	r0, r4
20000db8:	0029      	movs	r1, r5
20000dba:	f000 f8e9 	bl	20000f90 <__tu_fifo_write_veneer>
20000dbe:	6962      	ldr	r2, [r4, #20]
20000dc0:	69a3      	ldr	r3, [r4, #24]
20000dc2:	f3bf 8f5f 	dmb	sy
20000dc6:	2100      	movs	r1, #0
20000dc8:	6011      	str	r1, [r2, #0]
20000dca:	f383 8810 	msr	PRIMASK, r3
20000dce:	2800      	cmp	r0, #0
20000dd0:	d104      	bne.n	20000ddc <dcd_event_handler+0x64>
20000dd2:	b005      	add	sp, #20
20000dd4:	bcc0      	pop	{r6, r7}
20000dd6:	46b9      	mov	r9, r7
20000dd8:	46b0      	mov	r8, r6
20000dda:	bdf0      	pop	{r4, r5, r6, r7, pc}
20000ddc:	0032      	movs	r2, r6
20000dde:	7869      	ldrb	r1, [r5, #1]
20000de0:	7828      	ldrb	r0, [r5, #0]
20000de2:	f000 f8bd 	bl	20000f60 <__tud_event_hook_cb_veneer>
20000de6:	e7f4      	b.n	20000dd2 <dcd_event_handler+0x5a>
20000de8:	2101      	movs	r1, #1
20000dea:	4b58      	ldr	r3, [pc, #352]	@ (20000f4c <dcd_event_handler+0x1d4>)
20000dec:	781a      	ldrb	r2, [r3, #0]
20000dee:	438a      	bics	r2, r1
20000df0:	701a      	strb	r2, [r3, #0]
20000df2:	781a      	ldrb	r2, [r3, #0]
20000df4:	3101      	adds	r1, #1
20000df6:	438a      	bics	r2, r1
20000df8:	701a      	strb	r2, [r3, #0]
20000dfa:	2200      	movs	r2, #0
20000dfc:	705a      	strb	r2, [r3, #1]
20000dfe:	781a      	ldrb	r2, [r3, #0]
20000e00:	3102      	adds	r1, #2
20000e02:	438a      	bics	r2, r1
20000e04:	701a      	strb	r2, [r3, #0]
20000e06:	e7ca      	b.n	20000d9e <dcd_event_handler+0x26>
20000e08:	4951      	ldr	r1, [pc, #324]	@ (20000f50 <dcd_event_handler+0x1d8>)
20000e0a:	4f52      	ldr	r7, [pc, #328]	@ (20000f54 <dcd_event_handler+0x1dc>)
20000e0c:	4689      	mov	r9, r1
20000e0e:	4952      	ldr	r1, [pc, #328]	@ (20000f58 <dcd_event_handler+0x1e0>)
20000e10:	2400      	movs	r4, #0
20000e12:	2300      	movs	r3, #0
20000e14:	4688      	mov	r8, r1
20000e16:	783a      	ldrb	r2, [r7, #0]
20000e18:	e012      	b.n	20000e40 <dcd_event_handler+0xc8>
20000e1a:	4643      	mov	r3, r8
20000e1c:	681b      	ldr	r3, [r3, #0]
20000e1e:	0161      	lsls	r1, r4, #5
20000e20:	185b      	adds	r3, r3, r1
20000e22:	2b00      	cmp	r3, #0
20000e24:	d006      	beq.n	20000e34 <dcd_event_handler+0xbc>
20000e26:	69db      	ldr	r3, [r3, #28]
20000e28:	2b00      	cmp	r3, #0
20000e2a:	d003      	beq.n	20000e34 <dcd_event_handler+0xbc>
20000e2c:	6869      	ldr	r1, [r5, #4]
20000e2e:	7828      	ldrb	r0, [r5, #0]
20000e30:	4798      	blx	r3
20000e32:	783a      	ldrb	r2, [r7, #0]
20000e34:	3401      	adds	r4, #1
20000e36:	b2e4      	uxtb	r4, r4
20000e38:	1c51      	adds	r1, r2, #1
20000e3a:	0023      	movs	r3, r4
20000e3c:	42a1      	cmp	r1, r4
20000e3e:	db17      	blt.n	20000e70 <dcd_event_handler+0xf8>
20000e40:	42a2      	cmp	r2, r4
20000e42:	d8ea      	bhi.n	20000e1a <dcd_event_handler+0xa2>
20000e44:	1a9b      	subs	r3, r3, r2
20000e46:	015b      	lsls	r3, r3, #5
20000e48:	444b      	add	r3, r9
20000e4a:	e7ec      	b.n	20000e26 <dcd_event_handler+0xae>
20000e4c:	4b3f      	ldr	r3, [pc, #252]	@ (20000f4c <dcd_event_handler+0x1d4>)
20000e4e:	781a      	ldrb	r2, [r3, #0]
20000e50:	07d2      	lsls	r2, r2, #31
20000e52:	d5be      	bpl.n	20000dd2 <dcd_event_handler+0x5a>
20000e54:	2104      	movs	r1, #4
20000e56:	781a      	ldrb	r2, [r3, #0]
20000e58:	430a      	orrs	r2, r1
20000e5a:	701a      	strb	r2, [r3, #0]
20000e5c:	e79f      	b.n	20000d9e <dcd_event_handler+0x26>
20000e5e:	4b3b      	ldr	r3, [pc, #236]	@ (20000f4c <dcd_event_handler+0x1d4>)
20000e60:	781a      	ldrb	r2, [r3, #0]
20000e62:	07d2      	lsls	r2, r2, #31
20000e64:	d5b5      	bpl.n	20000dd2 <dcd_event_handler+0x5a>
20000e66:	2104      	movs	r1, #4
20000e68:	781a      	ldrb	r2, [r3, #0]
20000e6a:	438a      	bics	r2, r1
20000e6c:	701a      	strb	r2, [r3, #0]
20000e6e:	e796      	b.n	20000d9e <dcd_event_handler+0x26>
20000e70:	4f36      	ldr	r7, [pc, #216]	@ (20000f4c <dcd_event_handler+0x1d4>)
20000e72:	783b      	ldrb	r3, [r7, #0]
20000e74:	075b      	lsls	r3, r3, #29
20000e76:	d52b      	bpl.n	20000ed0 <dcd_event_handler+0x158>
20000e78:	2204      	movs	r2, #4
20000e7a:	783b      	ldrb	r3, [r7, #0]
20000e7c:	2100      	movs	r1, #0
20000e7e:	4393      	bics	r3, r2
20000e80:	703b      	strb	r3, [r7, #0]
20000e82:	466b      	mov	r3, sp
20000e84:	3206      	adds	r2, #6
20000e86:	1d98      	adds	r0, r3, #6
20000e88:	f000 f87a 	bl	20000f80 <____wrap_memset_veneer>
20000e8c:	782b      	ldrb	r3, [r5, #0]
20000e8e:	ac01      	add	r4, sp, #4
20000e90:	7023      	strb	r3, [r4, #0]
20000e92:	2305      	movs	r3, #5
20000e94:	7063      	strb	r3, [r4, #1]
20000e96:	4b2c      	ldr	r3, [pc, #176]	@ (20000f48 <dcd_event_handler+0x1d0>)
20000e98:	681b      	ldr	r3, [r3, #0]
20000e9a:	4698      	mov	r8, r3
20000e9c:	695a      	ldr	r2, [r3, #20]
20000e9e:	f3ef 8110 	mrs	r1, PRIMASK
20000ea2:	b672      	cpsid	i
20000ea4:	6813      	ldr	r3, [r2, #0]
20000ea6:	2b00      	cmp	r3, #0
20000ea8:	d0fc      	beq.n	20000ea4 <dcd_event_handler+0x12c>
20000eaa:	f3bf 8f5f 	dmb	sy
20000eae:	4643      	mov	r3, r8
20000eb0:	4640      	mov	r0, r8
20000eb2:	6199      	str	r1, [r3, #24]
20000eb4:	0021      	movs	r1, r4
20000eb6:	f000 f86b 	bl	20000f90 <__tu_fifo_write_veneer>
20000eba:	4643      	mov	r3, r8
20000ebc:	695a      	ldr	r2, [r3, #20]
20000ebe:	699b      	ldr	r3, [r3, #24]
20000ec0:	f3bf 8f5f 	dmb	sy
20000ec4:	2100      	movs	r1, #0
20000ec6:	6011      	str	r1, [r2, #0]
20000ec8:	f383 8810 	msr	PRIMASK, r3
20000ecc:	2800      	cmp	r0, #0
20000ece:	d131      	bne.n	20000f34 <dcd_event_handler+0x1bc>
20000ed0:	78fb      	ldrb	r3, [r7, #3]
20000ed2:	07db      	lsls	r3, r3, #31
20000ed4:	d400      	bmi.n	20000ed8 <dcd_event_handler+0x160>
20000ed6:	e77c      	b.n	20000dd2 <dcd_event_handler+0x5a>
20000ed8:	466b      	mov	r3, sp
20000eda:	220a      	movs	r2, #10
20000edc:	2100      	movs	r1, #0
20000ede:	1d98      	adds	r0, r3, #6
20000ee0:	f000 f84e 	bl	20000f80 <____wrap_memset_veneer>
20000ee4:	782b      	ldrb	r3, [r5, #0]
20000ee6:	ac01      	add	r4, sp, #4
20000ee8:	7023      	strb	r3, [r4, #0]
20000eea:	2303      	movs	r3, #3
20000eec:	7063      	strb	r3, [r4, #1]
20000eee:	686b      	ldr	r3, [r5, #4]
20000ef0:	6063      	str	r3, [r4, #4]
20000ef2:	4b15      	ldr	r3, [pc, #84]	@ (20000f48 <dcd_event_handler+0x1d0>)
20000ef4:	681d      	ldr	r5, [r3, #0]
20000ef6:	696a      	ldr	r2, [r5, #20]
20000ef8:	f3ef 8110 	mrs	r1, PRIMASK
20000efc:	b672      	cpsid	i
20000efe:	6813      	ldr	r3, [r2, #0]
20000f00:	2b00      	cmp	r3, #0
20000f02:	d0fc      	beq.n	20000efe <dcd_event_handler+0x186>
20000f04:	f3bf 8f5f 	dmb	sy
20000f08:	61a9      	str	r1, [r5, #24]
20000f0a:	0028      	movs	r0, r5
20000f0c:	0021      	movs	r1, r4
20000f0e:	f000 f83f 	bl	20000f90 <__tu_fifo_write_veneer>
20000f12:	696a      	ldr	r2, [r5, #20]
20000f14:	69ab      	ldr	r3, [r5, #24]
20000f16:	f3bf 8f5f 	dmb	sy
20000f1a:	2100      	movs	r1, #0
20000f1c:	6011      	str	r1, [r2, #0]
20000f1e:	f383 8810 	msr	PRIMASK, r3
20000f22:	2800      	cmp	r0, #0
20000f24:	d100      	bne.n	20000f28 <dcd_event_handler+0x1b0>
20000f26:	e754      	b.n	20000dd2 <dcd_event_handler+0x5a>
20000f28:	0032      	movs	r2, r6
20000f2a:	7861      	ldrb	r1, [r4, #1]
20000f2c:	7820      	ldrb	r0, [r4, #0]
20000f2e:	f000 f817 	bl	20000f60 <__tud_event_hook_cb_veneer>
20000f32:	e74e      	b.n	20000dd2 <dcd_event_handler+0x5a>
20000f34:	0032      	movs	r2, r6
20000f36:	7861      	ldrb	r1, [r4, #1]
20000f38:	7820      	ldrb	r0, [r4, #0]
20000f3a:	f000 f811 	bl	20000f60 <__tud_event_hook_cb_veneer>
20000f3e:	e7c7      	b.n	20000ed0 <dcd_event_handler+0x158>
20000f40:	10007260 	.word	0x10007260
20000f44:	20001fa3 	.word	0x20001fa3
20000f48:	20001640 	.word	0x20001640
20000f4c:	200015e8 	.word	0x200015e8
20000f50:	1000727c 	.word	0x1000727c
20000f54:	20001fa1 	.word	0x20001fa1
20000f58:	20001438 	.word	0x20001438

20000f5c <__aeabi_idiv0>:
20000f5c:	4770      	bx	lr
20000f5e:	46c0      	nop			@ (mov r8, r8)

20000f60 <__tud_event_hook_cb_veneer>:
20000f60:	b401      	push	{r0}
20000f62:	4802      	ldr	r0, [pc, #8]	@ (20000f6c <__tud_event_hook_cb_veneer+0xc>)
20000f64:	4684      	mov	ip, r0
20000f66:	bc01      	pop	{r0}
20000f68:	4760      	bx	ip
20000f6a:	bf00      	nop
20000f6c:	10004db1 	.word	0x10004db1

20000f70 <__best_effort_wfe_or_timeout_veneer>:
20000f70:	b401      	push	{r0}
20000f72:	4802      	ldr	r0, [pc, #8]	@ (20000f7c <__best_effort_wfe_or_timeout_veneer+0xc>)
20000f74:	4684      	mov	ip, r0
20000f76:	bc01      	pop	{r0}
20000f78:	4760      	bx	ip
20000f7a:	bf00      	nop
20000f7c:	100010ad 	.word	0x100010ad

20000f80 <____wrap_memset_veneer>:
20000f80:	b401      	push	{r0}
20000f82:	4802      	ldr	r0, [pc, #8]	@ (20000f8c <____wrap_memset_veneer+0xc>)
20000f84:	4684      	mov	ip, r0
20000f86:	bc01      	pop	{r0}
20000f88:	4760      	bx	ip
20000f8a:	bf00      	nop
20000f8c:	100025bd 	.word	0x100025bd

20000f90 <__tu_fifo_write_veneer>:
20000f90:	b401      	push	{r0}
20000f92:	4802      	ldr	r0, [pc, #8]	@ (20000f9c <__tu_fifo_write_veneer+0xc>)
20000f94:	4684      	mov	ip, r0
20000f96:	bc01      	pop	{r0}
20000f98:	4760      	bx	ip
20000f9a:	bf00      	nop
20000f9c:	10006811 	.word	0x10006811

20000fa0 <__rp2040_chip_version_veneer>:
20000fa0:	b401      	push	{r0}
20000fa2:	4802      	ldr	r0, [pc, #8]	@ (20000fac <__rp2040_chip_version_veneer+0xc>)
20000fa4:	4684      	mov	ip, r0
20000fa6:	bc01      	pop	{r0}
20000fa8:	4760      	bx	ip
20000faa:	bf00      	nop
20000fac:	100003dd 	.word	0x100003dd

20000fb0 <__panic_veneer>:
20000fb0:	b401      	push	{r0}
20000fb2:	4802      	ldr	r0, [pc, #8]	@ (20000fbc <__panic_veneer+0xc>)
20000fb4:	4684      	mov	ip, r0
20000fb6:	bc01      	pop	{r0}
20000fb8:	4760      	bx	ip
20000fba:	bf00      	nop
20000fbc:	100003e9 	.word	0x100003e9

20000fc0 <____wrap___aeabi_lmul_veneer>:
20000fc0:	b401      	push	{r0}
20000fc2:	4802      	ldr	r0, [pc, #8]	@ (20000fcc <____wrap___aeabi_lmul_veneer+0xc>)
20000fc4:	4684      	mov	ip, r0
20000fc6:	bc01      	pop	{r0}
20000fc8:	4760      	bx	ip
20000fca:	bf00      	nop
20000fcc:	100024e9 	.word	0x100024e9

20000fd0 <__time_us_64_veneer>:
20000fd0:	b401      	push	{r0}
20000fd2:	4802      	ldr	r0, [pc, #8]	@ (20000fdc <__time_us_64_veneer+0xc>)
20000fd4:	4684      	mov	ip, r0
20000fd6:	bc01      	pop	{r0}
20000fd8:	4760      	bx	ip
20000fda:	bf00      	nop
20000fdc:	100011dd 	.word	0x100011dd

20000fe0 <striped_spin_lock_num>:
20000fe0:	00000010                                ....

20000fe4 <irq_handler_chain_slots>:
20000fe4:	00000000 	.word	0x00000000
20000fe8:	00010000 	.word	0x00010000
	...
20000ff4:	00020000 	.word	0x00020000
	...
20001000:	00030000 	.word	0x00030000
	...
2000100c:	00ff0000 	.word	0x00ff0000
20001010:	00000000 	.word	0x00000000

20001014 <irq_handler_chain_first_slot>:
20001014:	b501      	push	{r0, lr}
20001016:	6848      	ldr	r0, [r1, #4]
20001018:	3101      	adds	r1, #1
2000101a:	468e      	mov	lr, r1
2000101c:	4700      	bx	r0

2000101e <irq_handler_chain_remove_tail>:
2000101e:	4670      	mov	r0, lr
20001020:	3809      	subs	r0, #9
20001022:	4901      	ldr	r1, [pc, #4]	@ (20001028 <irq_handler_chain_remove_tail+0xa>)
20001024:	4788      	blx	r1
20001026:	bd01      	pop	{r0, pc}
20001028:	10000819 	.word	0x10000819

2000102c <default_alarm_pool>:
	...
20001040:	200010b0 00000000 00000000 00000000     ... ............

20001050 <aeabi_bits_funcs>:
20001050:	00003350 	.word	0x00003350
20001054:	0000334c 	.word	0x0000334c
20001058:	00003354 	.word	0x00003354
2000105c:	00003352 	.word	0x00003352

20001060 <aeabi_bits_funcs_end>:
20001060:	0000534d 	.word	0x0000534d
20001064:	0000434d 	.word	0x0000434d
20001068:	00003453 	.word	0x00003453
2000106c:	00003443 	.word	0x00003443

20001070 <stdio_usb>:
20001070:	10004571 10004525 10004499 10004411     qE..%E...D...D..
20001080:	00000000 00000100                       ........

20001088 <_usbd_qdef>:
20001088:	20001644 000c0010 00000000 00000000     D.. ............
	...

200010a4 <_usbd_rhport>:
200010a4:	000000ff                                ....

200010a8 <print_mutex>:
	...
